"Marital_status","Course","Daytime_evening_attendance","Previous_qualification","Previous_qualification_grade","Nacionality","Mother_s_occupation","Father_s_occupation","Admission_grade","Displaced","Educational_special_needs","Gender","Scholarship_holder","Age_at_enrollment","International","Unemployment_rate","Inflation_rate","GDP","Target","PAM_1500"
"1","171","1",1,122,"1","5","9",127.3,"1","0","1","0",20,"0",10.8,1.4,1.74,"Dropout",1
"1","9254","1",1,160,"1","3","3",142.5,"1","0","1","0",19,"0",13.9,-0.3,0.79,"Graduate",2
"1","9070","1",1,122,"1","9","9",124.8,"1","0","1","0",19,"0",10.8,1.4,1.74,"Dropout",NA
"1","9773","1",1,122,"1","5","3",119.6,"1","0","0","0",20,"0",9.4,-0.8,-3.12,"Graduate",1
"2","8014","0",1,100,"1","9","9",141.5,"0","0","0","0",45,"0",13.9,-0.3,0.79,"Graduate",NA
"2","9991","0",19,133.1,"1","9",NA,114.8,"0","0","1","0",50,"0",16.2,0.3,-0.92,"Graduate",NA
"1","9500","1",1,142,"1",NA,"10",128.4,"1","0","0","1",18,"0",15.5,2.8,-4.06,"Graduate",NA
"1","9254","1",1,119,"1","9","9",113.1,"1","0","1","0",22,"0",15.5,2.8,-4.06,"Dropout",NA
"1","9238","1",1,137,"62","9","9",129.3,"0","0","0","1",21,"1",16.2,0.3,-0.92,"Graduate",2
"1","9238","1",1,138,"1","4",NA,123,"1","0","0","0",18,"0",8.9,1.4,3.51,"Dropout",NA
"1","9670","1",1,139,"1","5",NA,130.6,"1","0","0","0",18,"0",13.9,-0.3,0.79,"Graduate",NA
"1","9500","1",1,136,"1","9","9",119.3,"1","0","0","1",18,"0",12.7,3.7,-1.7,"Graduate",NA
"1","9853","1",1,133,"1","4","9",130.2,"1","0","0","0",19,"0",12.7,3.7,-1.7,"Dropout",NA
"1","9254","1",42,110,"1","4",NA,111.8,"1","0","0","1",21,"0",8.9,1.4,3.51,"Graduate",NA
"1","9085","1",1,149,"1","5","5",137.1,"1","0","0","1",18,"0",10.8,1.4,1.74,"Graduate",NA
"1","9773","1",1,127,"1","9","3",120.7,"1","0","0","0",20,"0",15.5,2.8,-4.06,"Dropout",NA
"1","9238","1",1,137,"1","5",NA,137.4,"1","0","0","0",18,"0",10.8,1.4,1.74,"Enrolled",1
"1","9500","1",1,135,"1","5","4",127.3,"1","0","0","0",18,"0",15.5,2.8,-4.06,"Graduate",1
"1","9130","1",1,137,"1","3","5",136.3,"1","0","0","0",20,"0",10.8,1.4,1.74,"Graduate",NA
"1","9853","1",1,140,"1",NA,NA,124.6,"1","0","0","0",18,"0",16.2,0.3,-0.92,"Enrolled",NA
"1","171","1",1,122,"1","9",NA,120.3,"0","0","0","1",21,"0",11.1,0.6,2.02,"Graduate",NA
"1","9556","1",1,127,"1","4",NA,121.8,"1","0","0","0",20,"0",12.7,3.7,-1.7,"Enrolled",NA
"1","9500","1",1,142,"1","1","1",125.5,"1","0","0","0",18,"0",12.7,3.7,-1.7,"Graduate",NA
"1","9670","1",1,125,"1","4",NA,114.9,"1","0","0","1",19,"0",11.1,0.6,2.02,"Graduate",NA
"1","9500","1",1,126,"1","3",NA,123.9,"0","0","0","0",19,"0",11.1,0.6,2.02,"Graduate",NA
"1","9238","1",1,151,"1","9","9",157,"1","0","0","1",18,"0",7.6,2.6,0.32,"Enrolled",NA
"1","9238","1",1,115,"1",NA,NA,116.4,"1","0","0","0",21,"0",16.2,0.3,-0.92,"Graduate",1
"1","9085","1",1,138,"1","3","3",131,"1","0","0","0",18,"0",9.4,-0.8,-3.12,"Enrolled",NA
"1","9147","1",1,135,"1","9","9",122.1,"1","0","0","0",20,"0",16.2,0.3,-0.92,"Graduate",NA
"1","9500","1",1,127,"1","1","10",118.8,"1","0","1","0",19,"0",16.2,0.3,-0.92,"Enrolled",NA
"1","9003","1",39,150,"1","4","2",150,"0","0","1","0",21,"0",16.2,0.3,-0.92,"Enrolled",2
"1","9070","1",1,125,"1",NA,NA,130,"1","0","1","0",20,"0",8.9,1.4,3.51,"Graduate",NA
"1","9147","1",1,143,"1","4","6",138.8,"0","0","1","0",18,"0",8.9,1.4,3.51,"Enrolled",NA
"1","8014","0",1,138,"1","9","5",134.5,"1","0","0","0",19,"0",12.4,0.5,1.79,"Graduate",NA
"1","9991","0",1,130,"1","3","9",131.4,"0","0","1","0",34,"0",13.9,-0.3,0.79,"Graduate",2
"1","33","1",1,130,"1","9","6",102.5,"0","0","1","0",37,"0",8.9,1.4,3.51,"Dropout",NA
"1","9119","1",10,133.1,"1",NA,NA,128.8,"1","0","1","0",43,"0",7.6,2.6,0.32,"Dropout",1
"1","9147","1",1,140,"1","6","6",122.9,"0","0","0","0",55,"0",16.2,0.3,-0.92,"Dropout",NA
"4","9991","0",1,120,"1","9","3",113.9,"1","0","0","0",39,"0",7.6,2.6,0.32,"Graduate",1
"1","9130","1",39,120,"6","3","6",120,"0","0","0","0",20,"1",12.4,0.5,1.79,"Dropout",NA
"1","9773","1",1,126,"1","2","2",121.1,"0","0","0","0",18,"0",12.7,3.7,-1.7,"Dropout",1
"1","9147","1",1,133,"1","2",NA,120.4,"1","0","0","0",22,"0",8.9,1.4,3.51,"Graduate",NA
"1","9500","1",1,103,"1","2","2",100.6,"1","1","0","0",22,"0",11.1,0.6,2.02,"Graduate",NA
"1","9773","1",1,120,"1","5","5",121.4,"0","0","0","0",20,"0",12.4,0.5,1.79,"Dropout",1
"1","9991","0",1,133.1,"1","9","9",109.7,"0","0","0","0",29,"0",16.2,0.3,-0.92,"Dropout",2
"1","9991","0",1,154,"1","4","5",134.1,"0","0","0","0",24,"0",7.6,2.6,0.32,"Enrolled",1
"1","9238","1",1,130,"1","9","9",127.6,"1","0","0","0",18,"0",11.1,0.6,2.02,"Graduate",NA
"1","9500","1",1,132,"1",NA,NA,132.4,"1","0","0","1",22,"0",11.1,0.6,2.02,"Graduate",1
"1","8014","0",39,130,"1","9","9",133.4,"0","0","0","1",21,"0",12.4,0.5,1.79,"Graduate",1
"1","9238","1",1,139,"1","9","9",126.1,"0","0","0","1",19,"0",12.7,3.7,-1.7,"Graduate",NA
"1","9254","1",1,130,"1","9",NA,113.5,"0","0","0","1",24,"0",12.4,0.5,1.79,"Graduate",1
"1","9500","1",1,139,"1","6","6",121.3,"1","0","0","1",19,"0",9.4,-0.8,-3.12,"Enrolled",1
"1","9773","1",1,127,"1",NA,NA,121.8,"1","0","0","1",20,"0",9.4,-0.8,-3.12,"Enrolled",NA
"1","9130","1",1,167,"1",NA,NA,159.3,"0","0","0","0",19,"0",7.6,2.6,0.32,"Graduate",NA
"1","9991","0",1,130,"1","9","9",120,"0","0","0","0",27,"0",9.4,-0.8,-3.12,"Dropout",NA
"1","9500","1",1,130,"1","5","5",129.1,"1","0","0","0",18,"0",15.5,2.8,-4.06,"Graduate",1
"2","9254","1",3,130,"1","4","3",130,"0","0","0","0",39,"0",12.4,0.5,1.79,"Dropout",NA
"1","9130","1",40,129,"1","2","2",155.3,"1","0","0","0",27,"0",12.4,0.5,1.79,"Dropout",NA
"1","9500","1",1,141,"1",NA,"10",139.8,"1","0","0","0",18,"0",9.4,-0.8,-3.12,"Graduate",NA
"1","171","1",1,125,"1","4","9",115.2,"1","0","0","0",18,"0",7.6,2.6,0.32,"Enrolled",NA
"1","9500","1",1,125,"1","9","9",114.9,"0","0","0","0",18,"0",16.2,0.3,-0.92,"Graduate",NA
"1","9238","1",39,130,"1","9","9",131.9,"0","0","0","1",21,"0",13.9,-0.3,0.79,"Graduate",NA
"1","171","1",1,133,"1","4",NA,126,"1","0","1","1",19,"0",10.8,1.4,1.74,"Enrolled",NA
"1","9070","1",1,127,"1","3","4",130.2,"1","0","1","0",19,"0",10.8,1.4,1.74,"Enrolled",NA
"1","9070","1",1,116,"1","3","3",120.9,"0","0","1","0",24,"0",12.7,3.7,-1.7,"Enrolled",NA
"4","9500","1",19,133.1,"1","5","5",126,"1","0","1","0",29,"0",13.9,-0.3,0.79,"Dropout",NA
"1","171","1",1,139,"1","5","3",128.2,"1","0","1","1",19,"0",10.8,1.4,1.74,"Graduate",1
"1","9003","1",39,130,"1","9","9",130,"1","0","1","0",23,"0",8.9,1.4,3.51,"Graduate",NA
"1","9147","1",1,125,"1",NA,NA,120.1,"0","0","1","0",19,"0",16.2,0.3,-0.92,"Dropout",NA
"1","9254","1",1,160,"1",NA,"10",100,"0","0","1","0",26,"0",12.7,3.7,-1.7,"Enrolled",2
"1","9147","1",1,148,"1","5","5",134,"0","0","1","0",18,"0",7.6,2.6,0.32,"Enrolled",2
"1","9500","1",1,150,"1",NA,"4",130.8,"0","0","1","0",24,"0",13.9,-0.3,0.79,"Graduate",NA
"1","171","1",1,141,"1","5","10",135.8,"1","0","1","0",19,"0",15.5,2.8,-4.06,"Dropout",NA
"1","9254","1",1,118,"1","5",NA,111.7,"1","0","1","0",18,"0",12.4,0.5,1.79,"Dropout",NA
"1","9773","1",1,142,"1","9","9",132.9,"1","0","1","0",18,"0",10.8,1.4,1.74,"Graduate",1
"1","9147","1",1,120,"1","4",NA,115.5,"1","0","1","0",18,"0",10.8,1.4,1.74,"Dropout",1
"1","9254","1",1,106,"1",NA,NA,106,"1","0","1","1",21,"0",9.4,-0.8,-3.12,"Dropout",2
"1","9773","1",1,121,"1","9",NA,120.3,"1","0","1","1",19,"0",8.9,1.4,3.51,"Graduate",NA
"1","9500","1",1,150,"1","9","9",130.8,"0","0","1","1",22,"0",16.2,0.3,-0.92,"Graduate",2
"2","8014","0",1,120,"1","9","6",117,"0","0","1","0",33,"0",10.8,1.4,1.74,"Graduate",2
"1","9853","1",1,114,"1","9","9",110.2,"1","0","1","0",20,"0",10.8,1.4,1.74,"Dropout",1
"1","9991","0",2,140,"1","2","2",155.7,"1","0","1","0",35,"0",10.8,1.4,1.74,"Dropout",NA
"1","9003","1",4,160,"1","4","2",180.4,"0","0","1","0",24,"0",12.4,0.5,1.79,"Dropout",2
"1","9254","1",1,120,"1","4","4",125.5,"0","0","1","0",18,"0",12.7,3.7,-1.7,"Enrolled",NA
"2","8014","0",1,130,"1","9","6",110,"1","0","0","0",33,"0",9.4,-0.8,-3.12,"Graduate",NA
"1","9500","1",1,160,"1","9",NA,161,"1","0","0","1",22,"0",10.8,1.4,1.74,"Graduate",NA
"1","9670","1",1,120,"1","4","5",100,"0","0","0","1",25,"0",9.4,-0.8,-3.12,"Graduate",NA
"1","9070","1",1,124,"1","4",NA,117.6,"1","0","1","0",20,"0",7.6,2.6,0.32,"Graduate",1
"1","9147","1",1,143,"1","9","9",128.7,"1","0","1","0",23,"0",11.1,0.6,2.02,"Enrolled",1
"1","9119","1",1,115,"1","9","6",112.2,"1","0","1","0",18,"0",15.5,2.8,-4.06,"Enrolled",2
"1","9500","1",1,133.1,"1","4","10",100.8,"0","0","1","0",24,"0",13.9,-0.3,0.79,"Dropout",NA
"1","9773","1",1,133.1,"41","9","9",105,"1","0","0","0",21,"1",8.9,1.4,3.51,"Graduate",NA
"1","9130","1",1,133.1,"41","4","4",100,"0","0","0","0",26,"1",8.9,1.4,3.51,"Dropout",NA
"2","9853","1",10,133.1,"1",NA,NA,115.5,"0","0","0","0",39,"0",7.6,2.6,0.32,"Dropout",NA
"2","8014","0",1,133.1,"1","9","9",114,"0","0","0","0",44,"0",12.7,3.7,-1.7,"Graduate",2
"1","9119","1",1,130,"26","9","2",137,"1","0","1","0",19,"1",13.9,-0.3,0.79,"Enrolled",NA
"1","9773","1",1,135,"1","5","5",124.9,"1","0","0","0",18,"0",8.9,1.4,3.51,"Graduate",NA
"1","9500","1",1,132,"1",NA,NA,120.3,"1","0","0","1",18,"0",12.4,0.5,1.79,"Graduate",NA
"1","9085","1",1,135,"1","9","1",134.3,"1","0","0","0",19,"0",12.7,3.7,-1.7,"Enrolled",NA
"1","9500","1",1,115,"1","2","2",111.5,"1","0","0","0",19,"0",13.9,-0.3,0.79,"Dropout",1
"1","9085","1",42,130,"1","9","9",128.8,"0","0","0","0",21,"0",8.9,1.4,3.51,"Dropout",NA
"1","171","1",1,133.1,"1","9","10",110,"1","0","0","0",20,"0",16.2,0.3,-0.92,"Graduate",NA
"2","8014","0",1,130,"1","6","5",113.5,"1","0","0","0",36,"0",9.4,-0.8,-3.12,"Dropout",NA
"4","9003","1",12,133.1,"1","9","6",160,"0","0","0","0",43,"0",15.5,2.8,-4.06,"Graduate",NA
"1","9853","1",1,123,"1","9",NA,117.4,"1","0","0","0",19,"0",11.1,0.6,2.02,"Dropout",NA
"1","9070","1",1,130,"1","2",NA,122.2,"0","0","0","0",20,"0",11.1,0.6,2.02,"Graduate",NA
"1","9238","1",1,122,"1","4",NA,118.2,"1","0","0","0",19,"0",16.2,0.3,-0.92,"Dropout",NA
"1","9085","1",1,113,"1","4","4",106.7,"1","0","0","0",20,"0",15.5,2.8,-4.06,"Dropout",NA
"1","9500","1",1,111,"1","4","3",108.2,"1","0","0","0",20,"0",12.4,0.5,1.79,"Dropout",NA
"1","9853","1",1,133.1,"1","9","3",107,"1","0","0","0",20,"0",16.2,0.3,-0.92,"Enrolled",NA
"1","9238","1",1,142,"1","6",NA,136.1,"1","0","0","0",18,"0",13.9,-0.3,0.79,"Graduate",NA
"1","9147","1",1,123,"1","4",NA,115.3,"1","0","0","1",18,"0",8.9,1.4,3.51,"Enrolled",NA
"1","9085","1",1,131,"1","9","9",139.8,"1","0","0","0",19,"0",10.8,1.4,1.74,"Graduate",NA
"1","9773","1",1,158,"1","4",NA,157,"1","0","0","0",18,"0",10.8,1.4,1.74,"Graduate",NA
"1","9500","1",1,122,"1","9","9",131,"1","0","0","0",18,"0",7.6,2.6,0.32,"Dropout",NA
"1","9500","1",1,130,"1","9","5",100,"0","0","0","0",20,"0",13.9,-0.3,0.79,"Enrolled",NA
"1","9238","1",1,154,"1","9",NA,140.4,"1","0","0","1",20,"0",7.6,2.6,0.32,"Enrolled",NA
"1","9147","1",1,120,"1","3","3",113.4,"0","0","0","0",20,"0",12.4,0.5,1.79,"Enrolled",1
"1","9085","1",1,140,"1","9",NA,137,"0","0","0","0",18,"0",9.4,-0.8,-3.12,"Graduate",NA
"1","9147","1",1,127,"1","4","5",121.8,"0","0","0","0",18,"0",11.1,0.6,2.02,"Graduate",1
"1","9254","1",1,133.1,"1","4","5",131,"1","0","0","0",21,"0",9.4,-0.8,-3.12,"Dropout",NA
"1","9147","1",1,120,"1","9",NA,118.6,"1","0","0","0",19,"0",16.2,0.3,-0.92,"Graduate",NA
"1","171","1",1,137,"1","2","9",122.3,"0","0","0","0",19,"0",10.8,1.4,1.74,"Dropout",NA
"1","9670","1",1,131,"1","9","9",127.9,"0","0","0","1",19,"0",9.4,-0.8,-3.12,"Graduate",NA
"1","9085","1",1,130,"1","4",NA,121.3,"1","0","0","0",19,"0",15.5,2.8,-4.06,"Graduate",NA
"1","9556","1",1,122,"1","4","5",117.1,"1","0","0","0",19,"0",13.9,-0.3,0.79,"Dropout",NA
"1","9085","1",39,160,"1","9","9",160,"1","0","0","0",20,"0",12.4,0.5,1.79,"Graduate",NA
"1","9853","1",1,146,"1","9","3",145.3,"1","0","0","1",18,"0",9.4,-0.8,-3.12,"Enrolled",NA
"1","9238","1",1,131,"1","5","3",122.6,"1","0","0","0",18,"0",12.4,0.5,1.79,"Graduate",NA
"1","9500","1",1,132,"1",NA,"9",128,"1","0","0","0",19,"0",12.4,0.5,1.79,"Graduate",NA
"1","9500","1",1,138,"1","5",NA,124.9,"1","0","0","1",18,"0",13.9,-0.3,0.79,"Dropout",NA
"1","9070","1",1,130,"1","9","9",123.7,"1","0","0","0",18,"0",7.6,2.6,0.32,"Graduate",NA
"1","9147","1",1,126,"1","4",NA,120.1,"1","0","0","0",19,"0",8.9,1.4,3.51,"Graduate",NA
"1","9500","1",1,148,"1","3","3",131.7,"1","0","0","0",19,"0",13.9,-0.3,0.79,"Dropout",1
"1","9238","1",1,130,"1","9",NA,133.2,"0","0","0","0",20,"0",7.6,2.6,0.32,"Graduate",NA
"1","9670","1",1,117,"1","3","9",109.3,"0","0","0","1",19,"0",12.4,0.5,1.79,"Dropout",NA
"1","9670","1",1,120,"1","5","5",113,"1","0","0","0",20,"0",7.6,2.6,0.32,"Graduate",1
"1","9773","1",1,153,"1",NA,NA,157.9,"0","0","0","1",18,"0",8.9,1.4,3.51,"Graduate",NA
"1","9500","1",1,117,"1","4",NA,112.1,"0","0","0","1",20,"0",11.1,0.6,2.02,"Enrolled",1
"1","9500","1",1,178,"1","4",NA,174.7,"0","0","0","0",18,"0",13.9,-0.3,0.79,"Graduate",NA
"1","9500","1",1,129,"1","9","9",128.8,"1","0","0","0",19,"0",7.6,2.6,0.32,"Graduate",1
"1","9773","1",1,116,"1","4","4",110.1,"1","0","0","1",19,"0",12.4,0.5,1.79,"Graduate",1
"1","9147","1",1,99,"1","3","3",99.7,"1","0","0","0",22,"0",8.9,1.4,3.51,"Enrolled",1
"1","9238","1",1,135,"1","9","10",121,"1","0","0","1",19,"0",12.4,0.5,1.79,"Graduate",1
"1","9500","1",1,141,"1","9",NA,131.7,"1","0","0","1",19,"0",15.5,2.8,-4.06,"Graduate",NA
"1","9853","1",1,132,"1","5","6",119.1,"1","0","0","1",19,"0",9.4,-0.8,-3.12,"Graduate",NA
"1","9254","1",1,132,"1","9","9",124.7,"1","0","0","0",19,"0",7.6,2.6,0.32,"Dropout",NA
"1","9254","1",1,113,"1","9","10",117.2,"1","0","0","0",20,"0",7.6,2.6,0.32,"Dropout",1
"1","9147","1",1,134,"1","2","10",128.8,"0","0","0","0",18,"0",13.9,-0.3,0.79,"Graduate",NA
"1","9500","1",1,136,"1","9","9",131.5,"0","0","0","1",20,"0",11.1,0.6,2.02,"Graduate",NA
"1","171","1",1,136,"1","2",NA,121.7,"1","0","0","0",18,"0",9.4,-0.8,-3.12,"Enrolled",1
"1","9085","1",1,129,"1","4",NA,123.4,"0","0","0","0",19,"0",7.6,2.6,0.32,"Graduate",1
"1","9853","1",1,138,"1",NA,"6",124.7,"1","0","0","0",18,"0",9.4,-0.8,-3.12,"Enrolled",NA
"1","9853","1",1,137,"1","9","9",132.8,"1","0","0","0",18,"0",7.6,2.6,0.32,"Graduate",1
"1","9853","1",1,115,"1","2","5",108.7,"1","0","0","0",21,"0",9.4,-0.8,-3.12,"Dropout",1
"1","9853","1",1,129,"1","6","6",138.1,"0","0","0","0",19,"0",7.6,2.6,0.32,"Dropout",NA
"1","9147","1",1,131,"1","9","9",126.5,"0","0","0","1",18,"0",12.4,0.5,1.79,"Graduate",NA
"1","9238","1",1,133,"1",NA,"9",127.4,"1","0","0","1",18,"0",12.7,3.7,-1.7,"Graduate",NA
"1","9238","1",1,125,"1","9","10",123.6,"1","0","0","0",20,"0",9.4,-0.8,-3.12,"Graduate",1
"1","8014","0",1,120,"1","6",NA,122,"0","0","0","1",24,"0",11.1,0.6,2.02,"Graduate",NA
"1","9670","1",1,128,"1","4","1",118.2,"0","0","0","0",19,"0",10.8,1.4,1.74,"Dropout",1
"1","9500","1",1,127,"1","9",NA,123.9,"1","0","0","1",18,"0",15.5,2.8,-4.06,"Graduate",NA
"1","9500","1",1,134,"1","9","9",125.8,"1","0","0","0",18,"0",15.5,2.8,-4.06,"Graduate",1
"1","9853","1",1,132,"1","4","4",123.3,"1","0","0","0",21,"0",10.8,1.4,1.74,"Dropout",NA
"1","9670","1",1,124,"1","5","4",124.4,"0","0","0","0",19,"0",7.6,2.6,0.32,"Graduate",1
"1","9773","1",1,133.1,"1",NA,NA,126,"0","0","0","1",19,"0",15.5,2.8,-4.06,"Graduate",2
"3","9003","1",1,170,"1","6","6",170,"0","0","0","0",47,"0",8.9,1.4,3.51,"Enrolled",NA
"1","9238","1",1,125,"1",NA,NA,121.5,"0","0","0","0",19,"0",13.9,-0.3,0.79,"Graduate",NA
"1","9500","1",3,130,"1","1","1",130,"0","0","0","0",29,"0",12.7,3.7,-1.7,"Graduate",NA
"1","9238","1",1,125,"1","4",NA,117,"1","0","0","0",21,"0",16.2,0.3,-0.92,"Dropout",NA
"1","9085","1",1,130,"1","9",NA,130,"1","0","0","0",28,"0",12.7,3.7,-1.7,"Enrolled",NA
"1","9556","1",1,133.1,"1","3","10",108,"0","0","0","0",20,"0",15.5,2.8,-4.06,"Graduate",NA
"1","9500","1",1,131,"1","4","5",132.3,"1","0","0","0",19,"0",7.6,2.6,0.32,"Graduate",NA
"1","8014","0",1,150,"1","4","6",148,"0","0","0","0",26,"0",9.4,-0.8,-3.12,"Graduate",NA
"1","9254","1",1,125,"1","9",NA,122.6,"1","0","0","0",20,"0",11.1,0.6,2.02,"Dropout",1
"1","9670","1",1,131,"1","9","9",123,"1","0","0","1",18,"0",7.6,2.6,0.32,"Enrolled",NA
"1","9853","1",1,130,"1","9","5",102.5,"0","0","0","0",27,"0",7.6,2.6,0.32,"Graduate",NA
"1","9500","1",1,123,"1",NA,NA,113.3,"1","0","0","0",20,"0",7.6,2.6,0.32,"Dropout",1
"1","9853","1",1,141,"1","9","5",133,"1","0","0","0",18,"0",9.4,-0.8,-3.12,"Dropout",NA
"1","9500","1",3,140,"1","9","5",140,"0","0","0","0",33,"0",16.2,0.3,-0.92,"Dropout",2
"1","9853","1",1,140,"1","3","3",128.3,"1","0","0","0",35,"0",12.4,0.5,1.79,"Graduate",NA
"1","9991","0",39,140,"1","9",NA,140,"0","0","0","1",26,"0",9.4,-0.8,-3.12,"Enrolled",NA
"1","9773","1",19,133.1,"1","3","4",104,"0","0","0","0",27,"0",11.1,0.6,2.02,"Dropout",NA
"1","9070","1",1,131,"1","5","5",122.3,"1","0","0","0",19,"0",15.5,2.8,-4.06,"Dropout",NA
"1","9254","1",1,143,"1","4","6",135,"0","0","0","0",20,"0",11.1,0.6,2.02,"Dropout",1
"1","9147","1",1,132,"1","5",NA,119.1,"1","0","0","0",20,"0",10.8,1.4,1.74,"Dropout",NA
"1","9238","1",1,143,"1","5","9",126.6,"0","0","0","0",21,"0",9.4,-0.8,-3.12,"Enrolled",NA
"1","9500","1",1,141,"1","9","4",129,"1","0","0","1",18,"0",7.6,2.6,0.32,"Graduate",NA
"1","9085","1",1,133.1,"1","9","9",162.3,"1","0","0","0",24,"0",8.9,1.4,3.51,"Dropout",NA
"1","9070","1",1,148,"1","4","1",163.4,"1","0","0","0",20,"0",16.2,0.3,-0.92,"Graduate",NA
"1","9254","1",1,125,"1","9",NA,121.5,"0","0","0","1",21,"0",13.9,-0.3,0.79,"Graduate",2
"1","8014","0",1,120,"1",NA,"3",122.8,"0","0","0","0",23,"0",9.4,-0.8,-3.12,"Enrolled",NA
"1","9147","1",1,140,"1","4","3",118,"1","0","0","0",24,"0",7.6,2.6,0.32,"Dropout",1
"1","9853","1",1,139,"1","4","10",134,"0","0","0","0",21,"0",12.4,0.5,1.79,"Dropout",NA
"1","9500","1",1,142,"1","9",NA,129.8,"1","0","0","0",18,"0",12.7,3.7,-1.7,"Graduate",1
"1","9991","0",40,130,"1","3","4",152,"1","0","0","0",27,"0",8.9,1.4,3.51,"Dropout",NA
"1","9500","1",1,126,"1","5","5",122.8,"1","0","0","0",18,"0",9.4,-0.8,-3.12,"Graduate",NA
"1","9119","1",3,150,"1","2","2",150,"0","0","0","0",35,"0",13.9,-0.3,0.79,"Dropout",2
"1","9853","1",1,130,"1","3",NA,131.8,"0","0","0","0",18,"0",11.1,0.6,2.02,"Graduate",1
"1","9500","1",1,120,"1",NA,NA,105.9,"0","0","0","0",35,"0",11.1,0.6,2.02,"Enrolled",1
"1","9085","1",1,138,"1","4",NA,132.1,"1","0","0","0",19,"0",10.8,1.4,1.74,"Graduate",1
"1","9238","1",1,127,"1","4",NA,127.4,"1","0","0","0",20,"0",7.6,2.6,0.32,"Graduate",1
"1","9500","1",1,140,"1",NA,NA,129.5,"1","0","0","0",18,"0",10.8,1.4,1.74,"Graduate",NA
"1","9238","1",39,130,"1","5","10",126.7,"0","0","0","0",21,"0",13.9,-0.3,0.79,"Graduate",2
"1","9238","1",1,128,"1","9",NA,116.5,"0","0","0","1",18,"0",16.2,0.3,-0.92,"Graduate",NA
"1","9238","1",1,132,"1",NA,NA,119.1,"1","0","0","0",18,"0",7.6,2.6,0.32,"Graduate",1
"1","9500","1",1,149,"1","9","9",126.5,"1","0","0","0",18,"0",12.7,3.7,-1.7,"Graduate",1
"1","9773","1",1,155,"1","1","4",149.8,"1","0","0","1",18,"0",16.2,0.3,-0.92,"Graduate",NA
"1","9085","1",1,120,"1",NA,NA,115.1,"1","0","0","0",19,"0",13.9,-0.3,0.79,"Graduate",NA
"1","9254","1",19,133.1,"1","2","3",124.5,"0","0","0","1",36,"0",16.2,0.3,-0.92,"Dropout",NA
"1","9500","1",1,131,"1",NA,"4",128.3,"1","0","0","1",18,"0",12.7,3.7,-1.7,"Graduate",1
"1","9500","1",1,149,"1","9","9",136,"0","0","0","1",18,"0",7.6,2.6,0.32,"Graduate",NA
"1","9130","1",1,140,"1","9","2",140,"1","0","0","1",20,"0",13.9,-0.3,0.79,"Graduate",NA
"1","9991","0",1,133.1,"1","9","9",126.3,"0","0","0","1",26,"0",16.2,0.3,-0.92,"Dropout",2
"1","9773","1",1,122,"1","4","5",126.9,"0","0","0","0",21,"0",7.6,2.6,0.32,"Graduate",1
"1","9556","1",40,130,"1","4","5",145,"0","0","0","0",25,"0",15.5,2.8,-4.06,"Enrolled",2
"1","9147","1",1,121,"1","5","5",115.8,"1","0","0","1",19,"0",12.4,0.5,1.79,"Graduate",1
"1","8014","0",1,120,"1",NA,NA,100,"1","0","0","0",24,"0",9.4,-0.8,-3.12,"Dropout",1
"1","8014","0",1,133.1,"1","5","4",102.5,"0","0","0","1",27,"0",8.9,1.4,3.51,"Dropout",NA
"1","9085","1",1,121,"1","1","3",131.5,"0","0","0","0",21,"0",7.6,2.6,0.32,"Dropout",NA
"1","9147","1",1,133,"1",NA,NA,147,"0","0","0","1",18,"0",9.4,-0.8,-3.12,"Graduate",NA
"2","9853","1",1,134,"1","5",NA,122.5,"0","1","0","1",19,"0",10.8,1.4,1.74,"Graduate",NA
"1","9254","1",1,115,"1","3","3",117.5,"1","0","0","0",18,"0",9.4,-0.8,-3.12,"Dropout",1
"1","9500","1",1,127,"1","5","9",150,"0","0","0","1",19,"0",11.1,0.6,2.02,"Graduate",1
"1","9500","1",1,135,"1","4","5",127.5,"1","0","0","1",19,"0",16.2,0.3,-0.92,"Graduate",NA
"2","9991","0",43,140,"1","3","3",140,"0","0","0","0",33,"0",11.1,0.6,2.02,"Graduate",NA
"2","9147","1",3,130,"1","3","10",130,"0","0","0","0",45,"0",12.4,0.5,1.79,"Graduate",NA
"1","9238","1",1,135,"1","9","9",133.3,"0","0","0","1",20,"0",11.1,0.6,2.02,"Graduate",NA
"1","9670","1",1,140,"1",NA,NA,97,"1","0","0","0",28,"0",7.6,2.6,0.32,"Dropout",1
"1","9500","1",1,120,"1","5",NA,112,"1","0","0","1",19,"0",12.7,3.7,-1.7,"Graduate",NA
"1","9254","1",1,140,"1","4","5",123.6,"1","0","0","0",18,"0",12.7,3.7,-1.7,"Graduate",NA
"1","9254","1",3,133.1,"1","4","6",130.5,"0","0","0","0",38,"0",15.5,2.8,-4.06,"Dropout",2
"1","9670","1",1,135,"1","4","3",133.3,"0","0","0","0",19,"0",9.4,-0.8,-3.12,"Graduate",NA
"1","9254","1",1,123,"1","9","9",132.1,"0","0","0","1",21,"0",15.5,2.8,-4.06,"Graduate",2
"1","9147","1",1,133.1,"1","9","10",100,"0","0","0","0",21,"0",16.2,0.3,-0.92,"Dropout",NA
"1","9238","1",1,154,"1","9","9",140.4,"0","0","0","1",22,"0",10.8,1.4,1.74,"Graduate",NA
"1","9853","1",1,148,"1","5",NA,141.7,"0","0","0","1",18,"0",9.4,-0.8,-3.12,"Graduate",NA
"1","9238","1",1,133,"1","3","9",119.7,"0","1","0","1",18,"0",15.5,2.8,-4.06,"Graduate",NA
"1","9130","1",1,126,"1","9","9",122.5,"1","0","0","0",25,"0",9.4,-0.8,-3.12,"Dropout",NA
"1","9085","1",19,133.1,"1","9",NA,140,"0","0","0","0",24,"0",16.2,0.3,-0.92,"Dropout",NA
"1","9500","1",1,125,"1","4","4",119.4,"1","0","0","0",19,"0",12.4,0.5,1.79,"Enrolled",1
"1","171","1",1,145,"1","3","3",155,"1","0","0","0",24,"0",12.4,0.5,1.79,"Enrolled",1
"1","9147","1",1,118,"1","5","5",119.1,"1","0","0","1",20,"0",12.4,0.5,1.79,"Graduate",NA
"1","9147","1",1,120,"1","9","1",122.7,"0","0","0","0",25,"0",10.8,1.4,1.74,"Dropout",NA
"1","9147","1",1,127,"1","9","10",117.9,"0","0","0","1",20,"0",8.9,1.4,3.51,"Graduate",NA
"1","9500","1",3,130,"1","5","3",130,"0","0","0","0",23,"0",9.4,-0.8,-3.12,"Graduate",NA
"1","9500","1",1,129,"1",NA,"6",120,"1","0","0","1",19,"0",10.8,1.4,1.74,"Graduate",NA
"1","9003","1",39,130,"1","9","10",130,"0","0","0","0",29,"0",13.9,-0.3,0.79,"Dropout",NA
"1","9254","1",1,121,"1","4",NA,116.8,"1","0","0","0",21,"0",11.1,0.6,2.02,"Graduate",1
"1","9670","1",1,136,"1","9",NA,123.4,"1","0","0","1",18,"0",11.1,0.6,2.02,"Graduate",1
"1","9070","1",1,125,"1","9","9",125.4,"1","0","0","0",19,"0",9.4,-0.8,-3.12,"Enrolled",1
"1","9773","1",1,131,"1",NA,NA,127.2,"1","0","0","1",18,"0",8.9,1.4,3.51,"Dropout",NA
"1","9085","1",1,122,"1",NA,"6",103.4,"0","0","0","0",19,"0",7.6,2.6,0.32,"Graduate",NA
"1","9773","1",1,127,"1","9",NA,123.2,"1","0","0","0",18,"0",9.4,-0.8,-3.12,"Enrolled",NA
"1","9147","1",1,136,"1","4","4",124.1,"0","0","0","0",18,"0",8.9,1.4,3.51,"Graduate",NA
"2","9556","1",19,133.1,"1",NA,NA,99.5,"1","0","0","1",37,"0",8.9,1.4,3.51,"Dropout",1
"1","9991","0",40,127,"1","6","6",124.9,"0","0","0","0",29,"0",16.2,0.3,-0.92,"Graduate",NA
"1","9070","1",1,116,"1","9","9",110.8,"0","0","0","0",18,"0",7.6,2.6,0.32,"Enrolled",1
"1","9238","1",1,121,"1","9",NA,118.9,"1","0","0","1",19,"0",12.4,0.5,1.79,"Graduate",1
"1","9238","1",1,124,"1","3","1",118.8,"1","0","0","0",22,"0",16.2,0.3,-0.92,"Dropout",NA
"1","9254","1",1,131,"1","9",NA,137,"0","0","0","1",20,"0",15.5,2.8,-4.06,"Graduate",NA
"1","8014","0",1,100,"1",NA,NA,100,"0","0","0","0",34,"0",12.7,3.7,-1.7,"Dropout",NA
"1","9119","1",1,130,"1","9","9",120,"0","0","0","0",30,"0",7.6,2.6,0.32,"Dropout",NA
"1","9238","1",1,135,"1","4","4",122.8,"0","0","0","0",18,"0",10.8,1.4,1.74,"Graduate",NA
"1","9238","1",1,130,"1","9","5",121.6,"0","0","0","0",18,"0",12.4,0.5,1.79,"Graduate",NA
"1","9773","1",1,146,"1","1","3",149.2,"1","0","0","0",18,"0",9.4,-0.8,-3.12,"Graduate",NA
"1","9500","1",1,146,"1","2","3",140,"1","0","0","0",18,"0",12.7,3.7,-1.7,"Graduate",NA
"1","9773","1",1,154,"1","9","9",133.4,"1","0","0","1",19,"0",12.7,3.7,-1.7,"Graduate",NA
"1","9070","1",1,137,"1","9","9",126.2,"1","0","0","1",19,"0",10.8,1.4,1.74,"Graduate",1
"1","9500","1",1,151,"1","9","9",127.8,"0","0","0","1",18,"0",12.7,3.7,-1.7,"Graduate",2
"1","9003","1",39,150,"1","4",NA,150,"0","0","0","1",21,"0",13.9,-0.3,0.79,"Graduate",NA
"1","9147","1",1,121,"1","9","9",113.7,"1","0","0","0",20,"0",7.6,2.6,0.32,"Dropout",NA
"1","9147","1",1,122,"1","4",NA,117.8,"1","0","0","0",20,"0",13.9,-0.3,0.79,"Graduate",NA
"1","9500","1",1,143,"1","2","5",136.7,"0","0","0","0",19,"0",11.1,0.6,2.02,"Graduate",NA
"1","9238","1",1,152,"1","4","5",144.7,"0","0","0","0",20,"0",16.2,0.3,-0.92,"Graduate",NA
"1","9500","1",1,145,"1","4","10",139.8,"1","0","0","0",18,"0",13.9,-0.3,0.79,"Graduate",1
"1","9853","1",1,120,"1","3","3",113.7,"0","0","0","0",20,"0",12.7,3.7,-1.7,"Dropout",1
"2","9130","1",3,140,"1","2",NA,140,"0","0","0","0",29,"0",7.6,2.6,0.32,"Dropout",NA
"1","9500","1",1,143,"1","5","6",142.3,"0","0","0","1",18,"0",12.4,0.5,1.79,"Enrolled",1
"1","9500","1",1,129,"1","5","5",119.6,"1","0","0","1",20,"0",15.5,2.8,-4.06,"Graduate",NA
"1","9147","1",1,139,"1","9","9",123.7,"1","0","0","1",22,"0",16.2,0.3,-0.92,"Graduate",NA
"4","8014","0",1,133.1,"1","4","10",143,"1","0","0","1",47,"0",16.2,0.3,-0.92,"Graduate",NA
"2","9991","0",1,127,"1",NA,"4",100.1,"0","0","0","0",31,"0",8.9,1.4,3.51,"Graduate",NA
"1","9070","1",1,126,"1",NA,"5",119.4,"0","0","0","1",21,"0",16.2,0.3,-0.92,"Graduate",NA
"1","8014","0",1,128,"1",NA,NA,122.1,"0","0","0","0",21,"0",7.6,2.6,0.32,"Graduate",NA
"2","9773","1",12,100,"1","4","4",100,"0","0","0","0",24,"0",7.6,2.6,0.32,"Graduate",NA
"1","9070","1",1,123,"1","2","9",113.9,"0","0","0","0",18,"0",15.5,2.8,-4.06,"Enrolled",2
"1","8014","0",15,170,"1",NA,"2",101,"0","0","0","0",32,"0",7.6,2.6,0.32,"Graduate",NA
"1","8014","0",1,117,"1","3","4",111.8,"1","0","0","1",19,"0",10.8,1.4,1.74,"Graduate",NA
"1","9500","1",1,140,"1","1","1",140,"1","0","0","0",24,"0",9.4,-0.8,-3.12,"Graduate",1
"1","9085","1",1,123,"1","4","10",124.4,"1","0","0","0",19,"0",15.5,2.8,-4.06,"Graduate",1
"1","9003","1",39,150,"1","6","6",150,"0","0","0","1",19,"0",13.9,-0.3,0.79,"Graduate",NA
"1","9003","1",39,140,"1","9","4",140,"0","0","0","0",24,"0",12.4,0.5,1.79,"Enrolled",NA
"1","9238","1",1,123,"1",NA,NA,116,"1","0","0","1",18,"0",8.9,1.4,3.51,"Graduate",1
"1","9070","1",1,130,"1","3","6",135.6,"1","0","0","1",19,"0",8.9,1.4,3.51,"Dropout",NA
"2","9500","1",1,137,"1","2","4",121,"0","0","0","1",19,"0",10.8,1.4,1.74,"Graduate",NA
"1","9773","1",1,126,"1","9",NA,118.7,"1","0","0","1",18,"0",12.4,0.5,1.79,"Graduate",NA
"1","9238","1",1,125,"1","3","3",125.7,"1","0","0","0",18,"0",12.4,0.5,1.79,"Graduate",NA
"1","9556","1",1,112,"1","4","10",107.1,"1","0","0","0",20,"0",12.4,0.5,1.79,"Graduate",1
"1","9500","1",1,141,"1","5",NA,125.5,"0","0","0","0",18,"0",9.4,-0.8,-3.12,"Graduate",NA
"1","9670","1",1,135,"1","9",NA,127,"1","0","0","0",18,"0",11.1,0.6,2.02,"Graduate",NA
"1","9085","1",1,117,"1","9","9",113.5,"1","0","0","1",21,"0",10.8,1.4,1.74,"Graduate",NA
"1","9500","1",1,160,"1","4","9",154.4,"0","0","0","1",18,"0",15.5,2.8,-4.06,"Graduate",2
"1","9670","1",1,136,"1","5","5",122,"0","0","0","0",18,"0",9.4,-0.8,-3.12,"Dropout",2
"1","9238","1",1,143,"1","4","3",128,"1","0","0","0",19,"0",9.4,-0.8,-3.12,"Dropout",NA
"1","9670","1",1,119,"1","4","10",115.5,"1","0","0","0",19,"0",10.8,1.4,1.74,"Enrolled",NA
"1","9670","1",1,120,"1","5","5",117.2,"1","0","0","0",18,"0",11.1,0.6,2.02,"Graduate",NA
"1","9130","1",3,150,"1",NA,NA,150,"1","0","0","0",34,"0",12.7,3.7,-1.7,"Dropout",NA
"1","9085","1",1,142,"1",NA,NA,155.3,"0","0","0","0",19,"0",7.6,2.6,0.32,"Graduate",NA
"1","9130","1",39,120,"1",NA,NA,120,"1","0","0","0",19,"0",12.4,0.5,1.79,"Dropout",NA
"1","9238","1",1,160,"1","2","1",116.1,"0","0","0","0",26,"0",11.1,0.6,2.02,"Graduate",1
"1","9853","1",1,133.1,"1",NA,NA,118.9,"1","0","0","0",21,"0",7.6,2.6,0.32,"Dropout",NA
"1","9147","1",1,142,"1","4",NA,127.3,"0","0","0","1",18,"0",11.1,0.6,2.02,"Graduate",NA
"1","9853","1",1,121,"1","5",NA,113.7,"1","0","0","1",20,"0",9.4,-0.8,-3.12,"Graduate",1
"1","9147","1",1,135,"1","4","4",118.5,"0","0","0","0",25,"0",11.1,0.6,2.02,"Dropout",NA
"1","9147","1",1,153,"1","4","3",146.7,"0","0","0","0",18,"0",11.1,0.6,2.02,"Graduate",1
"1","9500","1",1,140,"1","3","6",124.3,"1","0","0","1",18,"0",16.2,0.3,-0.92,"Graduate",NA
"1","9500","1",1,152,"1","3","5",137.8,"0","0","0","0",19,"0",11.1,0.6,2.02,"Graduate",1
"1","9238","1",1,120,"1","5","9",130.2,"0","0","0","1",18,"0",12.4,0.5,1.79,"Graduate",1
"1","9500","1",1,160,"1",NA,NA,147.8,"0","0","0","0",20,"0",15.5,2.8,-4.06,"Enrolled",NA
"1","9085","1",40,150,"1","9","5",150,"0","0","0","0",26,"0",8.9,1.4,3.51,"Dropout",NA
"1","9500","1",1,100,"1",NA,"9",100,"1","0","0","1",19,"0",10.8,1.4,1.74,"Graduate",NA
"1","9500","1",1,150,"1","5","1",155.6,"0","0","0","0",19,"0",16.2,0.3,-0.92,"Graduate",2
"1","9147","1",1,124,"1","9","9",117.4,"0","0","0","0",19,"0",7.6,2.6,0.32,"Graduate",NA
"1","9085","1",1,141,"1",NA,"5",128.8,"1","0","0","0",19,"0",7.6,2.6,0.32,"Enrolled",NA
"1","9254","1",1,121,"1","5",NA,117.5,"1","0","0","0",18,"0",16.2,0.3,-0.92,"Graduate",1
"1","9500","1",6,134,"1","9","9",120.4,"1","0","0","0",19,"0",7.6,2.6,0.32,"Graduate",1
"1","9238","1",1,134,"1","9","6",130.9,"0","0","0","0",18,"0",13.9,-0.3,0.79,"Graduate",2
"1","9853","1",1,132,"1","4","4",125,"1","0","0","0",18,"0",9.4,-0.8,-3.12,"Enrolled",NA
"1","9085","1",1,135,"1","9","5",136.8,"1","0","0","0",18,"0",9.4,-0.8,-3.12,"Enrolled",NA
"1","9853","1",1,123,"1","9","6",121.6,"1","0","0","0",18,"0",11.1,0.6,2.02,"Enrolled",1
"1","9119","1",39,151,"1","4",NA,151,"0","0","0","0",26,"0",16.2,0.3,-0.92,"Dropout",NA
"1","9238","1",1,107,"1",NA,NA,103.5,"1","0","0","0",20,"0",12.4,0.5,1.79,"Graduate",NA
"1","8014","0",1,126,"1","9","10",119.4,"0","0","0","0",19,"0",12.7,3.7,-1.7,"Graduate",NA
"1","9238","1",1,133,"1","4","9",134.4,"1","0","0","1",18,"0",9.4,-0.8,-3.12,"Graduate",1
"1","9238","1",39,140,"1",NA,NA,143,"0","0","0","0",19,"0",13.9,-0.3,0.79,"Graduate",NA
"1","9853","1",40,110,"1","2","1",110,"0","0","0","0",40,"0",12.4,0.5,1.79,"Graduate",1
"1","9500","1",1,141,"1",NA,NA,132.5,"1","0","0","1",18,"0",9.4,-0.8,-3.12,"Graduate",NA
"1","9238","1",1,122,"1","9","10",114.7,"0","0","0","0",19,"0",13.9,-0.3,0.79,"Graduate",NA
"1","9130","1",1,156,"1","3","5",166.9,"0","0","0","0",18,"0",7.6,2.6,0.32,"Graduate",NA
"1","9085","1",1,129,"1","3","1",125.9,"1","0","0","0",19,"0",9.4,-0.8,-3.12,"Enrolled",NA
"1","171","1",1,188,"1","2","2",178.3,"1","0","0","0",18,"0",15.5,2.8,-4.06,"Dropout",NA
"2","8014","0",1,120,"1","9","9",117,"1","0","0","0",33,"0",12.4,0.5,1.79,"Graduate",1
"1","9003","1",3,130,"1","1","2",150,"0","0","0","0",35,"0",16.2,0.3,-0.92,"Graduate",2
"1","9147","1",1,130,"1","9","1",130,"1","0","0","0",26,"0",9.4,-0.8,-3.12,"Enrolled",NA
"1","9773","1",1,140,"1",NA,"5",135.1,"1","0","0","0",18,"0",9.4,-0.8,-3.12,"Graduate",1
"1","9238","1",1,110,"1","9","9",110,"0","0","0","0",36,"0",15.5,2.8,-4.06,"Enrolled",2
"4","9991","0",1,133.1,"1","6","6",136.2,"0","0","0","0",39,"0",10.8,1.4,1.74,"Graduate",1
"2","9238","1",1,120,"1","9","9",116,"0","0","0","0",44,"0",12.7,3.7,-1.7,"Graduate",NA
"1","8014","0",1,96,"1","3","9",100,"0","0","0","0",20,"0",9.4,-0.8,-3.12,"Enrolled",NA
"1","9254","1",1,117,"1","9","9",116.3,"1","0","0","0",24,"0",12.7,3.7,-1.7,"Dropout",NA
"1","9773","1",1,123,"1","9",NA,134,"0","0","0","1",20,"0",12.4,0.5,1.79,"Graduate",1
"1","171","1",1,127,"1","9","5",124.2,"1","0","0","0",19,"0",9.4,-0.8,-3.12,"Dropout",1
"2","9500","1",1,151,"1","9",NA,134.5,"0","0","0","1",18,"0",7.6,2.6,0.32,"Graduate",1
"1","9254","1",1,127,"1","4","6",120.7,"0","0","0","0",22,"0",10.8,1.4,1.74,"Dropout",1
"1","9085","1",1,133,"1","4","5",127.1,"1","0","0","0",18,"0",11.1,0.6,2.02,"Graduate",NA
"1","9500","1",19,133.1,"1","9","9",133,"0","0","0","0",24,"0",13.9,-0.3,0.79,"Graduate",2
"1","9991","0",1,133.1,"1",NA,NA,128.2,"0","0","0","0",33,"0",12.7,3.7,-1.7,"Dropout",2
"1","9003","1",1,133.1,"1","3",NA,130,"0","0","0","1",30,"0",11.1,0.6,2.02,"Enrolled",NA
"1","9085","1",43,160,"1","2","3",172,"0","0","0","0",26,"0",8.9,1.4,3.51,"Dropout",NA
"1","9853","1",1,140,"1","4","1",128.5,"1","0","0","0",18,"0",10.8,1.4,1.74,"Graduate",NA
"1","9773","1",1,146,"1","9",NA,128.5,"0","0","0","0",19,"0",10.8,1.4,1.74,"Dropout",NA
"1","9147","1",1,112,"1","9","10",112,"1","0","0","0",20,"0",16.2,0.3,-0.92,"Enrolled",NA
"1","9085","1",42,140,"1","9",NA,142.5,"1","0","0","1",22,"0",8.9,1.4,3.51,"Graduate",NA
"1","9500","1",1,136,"1","9","1",133,"1","0","0","0",19,"0",7.6,2.6,0.32,"Enrolled",NA
"1","9085","1",1,133.1,"1",NA,"5",106,"1","0","0","1",21,"0",15.5,2.8,-4.06,"Graduate",1
"1","9500","1",1,136,"1","4",NA,125.5,"1","0","0","1",21,"0",7.6,2.6,0.32,"Graduate",NA
"1","9085","1",1,134,"1","2",NA,131.2,"0","0","0","0",19,"0",7.6,2.6,0.32,"Enrolled",NA
"1","9853","1",1,122,"1",NA,NA,112.9,"1","0","0","1",19,"0",8.9,1.4,3.51,"Graduate",NA
"1","9500","1",1,138,"1","9","5",124.8,"1","0","0","0",18,"0",12.7,3.7,-1.7,"Dropout",NA
"2","8014","0",1,160,"1","9","4",140.9,"0","0","0","0",50,"0",16.2,0.3,-0.92,"Graduate",NA
"4","9991","0",1,130,"1","9",NA,148,"0","0","0","1",31,"0",13.9,-0.3,0.79,"Enrolled",2
"1","9773","1",1,161,"1","4",NA,148.4,"0","0","0","1",19,"0",15.5,2.8,-4.06,"Graduate",NA
"4","9991","0",1,140,"1",NA,NA,129.7,"0","0","0","0",35,"0",13.9,-0.3,0.79,"Graduate",2
"2","9085","1",19,133.1,"1","4",NA,128.2,"0","0","0","0",31,"0",12.7,3.7,-1.7,"Dropout",NA
"2","8014","0",19,133.1,"1","9","9",104,"0","0","0","0",42,"0",11.1,0.6,2.02,"Enrolled",1
"1","9147","1",1,130,"1","9","9",119.9,"1","0","0","0",34,"0",9.4,-0.8,-3.12,"Dropout",NA
"1","9500","1",1,152,"1","4","4",141,"1","0","0","1",18,"0",12.4,0.5,1.79,"Graduate",1
"1","9853","1",1,125,"1","3","3",116.6,"1","0","0","1",18,"0",8.9,1.4,3.51,"Enrolled",1
"1","9085","1",39,140,"1","5","6",140,"1","0","0","0",21,"0",16.2,0.3,-0.92,"Enrolled",NA
"4","9500","1",19,133.1,"1","5",NA,140,"0","0","0","1",26,"0",16.2,0.3,-0.92,"Dropout",NA
"1","9500","1",1,170,"1",NA,NA,100,"0","0","0","0",20,"0",13.9,-0.3,0.79,"Enrolled",NA
"1","9238","1",1,135,"1","5",NA,121,"0","0","0","0",19,"0",7.6,2.6,0.32,"Enrolled",1
"1","9853","1",1,125,"1","5","5",117,"0","0","0","1",19,"0",15.5,2.8,-4.06,"Graduate",2
"1","9147","1",42,140,"1","2","1",140.2,"0","0","0","0",20,"0",8.9,1.4,3.51,"Graduate",NA
"1","9238","1",1,124,"1",NA,NA,129.3,"0","0","0","0",19,"0",7.6,2.6,0.32,"Graduate",1
"1","9853","1",1,140,"1","9","9",145.3,"0","0","0","0",18,"0",7.6,2.6,0.32,"Graduate",1
"1","9991","0",3,130,"1","9","9",146.2,"0","0","0","0",28,"0",10.8,1.4,1.74,"Graduate",NA
"1","9853","1",1,134,"1","4","5",122.5,"1","0","0","0",22,"0",15.5,2.8,-4.06,"Enrolled",NA
"1","8014","0",39,160,"1",NA,NA,156.1,"0","0","0","1",21,"0",13.9,-0.3,0.79,"Graduate",NA
"1","9085","1",39,140,"1","4","5",140,"1","0","0","0",21,"0",12.4,0.5,1.79,"Enrolled",NA
"1","9500","1",1,150,"1","5","3",140,"0","1","0","0",26,"0",16.2,0.3,-0.92,"Enrolled",NA
"1","9773","1",1,141,"1",NA,NA,128.4,"1","0","0","0",18,"0",7.6,2.6,0.32,"Dropout",NA
"1","9085","1",1,120,"1","9","10",115,"0","0","0","0",20,"0",7.6,2.6,0.32,"Dropout",1
"1","9085","1",1,166,"1","4","3",158.7,"0","0","0","0",18,"0",11.1,0.6,2.02,"Graduate",NA
"1","9500","1",1,147,"1","4","9",124.5,"1","0","0","1",19,"0",10.8,1.4,1.74,"Graduate",NA
"1","9238","1",1,121,"1","3","10",111.9,"1","0","0","0",20,"0",12.4,0.5,1.79,"Graduate",NA
"1","9085","1",39,150,"1","4","6",150,"1","0","0","1",22,"0",13.9,-0.3,0.79,"Graduate",1
"1","9670","1",1,124,"1","5",NA,114.2,"1","0","0","0",18,"0",10.8,1.4,1.74,"Dropout",NA
"1","9147","1",1,96,"1","6","4",96,"1","0","0","0",19,"0",16.2,0.3,-0.92,"Dropout",1
"1","9070","1",1,125,"1","3","3",128.9,"0","0","0","1",18,"0",8.9,1.4,3.51,"Enrolled",NA
"1","9254","1",1,136,"1",NA,NA,121.7,"1","0","0","0",20,"0",10.8,1.4,1.74,"Enrolled",NA
"1","9773","1",1,120,"1","9","9",114.8,"1","1","0","0",19,"0",7.6,2.6,0.32,"Enrolled",NA
"1","9254","1",1,128,"1","9","9",127,"0","0","0","0",19,"0",12.4,0.5,1.79,"Enrolled",NA
"1","9500","1",1,142,"1","5","5",131.3,"1","0","0","0",19,"0",10.8,1.4,1.74,"Graduate",NA
"1","171","1",1,135,"1","3","9",137.1,"1","0","0","0",18,"0",12.7,3.7,-1.7,"Graduate",1
"1","9070","1",40,120,"1","3","9",120,"1","0","0","0",21,"0",13.9,-0.3,0.79,"Graduate",1
"1","9991","0",40,140,"1","9","9",139,"0","0","0","0",27,"0",8.9,1.4,3.51,"Graduate",1
"1","9238","1",1,135,"1","4","4",129.1,"0","0","0","0",19,"0",15.5,2.8,-4.06,"Graduate",2
"4","9085","1",1,133.1,"1",NA,NA,128.2,"0","0","0","0",25,"0",7.6,2.6,0.32,"Dropout",NA
"1","9500","1",1,137,"1",NA,NA,120.8,"1","0","0","1",18,"0",10.8,1.4,1.74,"Graduate",NA
"1","9500","1",3,122,"1","4",NA,135.8,"0","0","0","0",24,"0",10.8,1.4,1.74,"Graduate",NA
"1","9500","1",1,128,"1","4","10",118.9,"1","0","0","0",20,"0",13.9,-0.3,0.79,"Graduate",1
"1","9991","0",40,140,"1","6","6",140,"0","0","0","0",26,"0",12.4,0.5,1.79,"Graduate",NA
"1","9238","1",1,132,"1","9",NA,127.1,"1","0","0","1",20,"0",8.9,1.4,3.51,"Graduate",1
"1","9085","1",1,131,"1",NA,NA,137,"0","0","0","0",18,"0",7.6,2.6,0.32,"Graduate",NA
"1","9085","1",1,126,"1","9","9",127.4,"1","0","0","0",19,"0",15.5,2.8,-4.06,"Graduate",NA
"1","9853","1",1,133.1,"1","9","9",97,"1","0","0","0",23,"0",12.7,3.7,-1.7,"Dropout",NA
"1","9500","1",1,136,"1","9","9",126.3,"1","0","0","1",18,"0",7.6,2.6,0.32,"Graduate",1
"1","9500","1",1,140,"1","4","5",127.5,"0","0","0","0",18,"0",12.7,3.7,-1.7,"Dropout",2
"1","9500","1",1,135,"1","2",NA,126.6,"0","0","0","1",19,"0",11.1,0.6,2.02,"Graduate",1
"1","9991","0",1,160,"1","4","3",120,"0","0","0","0",30,"0",7.6,2.6,0.32,"Graduate",1
"1","9085","1",39,140,"1","4","6",140,"1","0","0","0",29,"0",15.5,2.8,-4.06,"Dropout",NA
"1","9500","1",1,140,"1","3","3",131.5,"1","0","0","0",19,"0",9.4,-0.8,-3.12,"Graduate",1
"1","9556","1",1,115,"1","5","3",112.2,"1","0","0","0",20,"0",12.4,0.5,1.79,"Graduate",NA
"1","9500","1",1,144,"1","9","3",150.5,"0","0","0","0",20,"0",7.6,2.6,0.32,"Graduate",NA
"1","9670","1",1,128,"1","3",NA,121,"1","0","0","0",19,"0",11.1,0.6,2.02,"Graduate",NA
"1","9147","1",1,116,"1","9","2",112.2,"1","0","0","0",20,"0",10.8,1.4,1.74,"Enrolled",NA
"3","9085","1",1,135,"1","4","4",129.4,"1","0","0","0",21,"0",10.8,1.4,1.74,"Dropout",NA
"1","9670","1",1,121,"1","4","10",114.4,"0","0","0","0",19,"0",11.1,0.6,2.02,"Graduate",1
"1","9500","1",1,134,"1","9","9",120.3,"1","0","0","1",18,"0",10.8,1.4,1.74,"Graduate",NA
"1","8014","0",1,120,"1",NA,NA,120,"0","0","0","1",27,"0",15.5,2.8,-4.06,"Graduate",2
"1","9147","1",1,125,"1","6",NA,114.5,"1","0","0","1",19,"0",12.4,0.5,1.79,"Graduate",1
"1","9500","1",1,141,"1",NA,"3",127.8,"0","0","0","1",19,"0",7.6,2.6,0.32,"Dropout",NA
"1","9773","1",1,140,"1","4",NA,124.6,"1","0","0","0",19,"0",15.5,2.8,-4.06,"Graduate",1
"1","9500","1",1,144,"1","5","5",130.3,"1","0","0","1",18,"0",12.7,3.7,-1.7,"Graduate",1
"1","9254","1",1,122,"1","5","5",118.2,"0","0","0","1",20,"0",12.4,0.5,1.79,"Enrolled",NA
"1","9670","1",1,130,"1","4","5",118.8,"0","0","0","1",18,"0",12.7,3.7,-1.7,"Graduate",NA
"1","9670","1",1,133.1,"1","2","4",133,"1","0","0","0",19,"0",7.6,2.6,0.32,"Dropout",NA
"2","9500","1",19,133.1,"1","9","9",129,"1","0","0","0",36,"0",7.6,2.6,0.32,"Graduate",NA
"1","9556","1",1,147,"1","3","2",100,"0","0","0","0",18,"0",10.8,1.4,1.74,"Enrolled",NA
"1","9130","1",1,127,"1","4","5",120.7,"1","0","0","0",18,"0",12.7,3.7,-1.7,"Enrolled",NA
"1","9500","1",1,136,"1","9","3",132.5,"1","0","0","0",19,"0",12.7,3.7,-1.7,"Graduate",NA
"1","9500","1",1,127,"1",NA,NA,120.3,"1","0","0","1",18,"0",10.8,1.4,1.74,"Graduate",NA
"1","9670","1",1,123,"1","1","1",114.6,"0","0","0","0",18,"0",9.4,-0.8,-3.12,"Graduate",1
"1","9238","1",1,128,"1","9","3",116.5,"1","0","0","1",19,"0",12.4,0.5,1.79,"Graduate",NA
"1","9500","1",1,128,"1","2","1",127.8,"0","0","0","1",19,"0",13.9,-0.3,0.79,"Graduate",NA
"1","9500","1",1,140,"1",NA,NA,129.9,"1","0","0","0",18,"0",15.5,2.8,-4.06,"Dropout",1
"1","9773","1",1,121,"1","9",NA,118.9,"1","0","0","0",20,"0",11.1,0.6,2.02,"Graduate",1
"1","9254","1",1,122,"1","3","10",114.3,"1","0","0","1",20,"0",12.4,0.5,1.79,"Enrolled",1
"1","9500","1",1,126,"1","5","5",114.8,"1","0","0","0",20,"0",10.8,1.4,1.74,"Graduate",NA
"1","9500","1",1,135,"1","9",NA,123,"1","0","0","1",18,"0",10.8,1.4,1.74,"Graduate",NA
"1","9500","1",1,131,"1",NA,"5",122.1,"1","0","0","0",18,"0",15.5,2.8,-4.06,"Graduate",NA
"1","9085","1",1,140,"1","4",NA,123.7,"0","0","0","0",19,"0",9.4,-0.8,-3.12,"Graduate",NA
"1","9147","1",1,131,"1","9",NA,132.4,"1","0","0","0",19,"0",9.4,-0.8,-3.12,"Enrolled",NA
"2","8014","0",1,130,"1",NA,NA,114.8,"0","0","0","0",44,"0",7.6,2.6,0.32,"Graduate",1
"1","9003","1",3,130,"1","5","6",130,"0","0","0","0",32,"0",12.4,0.5,1.79,"Dropout",1
"1","9853","1",1,140,"1","9",NA,122.3,"0","0","0","0",22,"0",12.7,3.7,-1.7,"Dropout",2
"2","9003","1",1,130,"1","4","9",152.4,"1","0","0","0",36,"0",8.9,1.4,3.51,"Graduate",1
"1","9773","1",1,125,"1","5",NA,120.1,"0","0","0","1",18,"0",16.2,0.3,-0.92,"Graduate",NA
"1","9130","1",1,160,"1","3","2",155.1,"1","0","0","0",20,"0",12.7,3.7,-1.7,"Graduate",NA
"1","9070","1",1,130,"1","5",NA,124.5,"0","0","0","1",20,"0",11.1,0.6,2.02,"Graduate",NA
"1","9238","1",1,144,"1","2","3",126.9,"0","0","0","0",19,"0",15.5,2.8,-4.06,"Graduate",2
"1","9147","1",19,133.1,"1","3","5",153.2,"1","0","0","0",24,"0",12.4,0.5,1.79,"Graduate",NA
"1","9238","1",1,148,"1","4","9",129.8,"0","0","0","0",20,"0",15.5,2.8,-4.06,"Enrolled",NA
"1","8014","0",1,133.1,"1","2","3",135,"0","0","0","0",27,"0",10.8,1.4,1.74,"Dropout",1
"1","9853","1",1,133,"1","5","10",131.3,"1","0","0","0",20,"0",15.5,2.8,-4.06,"Enrolled",1
"1","9238","1",1,129,"1",NA,NA,125.2,"0","0","0","1",23,"0",9.4,-0.8,-3.12,"Graduate",NA
"1","9500","1",1,144,"1","4",NA,141.3,"1","0","0","1",18,"0",9.4,-0.8,-3.12,"Graduate",1
"1","9238","1",1,120,"1","4","9",117.1,"1","0","0","1",18,"0",12.7,3.7,-1.7,"Graduate",NA
"1","9500","1",1,144,"1","9","9",126.5,"1","0","0","1",20,"0",10.8,1.4,1.74,"Graduate",1
"1","9254","1",1,132,"1","9",NA,120.1,"0","0","0","1",20,"0",13.9,-0.3,0.79,"Graduate",NA
"1","9670","1",1,142,"1",NA,"10",128.4,"0","0","0","0",23,"0",11.1,0.6,2.02,"Dropout",1
"1","9500","1",1,136,"1","9","9",140,"1","0","0","0",20,"0",7.6,2.6,0.32,"Graduate",NA
"1","9254","1",9,133.1,"1",NA,NA,110,"1","0","0","0",28,"0",7.6,2.6,0.32,"Dropout",NA
"1","9670","1",1,122,"1","3","5",116.8,"1","0","0","0",21,"0",7.6,2.6,0.32,"Graduate",NA
"1","9556","1",1,133.1,"1","9","9",104.5,"1","0","0","0",21,"0",12.4,0.5,1.79,"Dropout",1
"1","9500","1",3,140,"1",NA,NA,140,"0","0","0","0",28,"0",7.6,2.6,0.32,"Dropout",NA
"1","9500","1",1,117,"1","3","3",113.2,"0","1","0","0",18,"0",16.2,0.3,-0.92,"Graduate",NA
"1","9238","1",1,128,"1",NA,NA,118.6,"1","0","0","1",21,"0",8.9,1.4,3.51,"Enrolled",NA
"1","9500","1",1,136,"1","4","4",123.8,"0","0","0","0",19,"0",13.9,-0.3,0.79,"Graduate",2
"1","9500","1",1,141,"1","1","1",126.7,"1","0","0","1",18,"0",12.7,3.7,-1.7,"Graduate",1
"1","9500","1",1,130,"1","2","5",133.8,"0","0","0","0",19,"0",7.6,2.6,0.32,"Dropout",NA
"1","9085","1",39,140,"1","9",NA,140,"0","0","0","0",20,"0",13.9,-0.3,0.79,"Enrolled",NA
"1","9500","1",1,102,"1","9","5",100.6,"1","0","0","1",20,"0",12.4,0.5,1.79,"Graduate",NA
"1","9853","1",1,126,"1",NA,"9",132.7,"0","0","0","1",18,"0",10.8,1.4,1.74,"Graduate",NA
"1","9670","1",1,125,"1","4","3",106.6,"1","0","0","0",20,"0",10.8,1.4,1.74,"Dropout",1
"1","9670","1",1,120,"1","5","4",140.4,"0","0","0","0",31,"0",13.9,-0.3,0.79,"Dropout",NA
"1","9500","1",1,132,"1","9",NA,128.3,"1","0","0","1",19,"0",15.5,2.8,-4.06,"Graduate",NA
"1","9500","1",1,128,"1","5","5",118.6,"1","0","0","1",19,"0",13.9,-0.3,0.79,"Graduate",NA
"1","9070","1",1,115,"1","3",NA,123.4,"0","0","0","0",23,"0",13.9,-0.3,0.79,"Graduate",NA
"1","9670","1",1,125,"1","5","5",124,"0","0","0","0",19,"0",12.4,0.5,1.79,"Graduate",1
"1","9500","1",1,137,"1","3","2",121.3,"1","0","0","0",20,"0",7.6,2.6,0.32,"Graduate",1
"1","9085","1",1,101,"1","9","4",101,"1","0","0","0",22,"0",12.4,0.5,1.79,"Enrolled",NA
"1","9853","1",1,126,"1","2","5",116.9,"1","1","0","0",18,"0",13.9,-0.3,0.79,"Enrolled",NA
"1","9130","1",3,130,"1",NA,"5",130,"0","0","0","0",27,"0",12.7,3.7,-1.7,"Dropout",NA
"1","9556","1",19,100,"1","9","9",120,"0","0","0","0",29,"0",12.7,3.7,-1.7,"Dropout",NA
"1","9254","1",1,122,"1","4","3",130.4,"1","0","0","0",18,"0",11.1,0.6,2.02,"Graduate",NA
"1","9070","1",1,126,"1","9",NA,118.7,"0","0","0","0",18,"0",16.2,0.3,-0.92,"Graduate",2
"1","9500","1",1,128,"1",NA,NA,131.5,"0","0","0","0",18,"0",9.4,-0.8,-3.12,"Graduate",NA
"1","9085","1",1,134,"1","9","9",120.4,"1","0","0","0",20,"0",9.4,-0.8,-3.12,"Enrolled",NA
"1","9254","1",1,128,"1","9","9",129.1,"1","0","0","0",18,"0",11.1,0.6,2.02,"Graduate",1
"1","9070","1",1,125,"1","4","4",132,"0","0","0","0",18,"0",13.9,-0.3,0.79,"Enrolled",2
"1","9085","1",3,130,"1","1","1",130,"0","0","0","0",28,"0",10.8,1.4,1.74,"Dropout",1
"1","9500","1",1,135,"1",NA,NA,132.8,"1","0","0","1",18,"0",12.7,3.7,-1.7,"Graduate",NA
"1","9500","1",19,133.1,"1",NA,NA,143.7,"0","0","0","0",27,"0",12.4,0.5,1.79,"Enrolled",1
"1","33","1",1,140,"1","2","4",152.8,"0","0","0","0",26,"0",16.2,0.3,-0.92,"Enrolled",NA
"1","9773","1",1,138,"1","9","3",133.5,"1","0","0","0",18,"0",12.7,3.7,-1.7,"Graduate",NA
"1","9130","1",1,150,"1","2","2",146.2,"0","0","0","0",18,"0",9.4,-0.8,-3.12,"Dropout",NA
"1","9147","1",1,125,"1","4","6",115.2,"0","1","0","0",21,"0",15.5,2.8,-4.06,"Dropout",NA
"1","9070","1",1,121,"1","2","3",120.7,"1","0","0","0",18,"0",9.4,-0.8,-3.12,"Enrolled",NA
"2","8014","0",1,120,"1",NA,NA,101.8,"0","0","0","0",32,"0",10.8,1.4,1.74,"Dropout",NA
"1","9670","1",1,140,"1",NA,NA,100,"0","0","0","0",28,"0",7.6,2.6,0.32,"Graduate",NA
"1","9991","0",1,100,"1","9","2",121.9,"0","0","0","0",40,"0",12.7,3.7,-1.7,"Dropout",NA
"2","8014","0",1,140,"1","9","10",120.4,"0","0","0","0",39,"0",9.4,-0.8,-3.12,"Dropout",2
"2","9238","1",1,140,"1","9","10",120.4,"0","0","0","0",39,"0",9.4,-0.8,-3.12,"Dropout",NA
"2","9003","1",1,120,"1","9","4",148.8,"0","0","0","0",50,"0",8.9,1.4,3.51,"Graduate",1
"1","9853","1",1,138,"1","9","4",123,"1","0","0","0",23,"0",10.8,1.4,1.74,"Dropout",NA
"4","8014","0",19,133.1,"1",NA,NA,100,"0","0","0","0",48,"0",9.4,-0.8,-3.12,"Dropout",NA
"1","9853","1",1,118,"1","9","9",112.1,"1","0","0","0",23,"0",7.6,2.6,0.32,"Dropout",NA
"1","9500","1",1,135,"1","5","5",126.8,"1","0","0","1",18,"0",10.8,1.4,1.74,"Graduate",NA
"1","9130","1",1,130,"1","2","9",115.9,"0","0","0","0",18,"0",9.4,-0.8,-3.12,"Graduate",NA
"1","9238","1",1,150,"26","2",NA,132.5,"1","0","0","0",20,"1",13.9,-0.3,0.79,"Graduate",1
"1","9085","1",1,149,"103","9","9",132.2,"1","0","0","1",18,"1",10.8,1.4,1.74,"Graduate",1
"1","9556","1",1,180,"103","1","1",183.5,"1","0","0","0",18,"1",16.2,0.3,-0.92,"Dropout",NA
"1","9119","1",1,133.1,"1","9","3",136,"0","0","1","0",31,"0",16.2,0.3,-0.92,"Dropout",2
"1","9119","1",19,133.1,"1","5","3",100.9,"1","0","1","0",24,"0",10.8,1.4,1.74,"Enrolled",NA
"1","171","1",1,145,"1","2","10",114.5,"1","0","1","0",24,"0",9.4,-0.8,-3.12,"Graduate",2
"1","9147","1",1,110,"1","9","9",110.3,"0","0","1","0",26,"0",10.8,1.4,1.74,"Dropout",NA
"1","9130","1",1,154,"1","2","2",137.2,"1","0","1","0",18,"0",16.2,0.3,-0.92,"Dropout",2
"1","9147","1",1,126,"1","4",NA,116.9,"0","0","1","1",19,"0",12.7,3.7,-1.7,"Enrolled",NA
"1","9670","1",1,133,"1","9",NA,121.8,"1","0","1","0",22,"0",13.9,-0.3,0.79,"Dropout",NA
"1","9500","1",1,145,"1","2","3",127.3,"1","0","1","0",18,"0",10.8,1.4,1.74,"Graduate",1
"1","9070","1",39,120,"1","4",NA,120,"0","0","1","0",20,"0",16.2,0.3,-0.92,"Dropout",NA
"1","171","1",39,150,"1","2","2",150,"0","0","1","0",25,"0",15.5,2.8,-4.06,"Graduate",2
"1","9991","0",1,150,"1","4","4",100,"1","0","1","0",24,"0",13.9,-0.3,0.79,"Graduate",NA
"1","9119","1",1,150,"1","4","4",150,"1","0","1","0",27,"0",8.9,1.4,3.51,"Dropout",1
"1","9254","1",1,127,"1","4","4",116.9,"0","0","1","0",21,"0",15.5,2.8,-4.06,"Graduate",NA
"1","9003","1",39,140,"1","3","9",140,"1","0","1","0",21,"0",12.4,0.5,1.79,"Graduate",1
"1","9773","1",1,128,"1","9","9",122.1,"1","0","1","0",19,"0",10.8,1.4,1.74,"Dropout",NA
"1","9500","1",1,127,"1","5","5",160,"0","0","1","0",28,"0",16.2,0.3,-0.92,"Graduate",NA
"1","9147","1",1,117,"1","5",NA,118.4,"0","0","1","0",20,"0",7.6,2.6,0.32,"Enrolled",NA
"1","9003","1",39,150,"1","4","10",150,"0","0","1","1",21,"0",15.5,2.8,-4.06,"Graduate",NA
"1","9500","1",1,154,"1","5","3",144.9,"0","0","1","1",18,"0",16.2,0.3,-0.92,"Graduate",2
"1","9119","1",1,127,"1","9","10",121.1,"1","0","1","1",18,"0",8.9,1.4,3.51,"Enrolled",NA
"1","9147","1",1,133,"1","5","10",121.8,"0","0","1","0",20,"0",15.5,2.8,-4.06,"Enrolled",NA
"1","9119","1",40,120,"1","5","10",146.8,"0","0","1","0",25,"0",16.2,0.3,-0.92,"Enrolled",NA
"1","9670","1",1,133.1,"1","5","6",138,"0","0","1","0",22,"0",11.1,0.6,2.02,"Enrolled",NA
"1","9500","1",1,149,"1","9","9",138,"0","0","1","0",18,"0",9.4,-0.8,-3.12,"Enrolled",2
"1","9147","1",1,125,"1","9",NA,116.3,"1","0","1","0",19,"0",13.9,-0.3,0.79,"Graduate",NA
"1","9119","1",1,126,"1","4","5",122.5,"1","0","1","0",19,"0",12.4,0.5,1.79,"Dropout",NA
"1","9773","1",19,133.1,"1",NA,"9",115,"1","0","1","0",25,"0",12.7,3.7,-1.7,"Dropout",NA
"1","9070","1",1,115,"1","1","10",115,"0","0","1","0",21,"0",15.5,2.8,-4.06,"Dropout",2
"1","9119","1",1,117,"1","3","2",119.8,"1","0","1","0",19,"0",11.1,0.6,2.02,"Dropout",NA
"1","9147","1",1,133.1,"1","4","4",95,"0","0","1","0",20,"0",11.1,0.6,2.02,"Dropout",2
"1","9003","1",39,150,"1","2","2",150,"0","0","1","0",25,"0",15.5,2.8,-4.06,"Dropout",NA
"1","9147","1",1,130,"1",NA,"4",117.8,"1","0","1","0",20,"0",10.8,1.4,1.74,"Enrolled",NA
"1","171","1",1,161,"1","9","9",144.2,"1","0","1","0",18,"0",7.6,2.6,0.32,"Graduate",NA
"1","9254","1",39,130,"1",NA,NA,130,"1","0","1","0",23,"0",8.9,1.4,3.51,"Enrolled",NA
"1","9500","1",1,111,"1","9","10",128.2,"1","0","1","0",23,"0",9.4,-0.8,-3.12,"Graduate",NA
"1","9003","1",42,140,"1",NA,NA,135.3,"0","0","1","0",21,"0",8.9,1.4,3.51,"Graduate",NA
"1","9130","1",1,132,"1","3","3",143.9,"1","0","1","0",20,"0",9.4,-0.8,-3.12,"Enrolled",NA
"1","9991","0",1,139,"1","4","10",140.7,"0","0","1","0",25,"0",12.4,0.5,1.79,"Dropout",NA
"1","9130","1",1,132,"1","9","9",130.4,"1","0","1","0",18,"0",8.9,1.4,3.51,"Graduate",1
"1","9070","1",6,119,"1","9","9",123.2,"1","0","1","0",22,"0",10.8,1.4,1.74,"Graduate",NA
"1","9670","1",1,133.1,"1","3","9",118,"0","0","1","0",27,"0",8.9,1.4,3.51,"Graduate",NA
"1","9003","1",19,133.1,"1","2","4",120,"0","0","1","0",25,"0",16.2,0.3,-0.92,"Dropout",NA
"1","9119","1",1,129,"1",NA,"5",118.9,"1","0","1","0",18,"0",7.6,2.6,0.32,"Dropout",NA
"1","9085","1",1,128,"1",NA,NA,117.2,"0","0","1","0",20,"0",12.7,3.7,-1.7,"Graduate",NA
"1","9003","1",1,120,"1","2","2",120,"0","0","1","0",27,"0",16.2,0.3,-0.92,"Graduate",NA
"1","8014","0",1,130,"1","9","9",118.1,"0","0","1","0",20,"0",7.6,2.6,0.32,"Graduate",NA
"1","9147","1",1,130,"1","9","9",124.8,"1","0","1","0",22,"0",7.6,2.6,0.32,"Dropout",NA
"1","9119","1",1,111,"1","5","10",106.5,"1","0","1","0",19,"0",12.4,0.5,1.79,"Dropout",NA
"1","9147","1",1,121,"1","4","5",116.8,"0","0","1","0",20,"0",13.9,-0.3,0.79,"Enrolled",NA
"1","171","1",1,117,"1","9","10",109.3,"0","0","1","0",19,"0",9.4,-0.8,-3.12,"Graduate",NA
"2","9085","1",9,133.1,"1","4","4",120,"1","0","1","0",29,"0",9.4,-0.8,-3.12,"Dropout",NA
"1","9500","1",1,149,"1","9","9",137.5,"0","0","1","0",19,"0",12.7,3.7,-1.7,"Graduate",2
"1","9991","0",1,172,"1","9",NA,150,"1","0","0","1",28,"0",9.4,-0.8,-3.12,"Enrolled",NA
"2","9238","1",1,134,"1","5","5",120.4,"0","0","0","0",20,"0",7.6,2.6,0.32,"Graduate",1
"1","9070","1",1,136,"1","9",NA,136.7,"1","0","0","0",20,"0",10.8,1.4,1.74,"Graduate",1
"1","8014","0",1,133.1,"1",NA,"1",118.5,"1","0","0","0",31,"0",7.6,2.6,0.32,"Dropout",NA
"1","9500","1",1,141,"1","5","5",133,"1","0","0","0",18,"0",13.9,-0.3,0.79,"Graduate",NA
"1","9670","1",1,141,"1",NA,NA,128.8,"1","0","0","0",19,"0",8.9,1.4,3.51,"Enrolled",NA
"1","9147","1",1,148,"1","9",NA,133,"1","0","0","0",18,"0",13.9,-0.3,0.79,"Graduate",1
"1","9254","1",1,102,"1",NA,NA,102,"0","0","0","0",19,"0",10.8,1.4,1.74,"Graduate",NA
"1","9147","1",1,143,"1","3","3",133.9,"0","0","0","1",18,"0",12.7,3.7,-1.7,"Graduate",2
"1","9085","1",1,120,"1",NA,NA,127,"0","0","0","0",19,"0",7.6,2.6,0.32,"Graduate",NA
"1","9773","1",1,121,"1","9",NA,120.4,"1","0","0","1",18,"0",15.5,2.8,-4.06,"Graduate",1
"1","9254","1",1,122,"1","9","3",124.5,"1","0","0","0",19,"0",7.6,2.6,0.32,"Graduate",NA
"1","9556","1",1,122,"1","5","4",123.9,"0","0","0","0",19,"0",13.9,-0.3,0.79,"Graduate",NA
"1","9670","1",1,123,"1","9","3",117.8,"1","0","0","0",18,"0",10.8,1.4,1.74,"Graduate",NA
"1","9500","1",1,133,"1","2",NA,126.7,"0","0","0","0",19,"0",16.2,0.3,-0.92,"Enrolled",NA
"1","9670","1",39,110,"1","9","4",110,"0","0","0","1",20,"0",11.1,0.6,2.02,"Graduate",NA
"1","9670","1",1,155,"1","4",NA,134.7,"1","0","0","0",20,"0",12.7,3.7,-1.7,"Enrolled",NA
"1","9003","1",1,119,"1","4","6",113.2,"0","0","0","0",20,"0",11.1,0.6,2.02,"Enrolled",NA
"1","9991","0",3,120,"1","9","9",141,"0","0","0","0",29,"0",10.8,1.4,1.74,"Dropout",NA
"1","9853","1",1,133.1,"1",NA,NA,111.5,"0","0","0","1",20,"0",7.6,2.6,0.32,"Dropout",NA
"4","9853","1",1,143,"1","9","10",140,"0","0","0","0",31,"0",8.9,1.4,3.51,"Dropout",NA
"1","9670","1",1,149,"1",NA,"4",134.3,"0","1","0","0",20,"0",10.8,1.4,1.74,"Graduate",1
"1","9003","1",1,133,"1","9","9",125.3,"1","0","0","0",21,"0",15.5,2.8,-4.06,"Graduate",NA
"1","9130","1",3,140,"1","9","9",140,"1","0","0","0",23,"0",12.4,0.5,1.79,"Dropout",1
"1","9070","1",1,122,"1","5",NA,119.6,"0","0","0","0",21,"0",10.8,1.4,1.74,"Dropout",1
"1","9500","1",40,170,"1","9","4",170,"0","0","0","0",24,"0",16.2,0.3,-0.92,"Graduate",NA
"1","8014","0",1,120,"1","4","4",150.5,"0","0","0","0",27,"0",15.5,2.8,-4.06,"Graduate",NA
"1","9500","1",1,143,"1","3",NA,128,"0","0","0","1",18,"0",13.9,-0.3,0.79,"Graduate",2
"1","171","1",1,115,"1","6","6",108.7,"1","0","0","0",21,"0",9.4,-0.8,-3.12,"Dropout",1
"1","9130","1",1,123,"1","3","2",121.6,"1","0","0","1",19,"0",7.6,2.6,0.32,"Dropout",NA
"1","9500","1",1,131,"1",NA,NA,125.3,"1","0","0","1",19,"0",10.8,1.4,1.74,"Graduate",NA
"1","9085","1",1,127,"1",NA,NA,117.6,"0","0","0","0",18,"0",12.4,0.5,1.79,"Dropout",NA
"1","9500","1",1,126,"1","6","5",124.3,"1","0","0","1",18,"0",7.6,2.6,0.32,"Enrolled",NA
"1","9853","1",1,112,"1",NA,NA,106.1,"1","0","0","1",20,"0",8.9,1.4,3.51,"Graduate",NA
"2","8014","0",1,150,"1","4",NA,139.9,"1","0","0","0",24,"0",9.4,-0.8,-3.12,"Graduate",1
"1","9070","1",1,116,"1","1","1",110.8,"1","0","0","0",20,"0",12.4,0.5,1.79,"Graduate",1
"1","9147","1",1,118,"1","5",NA,118,"0","0","0","0",20,"0",12.4,0.5,1.79,"Enrolled",NA
"1","9500","1",1,130,"1","9","9",117.8,"1","0","0","1",19,"0",12.7,3.7,-1.7,"Graduate",1
"1","9500","1",1,144,"1","9","9",127.5,"1","0","0","1",18,"0",12.7,3.7,-1.7,"Graduate",NA
"1","9238","1",3,105,"1",NA,NA,129.7,"1","0","0","1",20,"0",9.4,-0.8,-3.12,"Graduate",1
"1","9500","1",1,143,"1","9",NA,130.6,"1","0","0","0",20,"0",16.2,0.3,-0.92,"Graduate",1
"1","9500","1",1,137,"1","4",NA,126.3,"1","0","0","1",19,"0",11.1,0.6,2.02,"Graduate",NA
"1","9085","1",39,140,"1","2","3",140,"1","0","0","0",19,"0",12.4,0.5,1.79,"Enrolled",1
"1","9773","1",1,133.1,"1","4","5",105,"1","0","0","0",20,"0",12.7,3.7,-1.7,"Graduate",NA
"1","9147","1",1,116,"1","4","3",114.6,"1","0","0","0",19,"0",13.9,-0.3,0.79,"Dropout",NA
"1","9853","1",1,117,"1","9",NA,114.6,"1","0","0","0",19,"0",9.4,-0.8,-3.12,"Dropout",NA
"1","9500","1",1,137,"1",NA,"5",131,"1","0","0","1",18,"0",9.4,-0.8,-3.12,"Graduate",NA
"1","9070","1",1,116,"1","9","9",109,"0","0","0","1",23,"0",11.1,0.6,2.02,"Dropout",NA
"1","9853","1",1,133.1,"1","9",NA,132,"1","0","0","0",21,"0",12.7,3.7,-1.7,"Dropout",NA
"1","8014","0",39,130,"1","6","6",130,"1","0","0","0",23,"0",11.1,0.6,2.02,"Graduate",NA
"1","9500","1",1,106,"1","9",NA,109.5,"1","0","0","0",19,"0",13.9,-0.3,0.79,"Graduate",1
"1","9773","1",1,125,"1","5","6",115.9,"1","0","0","0",18,"0",12.4,0.5,1.79,"Graduate",NA
"1","9773","1",1,134,"1","9","9",131.6,"1","1","0","0",19,"0",10.8,1.4,1.74,"Graduate",NA
"1","9500","1",1,133.1,"1","9","9",120,"0","0","0","1",25,"0",12.7,3.7,-1.7,"Graduate",NA
"1","9853","1",1,117,"1","4","9",109.7,"1","0","0","0",19,"0",9.4,-0.8,-3.12,"Enrolled",NA
"1","9500","1",1,136,"1","5",NA,136.4,"0","0","0","1",19,"0",13.9,-0.3,0.79,"Graduate",2
"1","9556","1",1,120,"1",NA,NA,120,"0","0","0","1",24,"0",12.7,3.7,-1.7,"Graduate",NA
"1","9670","1",1,135,"1","9",NA,132.6,"1","0","0","1",18,"0",8.9,1.4,3.51,"Graduate",NA
"1","9238","1",1,122,"1",NA,"5",112.9,"1","0","0","1",19,"0",16.2,0.3,-0.92,"Graduate",NA
"1","9500","1",1,147,"1","9","9",134.3,"0","0","0","1",18,"0",12.7,3.7,-1.7,"Graduate",NA
"1","9991","0",1,120,"1","9","4",123.2,"0","0","0","0",27,"0",10.8,1.4,1.74,"Enrolled",NA
"1","9238","1",1,121,"1","4","5",117.2,"0","0","0","0",19,"0",15.5,2.8,-4.06,"Graduate",NA
"1","9773","1",1,135,"1","3","3",129.8,"0","0","0","1",18,"0",12.7,3.7,-1.7,"Dropout",NA
"2","9670","1",1,130,"1","9",NA,158,"0","0","0","0",34,"0",12.7,3.7,-1.7,"Dropout",NA
"1","9147","1",1,128,"1","9","9",116.5,"0","0","0","0",18,"0",7.6,2.6,0.32,"Enrolled",1
"1","9147","1",1,129,"1","4","9",121,"1","0","0","0",18,"0",7.6,2.6,0.32,"Enrolled",1
"1","9500","1",1,143,"1",NA,NA,133.8,"1","0","0","0",18,"0",9.4,-0.8,-3.12,"Enrolled",NA
"1","9773","1",1,108,"1",NA,NA,115,"1","0","0","0",20,"0",8.9,1.4,3.51,"Dropout",NA
"1","9147","1",1,130,"1","9","9",131.8,"1","0","0","1",19,"0",7.6,2.6,0.32,"Enrolled",1
"1","9238","1",1,135,"1","3","5",121,"0","0","0","0",21,"0",7.6,2.6,0.32,"Enrolled",NA
"2","9991","0",3,140,"1","9",NA,152.4,"0","0","0","0",26,"0",10.8,1.4,1.74,"Graduate",1
"1","9556","1",1,120,"1","4","3",110.2,"0","0","0","0",27,"0",10.8,1.4,1.74,"Graduate",1
"1","9670","1",1,117,"1","5","1",113.5,"1","0","0","0",20,"0",9.4,-0.8,-3.12,"Graduate",NA
"1","9238","1",1,151,"1","5",NA,144.4,"1","0","0","0",18,"0",16.2,0.3,-0.92,"Graduate",1
"1","9085","1",42,140,"1","5","5",143.3,"1","0","0","0",23,"0",8.9,1.4,3.51,"Enrolled",NA
"1","9500","1",19,133.1,"1","4","3",100,"0","0","0","0",24,"0",12.7,3.7,-1.7,"Graduate",NA
"1","9238","1",39,130,"1","6","9",126.3,"1","0","0","1",19,"0",13.9,-0.3,0.79,"Graduate",1
"1","9773","1",1,125,"1","3","5",115.9,"0","0","0","0",19,"0",10.8,1.4,1.74,"Graduate",NA
"1","9238","1",1,125,"1","9","6",114.9,"1","0","0","1",19,"0",8.9,1.4,3.51,"Enrolled",1
"1","9238","1",1,135,"1","5","10",121,"0","0","0","0",18,"0",7.6,2.6,0.32,"Enrolled",NA
"1","8014","0",1,121,"1","5",NA,112.3,"0","0","0","0",22,"0",16.2,0.3,-0.92,"Graduate",NA
"1","9070","1",1,141,"1","5","10",127,"0","0","0","0",20,"0",12.7,3.7,-1.7,"Graduate",2
"1","9003","1",1,130,"1","9","9",120,"0","0","0","0",25,"0",11.1,0.6,2.02,"Dropout",1
"1","9003","1",39,180,"1","4","2",180,"0","0","0","0",21,"0",15.5,2.8,-4.06,"Graduate",NA
"1","9500","1",1,117,"1",NA,NA,117.4,"1","0","0","0",19,"0",11.1,0.6,2.02,"Enrolled",NA
"1","9773","1",1,127,"1","4","1",115.8,"1","0","0","0",18,"0",13.9,-0.3,0.79,"Graduate",NA
"1","9670","1",1,126,"1",NA,NA,136.5,"1","0","0","0",18,"0",7.6,2.6,0.32,"Graduate",NA
"1","9500","1",1,143,"1","9",NA,129,"1","0","1","0",19,"0",13.9,-0.3,0.79,"Graduate",2
"1","9085","1",1,144,"13","6","6",137.6,"1","0","0","1",19,"1",10.8,1.4,1.74,"Graduate",NA
"1","9773","1",1,126,"1","5","5",129.5,"1","0","0","0",18,"0",10.8,1.4,1.74,"Dropout",1
"1","9238","1",39,140,"1","5",NA,129.1,"1","0","0","1",20,"0",12.4,0.5,1.79,"Graduate",1
"1","9500","1",1,148,"1","4",NA,130.2,"1","0","0","0",19,"0",12.4,0.5,1.79,"Dropout",1
"1","9500","1",1,100,"1","5",NA,134.3,"1","0","0","0",28,"0",16.2,0.3,-0.92,"Graduate",NA
"1","9238","1",1,151,"1","9","9",138.4,"1","0","0","1",20,"0",12.7,3.7,-1.7,"Graduate",1
"1","8014","0",1,120,"1",NA,NA,120,"1","0","0","0",30,"0",7.6,2.6,0.32,"Dropout",NA
"1","9500","1",1,135,"1","9",NA,123.5,"1","0","0","1",19,"0",12.4,0.5,1.79,"Graduate",NA
"1","9070","1",1,121,"1","3","3",116.1,"1","0","0","0",22,"0",12.7,3.7,-1.7,"Graduate",1
"1","9254","1",1,116,"1","5",NA,110.8,"1","0","0","0",18,"0",11.1,0.6,2.02,"Graduate",NA
"1","9853","1",1,147,"1","9","9",142.8,"1","0","0","0",23,"0",7.6,2.6,0.32,"Dropout",NA
"1","9070","1",1,160,"1","5",NA,155.5,"1","0","0","0",18,"0",11.1,0.6,2.02,"Graduate",NA
"1","9853","1",1,133,"1",NA,NA,126.7,"1","0","0","0",18,"0",15.5,2.8,-4.06,"Enrolled",1
"2","9773","1",19,100,"1",NA,NA,163.5,"0","0","1","0",50,"0",10.8,1.4,1.74,"Dropout",NA
"1","171","1",1,151,"41","2","5",161.9,"1","0","0","1",19,"1",13.9,-0.3,0.79,"Graduate",1
"1","9254","1",1,124,"41","9","9",123.3,"1","0","0","0",22,"1",13.9,-0.3,0.79,"Graduate",1
"1","9238","1",39,140,"41","4","6",137.5,"0","0","0","1",23,"1",12.4,0.5,1.79,"Graduate",2
"1","9085","1",1,170,"1","4","5",166.6,"0","0","0","1",20,"0",12.7,3.7,-1.7,"Dropout",2
"4","9238","1",19,133.1,"1","9","10",103.5,"0","0","0","0",44,"0",13.9,-0.3,0.79,"Dropout",2
"4","9003","1",19,133.1,"1","9","9",110,"0","0","1","0",49,"0",15.5,2.8,-4.06,"Graduate",2
"2","9991","0",1,100,"1","9","9",128.2,"0","0","1","0",46,"0",7.6,2.6,0.32,"Graduate",2
"1","9085","1",39,120,"1","1","9",137.7,"1","0","1","0",41,"0",12.4,0.5,1.79,"Dropout",NA
"1","9500","1",1,133,"1","9",NA,128.8,"1","0","1","0",18,"0",13.9,-0.3,0.79,"Graduate",NA
"3","9991","0",1,120,"1","9","2",170,"0","0","1","0",43,"0",9.4,-0.8,-3.12,"Graduate",NA
"4","9147","1",19,133.1,"1","9",NA,116.4,"0","0","1","0",70,"0",10.8,1.4,1.74,"Dropout",NA
"4","9130","1",19,133.1,"1","9","4",100.9,"0","0","1","0",48,"0",15.5,2.8,-4.06,"Dropout",NA
"2","9003","1",1,133.1,"1","9",NA,136,"0","0","1","0",41,"0",15.5,2.8,-4.06,"Graduate",NA
"1","9254","1",1,140,"1","9","3",130,"0","0","1","0",21,"0",12.7,3.7,-1.7,"Enrolled",2
"1","33","1",1,100,"41","9",NA,100,"0","0","1","0",35,"1",16.2,0.3,-0.92,"Dropout",NA
"2","9130","1",19,133.1,"1","2","9",157,"1","0","1","0",44,"0",10.8,1.4,1.74,"Graduate",NA
"1","9147","1",1,143,"1","5","5",152.1,"1","0","1","0",18,"0",13.9,-0.3,0.79,"Dropout",2
"2","8014","0",1,165,"1",NA,NA,162.9,"1","0","1","0",45,"0",7.6,2.6,0.32,"Graduate",NA
"1","9254","1",1,154,"1","2","1",137.2,"0","0","1","0",20,"0",15.5,2.8,-4.06,"Enrolled",2
"1","9003","1",39,140,"1","9","1",140,"1","0","1","0",22,"0",12.4,0.5,1.79,"Graduate",NA
"1","9119","1",1,140,"1","5",NA,146.5,"0","0","1","0",39,"0",13.9,-0.3,0.79,"Dropout",NA
"1","9085","1",39,130,"1","6","6",130,"0","0","1","0",20,"0",12.4,0.5,1.79,"Enrolled",NA
"2","9147","1",19,133.1,"1","9","3",128,"0","0","1","0",49,"0",8.9,1.4,3.51,"Dropout",NA
"1","9556","1",4,190,"1","2","2",190,"1","0","1","0",43,"0",11.1,0.6,2.02,"Dropout",1
"2","9991","0",1,120,"1","9","9",133.2,"1","0","1","0",32,"0",7.6,2.6,0.32,"Dropout",NA
"1","9238","1",12,100,"1","9","9",124.3,"0","0","1","0",47,"0",10.8,1.4,1.74,"Graduate",NA
"5","9991","0",1,120,"1","9","9",138.1,"0","0","1","1",37,"0",16.2,0.3,-0.92,"Dropout",2
"2","8014","0",1,133.1,"1","4",NA,144.3,"0","0","1","0",41,"0",10.8,1.4,1.74,"Graduate",NA
"2","9003","1",1,150,"1","9","6",140,"0","0","1","0",60,"0",15.5,2.8,-4.06,"Graduate",NA
"2","9254","1",1,120,"1","9","9",148.3,"0","0","1","0",47,"0",10.8,1.4,1.74,"Graduate",NA
"1","8014","0",1,133.1,"1","9",NA,96,"0","0","1","0",50,"0",12.4,0.5,1.79,"Dropout",2
"2","9991","0",19,133.1,"1",NA,NA,121.7,"1","0","1","0",45,"0",7.6,2.6,0.32,"Dropout",1
"1","9119","1",1,100,"1","9",NA,160,"0","0","1","0",45,"0",15.5,2.8,-4.06,"Dropout",2
"2","9085","1",1,133.1,"1",NA,NA,110.3,"0","0","1","0",33,"0",7.6,2.6,0.32,"Graduate",2
"1","9500","1",1,143,"1","2","2",129,"0","0","1","0",18,"0",10.8,1.4,1.74,"Graduate",NA
"2","9085","1",1,120,"1","6","6",150,"0","0","1","0",43,"0",9.4,-0.8,-3.12,"Graduate",NA
"1","8014","0",1,161,"1","4","10",100,"0","0","1","0",44,"0",12.7,3.7,-1.7,"Graduate",2
"1","9130","1",9,133.1,"1",NA,NA,107.5,"0","0","1","0",29,"0",7.6,2.6,0.32,"Dropout",NA
"4","9670","1",1,140,"1","3","9",170,"0","0","1","0",53,"0",12.7,3.7,-1.7,"Dropout",NA
"2","9991","0",6,123,"1","9","9",123,"0","0","1","0",37,"0",9.4,-0.8,-3.12,"Enrolled",NA
"1","9670","1",1,142,"1",NA,"10",138.5,"1","0","1","0",18,"0",13.9,-0.3,0.79,"Enrolled",2
"1","33","1",19,133.1,"1","4","4",140,"0","0","1","0",35,"0",16.2,0.3,-0.92,"Dropout",2
"1","9254","1",1,115,"1","3",NA,113.6,"0","0","1","0",23,"0",11.1,0.6,2.02,"Enrolled",NA
"1","171","1",1,156,"1","9","5",170,"1","0","1","0",22,"0",7.6,2.6,0.32,"Graduate",1
"1","8014","0",1,140,"1",NA,"5",115.5,"0","0","1","0",33,"0",10.8,1.4,1.74,"Dropout",NA
"1","9130","1",3,130,"1",NA,"10",130,"0","0","1","0",41,"0",10.8,1.4,1.74,"Dropout",2
"4","9500","1",3,140,"1","9",NA,140,"0","0","1","0",51,"0",13.9,-0.3,0.79,"Graduate",NA
"1","9670","1",1,140,"1","3","3",126.6,"0","0","1","0",19,"0",11.1,0.6,2.02,"Graduate",NA
"1","9991","0",1,133.1,"1","9","9",143.2,"0","0","1","0",35,"0",11.1,0.6,2.02,"Dropout",NA
"1","171","1",1,131,"41","4",NA,131.4,"1","0","1","0",20,"1",7.6,2.6,0.32,"Graduate",NA
"1","9670","1",1,141,"1","2","2",133.3,"1","0","1","0",18,"0",13.9,-0.3,0.79,"Enrolled",1
"1","9773","1",1,120,"1","9","9",118.3,"0","0","1","1",18,"0",13.9,-0.3,0.79,"Dropout",NA
"1","9003","1",39,140,"1","4","6",140,"0","0","1","0",21,"0",13.9,-0.3,0.79,"Graduate",NA
"1","9254","1",1,132,"1","6","6",124.7,"1","0","1","0",21,"0",13.9,-0.3,0.79,"Graduate",NA
"2","9147","1",1,130,"1","4",NA,140,"0","0","1","0",34,"0",9.4,-0.8,-3.12,"Graduate",NA
"4","9130","1",1,140,"1","6",NA,150,"1","0","1","0",34,"0",16.2,0.3,-0.92,"Dropout",NA
"1","9670","1",1,110,"1","4","10",115.6,"1","0","1","0",21,"0",11.1,0.6,2.02,"Graduate",NA
"1","9773","1",1,140,"1","3",NA,116.9,"0","0","1","0",32,"0",13.9,-0.3,0.79,"Enrolled",2
"1","9254","1",1,130,"1","5",NA,123.4,"1","0","1","0",30,"0",7.6,2.6,0.32,"Dropout",NA
"1","171","1",1,137,"1","3",NA,146.5,"1","0","1","0",19,"0",8.9,1.4,3.51,"Enrolled",NA
"1","9773","1",1,158,"1",NA,NA,117.1,"1","0","1","0",20,"0",8.9,1.4,3.51,"Dropout",NA
"1","9070","1",1,124,"1","9",NA,113.9,"1","0","1","0",18,"0",12.4,0.5,1.79,"Dropout",1
"1","9254","1",1,136,"1","2","2",128.7,"0","0","1","0",19,"0",8.9,1.4,3.51,"Graduate",2
"1","9500","1",1,142,"1","3","3",132.9,"1","0","1","0",18,"0",12.4,0.5,1.79,"Dropout",1
"1","9991","0",1,150,"1","4",NA,123,"0","0","1","0",27,"0",12.7,3.7,-1.7,"Dropout",NA
"1","9773","1",12,120,"1","9","9",129.8,"1","0","1","0",52,"0",9.4,-0.8,-3.12,"Graduate",NA
"2","9003","1",1,149,"1","4","5",156.1,"1","0","1","0",29,"0",15.5,2.8,-4.06,"Dropout",NA
"1","9003","1",39,130,"1","4","4",120,"1","0","1","0",22,"0",8.9,1.4,3.51,"Dropout",NA
"1","9085","1",1,110,"25","9","6",117.2,"1","0","1","0",28,"1",15.5,2.8,-4.06,"Graduate",NA
"1","9670","1",6,133.1,"1",NA,"3",107,"1","0","1","0",30,"0",7.6,2.6,0.32,"Dropout",NA
"1","9500","1",1,134,"1","5","3",128.4,"1","0","0","0",18,"0",16.2,0.3,-0.92,"Graduate",NA
"1","9670","1",1,130,"1","5","5",123.4,"1","0","0","0",21,"0",9.4,-0.8,-3.12,"Graduate",NA
"1","9070","1",1,141,"1","9","9",126.7,"1","0","0","1",20,"0",12.7,3.7,-1.7,"Graduate",1
"1","9500","1",1,123,"1","3","3",123,"1","0","0","1",21,"0",9.4,-0.8,-3.12,"Graduate",NA
"2","9991","0",19,133.1,"1",NA,"9",137.2,"0","0","0","0",32,"0",10.8,1.4,1.74,"Dropout",1
"1","9070","1",1,122,"1","9","9",125.9,"1","0","1","1",20,"0",12.4,0.5,1.79,"Graduate",1
"1","171","1",1,132,"1","4","5",138,"1","0","1","0",19,"0",15.5,2.8,-4.06,"Dropout",2
"1","9670","1",1,133.1,"41","9","5",128.2,"0","0","1","0",18,"1",8.9,1.4,3.51,"Dropout",2
"1","9991","0",1,130,"1","9","4",126.5,"1","0","1","0",23,"0",7.6,2.6,0.32,"Dropout",1
"1","9254","1",1,111,"1","3","3",112.4,"1","0","1","0",20,"0",12.4,0.5,1.79,"Graduate",NA
"2","9147","1",1,133.1,"1","9","9",109,"1","0","0","0",46,"0",9.4,-0.8,-3.12,"Graduate",NA
"1","9003","1",1,125,"1","2","2",100,"0","0","1","0",27,"0",15.5,2.8,-4.06,"Graduate",NA
"1","171","1",1,137,"1","1","10",144.7,"1","0","1","0",20,"0",16.2,0.3,-0.92,"Enrolled",NA
"2","8014","0",19,100,"1","9","9",120,"1","0","1","0",41,"0",9.4,-0.8,-3.12,"Graduate",NA
"1","9147","1",1,133.1,"21",NA,"3",100,"0","0","1","0",40,"1",11.1,0.6,2.02,"Enrolled",2
"2","8014","0",39,150,"1","5","5",154,"0","0","1","0",37,"0",12.4,0.5,1.79,"Graduate",2
"1","9147","1",1,120,"1","5","10",111.3,"0","0","1","0",20,"0",12.4,0.5,1.79,"Enrolled",NA
"1","9130","1",39,150,"1","4","4",150,"1","0","0","0",20,"0",10.8,1.4,1.74,"Enrolled",1
"1","9991","0",40,133.1,"1","4","1",100,"0","0","0","0",26,"0",12.4,0.5,1.79,"Graduate",NA
"2","8014","0",1,133.1,"1","9",NA,162.5,"0","0","1","0",54,"0",8.9,1.4,3.51,"Graduate",NA
"1","9670","1",1,132,"1","5","5",134.1,"1","0","1","0",21,"0",10.8,1.4,1.74,"Graduate",NA
"1","9085","1",1,134,"1","9","9",133,"1","0","0","1",20,"0",11.1,0.6,2.02,"Graduate",NA
"1","9773","1",1,126,"1","5","5",119,"1","0","0","0",18,"0",12.4,0.5,1.79,"Dropout",1
"1","9500","1",1,136,"1","4","9",131.1,"1","0","0","0",19,"0",15.5,2.8,-4.06,"Enrolled",1
"1","9238","1",1,129,"1","4","10",129.4,"1","0","0","0",18,"0",9.4,-0.8,-3.12,"Graduate",NA
"1","9085","1",1,126,"1","2",NA,123.9,"1","0","0","0",19,"0",12.4,0.5,1.79,"Enrolled",NA
"1","9085","1",39,140,"1","4",NA,140,"1","0","0","0",22,"0",13.9,-0.3,0.79,"Dropout",NA
"1","9085","1",1,162,"1","4","4",162,"0","0","0","0",19,"0",12.4,0.5,1.79,"Graduate",NA
"1","171","1",1,148,"1","4","2",131.6,"1","0","0","0",21,"0",8.9,1.4,3.51,"Dropout",1
"1","9853","1",1,119,"1",NA,NA,110.6,"0","0","0","0",20,"0",11.1,0.6,2.02,"Enrolled",NA
"1","9773","1",1,123,"1","5","5",117.4,"1","0","0","1",18,"0",16.2,0.3,-0.92,"Graduate",1
"1","9773","1",1,150,"1",NA,NA,137.8,"1","0","0","1",18,"0",8.9,1.4,3.51,"Graduate",1
"1","9670","1",1,113,"1","5","4",106.7,"1","0","0","0",20,"0",15.5,2.8,-4.06,"Dropout",1
"1","9500","1",1,152,"1","3",NA,156.9,"0","0","0","1",18,"0",15.5,2.8,-4.06,"Graduate",2
"1","9500","1",1,154,"1","1","3",129,"1","0","0","0",18,"0",9.4,-0.8,-3.12,"Enrolled",NA
"1","9773","1",1,130,"1","9","9",124.8,"1","0","0","1",20,"0",12.4,0.5,1.79,"Graduate",NA
"1","9238","1",1,121,"1","1","1",115.1,"1","0","0","0",19,"0",11.1,0.6,2.02,"Graduate",1
"1","9070","1",1,153,"1","1","2",146.7,"1","0","0","0",18,"0",12.7,3.7,-1.7,"Graduate",NA
"1","9500","1",1,148,"1","4","5",132.8,"0","0","0","0",18,"0",10.8,1.4,1.74,"Graduate",NA
"1","9085","1",1,143,"1",NA,NA,159.1,"0","0","0","1",18,"0",7.6,2.6,0.32,"Dropout",1
"1","171","1",1,147,"1","5","4",137.6,"1","0","0","1",20,"0",12.7,3.7,-1.7,"Graduate",NA
"1","9773","1",1,138,"1","9","9",124,"0","0","0","1",19,"0",11.1,0.6,2.02,"Graduate",1
"1","9500","1",1,120,"1","2","2",149,"0","0","1","0",36,"0",15.5,2.8,-4.06,"Dropout",NA
"1","9238","1",1,145,"1","9","2",129.6,"0","0","0","1",19,"0",11.1,0.6,2.02,"Graduate",1
"1","9238","1",1,118,"1","2","5",110,"1","0","0","0",18,"0",8.9,1.4,3.51,"Graduate",1
"1","9773","1",1,121,"1","3","3",116.1,"0","0","0","1",18,"0",12.4,0.5,1.79,"Graduate",NA
"1","9773","1",1,135,"1","5",NA,133.3,"1","0","0","1",18,"0",8.9,1.4,3.51,"Graduate",NA
"1","9070","1",1,140,"1","9",NA,144.3,"1","0","0","0",19,"0",12.4,0.5,1.79,"Graduate",1
"1","9500","1",1,145,"1","4",NA,133.6,"1","0","0","0",18,"0",11.1,0.6,2.02,"Graduate",NA
"1","9130","1",1,133,"1","9","9",123.2,"1","0","0","1",19,"0",8.9,1.4,3.51,"Graduate",1
"1","9853","1",1,127,"1","3",NA,137.2,"1","0","0","0",18,"0",10.8,1.4,1.74,"Enrolled",NA
"1","9070","1",42,130,"1","3","5",130,"1","0","0","1",22,"0",8.9,1.4,3.51,"Enrolled",NA
"1","9238","1",1,117,"1","9",NA,110,"1","0","0","0",18,"0",11.1,0.6,2.02,"Dropout",NA
"1","9147","1",1,125,"1","5","5",118,"1","0","0","0",19,"0",8.9,1.4,3.51,"Graduate",1
"1","9773","1",1,141,"1","9","9",128.4,"1","0","0","0",18,"0",11.1,0.6,2.02,"Graduate",1
"1","9853","1",1,122,"1","5","3",113.6,"0","0","0","0",19,"0",11.1,0.6,2.02,"Graduate",NA
"1","9147","1",1,118,"1","9","3",113.5,"1","0","0","0",20,"0",11.1,0.6,2.02,"Enrolled",NA
"1","9070","1",1,142,"1","3","5",146.9,"1","0","0","1",18,"0",16.2,0.3,-0.92,"Graduate",NA
"1","9130","1",1,143,"1","2","10",141.3,"0","0","0","0",23,"0",11.1,0.6,2.02,"Enrolled",NA
"1","9773","1",1,143,"1","4",NA,129.7,"1","0","0","0",20,"0",8.9,1.4,3.51,"Dropout",NA
"1","9070","1",1,123,"1","9","3",121.3,"1","0","0","0",20,"0",12.4,0.5,1.79,"Enrolled",1
"1","9238","1",1,115,"1","9","4",109.1,"1","0","0","1",22,"0",12.4,0.5,1.79,"Dropout",NA
"1","9853","1",1,112,"1","5",NA,107.1,"1","0","0","1",18,"0",11.1,0.6,2.02,"Graduate",1
"1","9500","1",1,135,"1","9","9",129.2,"0","0","0","1",18,"0",11.1,0.6,2.02,"Graduate",NA
"1","9500","1",1,162,"1","3","3",154.1,"0","0","0","0",18,"0",11.1,0.6,2.02,"Graduate",1
"1","9853","1",1,143,"1","4","4",147.2,"0","0","0","0",18,"0",11.1,0.6,2.02,"Graduate",NA
"1","9147","1",1,130,"1","4","4",120,"0","0","0","0",21,"0",11.1,0.6,2.02,"Enrolled",1
"1","9070","1",1,136,"1","4","5",130.8,"0","0","0","0",20,"0",10.8,1.4,1.74,"Enrolled",1
"1","9070","1",1,125,"1","4","4",120.8,"1","0","0","0",18,"0",12.4,0.5,1.79,"Graduate",NA
"1","9500","1",1,132,"1","3","5",125.4,"1","0","0","1",20,"0",11.1,0.6,2.02,"Enrolled",NA
"1","8014","0",1,123,"1","9",NA,121.3,"1","0","0","0",25,"0",7.6,2.6,0.32,"Graduate",1
"1","9147","1",1,142,"1","9","9",127,"1","0","0","1",18,"0",13.9,-0.3,0.79,"Graduate",NA
"1","171","1",1,147,"1","9","3",151.6,"1","0","0","0",19,"0",13.9,-0.3,0.79,"Graduate",NA
"1","9085","1",1,140,"6","4",NA,131.6,"1","0","0","0",20,"1",12.4,0.5,1.79,"Enrolled",NA
"1","9238","1",1,133.1,"1","9","9",106,"1","0","0","1",20,"0",12.4,0.5,1.79,"Graduate",NA
"1","9773","1",1,114,"1","9","9",111.6,"1","0","0","1",21,"0",11.1,0.6,2.02,"Graduate",1
"1","9670","1",1,125,"1","4","3",117.3,"1","0","0","0",18,"0",8.9,1.4,3.51,"Graduate",NA
"1","9853","1",1,127,"1","5",NA,121.4,"1","0","0","0",18,"0",11.1,0.6,2.02,"Dropout",NA
"1","9070","1",1,132,"1","9",NA,126.1,"1","0","0","1",18,"0",11.1,0.6,2.02,"Graduate",1
"1","9500","1",1,148,"1","4","5",137,"1","0","0","0",18,"0",9.4,-0.8,-3.12,"Graduate",1
"1","9670","1",1,139,"1","3","5",120.8,"0","0","0","0",19,"0",15.5,2.8,-4.06,"Dropout",2
"1","9254","1",1,136,"1","3","3",128.7,"1","0","0","0",20,"0",13.9,-0.3,0.79,"Dropout",1
"1","9238","1",9,133.1,"1",NA,NA,118,"0","0","0","0",47,"0",7.6,2.6,0.32,"Dropout",NA
"1","9130","1",1,120,"6","9","2",120,"0","0","0","0",21,"1",10.8,1.4,1.74,"Enrolled",1
"2","9130","1",1,130,"1","9","6",160,"0","0","1","0",31,"0",16.2,0.3,-0.92,"Dropout",NA
"2","9119","1",1,110,"1",NA,"5",150,"1","0","1","0",46,"0",7.6,2.6,0.32,"Dropout",1
"1","9119","1",1,133,"1","3","4",121.8,"1","0","1","0",18,"0",8.9,1.4,3.51,"Enrolled",1
"1","9119","1",1,138,"1","3","4",125.4,"1","1","1","0",19,"0",8.9,1.4,3.51,"Dropout",NA
"1","9556","1",1,131,"1",NA,NA,126.6,"1","0","1","0",23,"0",8.9,1.4,3.51,"Enrolled",NA
"1","9130","1",39,150,"1","2",NA,150,"0","0","1","0",22,"0",12.7,3.7,-1.7,"Dropout",2
"1","9147","1",1,125,"1","3","10",114.5,"1","0","1","0",19,"0",9.4,-0.8,-3.12,"Graduate",NA
"1","9147","1",1,108,"41","9","9",107,"0","0","0","0",19,"1",8.9,1.4,3.51,"Dropout",NA
"1","9147","1",1,116,"1","3","4",115.7,"0","0","1","0",22,"0",8.9,1.4,3.51,"Enrolled",NA
"1","9130","1",1,133.1,"1","3",NA,120,"0","0","1","0",29,"0",9.4,-0.8,-3.12,"Dropout",2
"1","9500","1",1,147,"1","9","5",134.8,"1","0","0","0",18,"0",7.6,2.6,0.32,"Graduate",NA
"1","9238","1",1,143,"1","9","9",133.6,"1","0","0","0",18,"0",9.4,-0.8,-3.12,"Graduate",NA
"1","171","1",1,115,"1","9",NA,129,"1","0","0","1",23,"0",9.4,-0.8,-3.12,"Dropout",NA
"2","9991","0",1,160,"1",NA,NA,128.4,"0","0","0","0",34,"0",12.4,0.5,1.79,"Graduate",1
"1","9147","1",1,118,"1","9","9",122.2,"0","0","0","0",19,"0",11.1,0.6,2.02,"Graduate",1
"1","9085","1",1,122,"1","2","5",113.3,"1","0","0","0",18,"0",10.8,1.4,1.74,"Enrolled",NA
"1","9500","1",1,143,"1","4","4",129.9,"0","0","0","1",20,"0",11.1,0.6,2.02,"Graduate",NA
"1","9500","1",1,133,"1","1","1",126.2,"1","0","0","0",19,"0",15.5,2.8,-4.06,"Graduate",NA
"1","9853","1",1,122,"1","4","5",112.6,"1","0","0","0",22,"0",12.7,3.7,-1.7,"Enrolled",NA
"1","9238","1",1,164,"1","9","9",149,"1","0","0","1",23,"0",10.8,1.4,1.74,"Graduate",NA
"2","9500","1",1,133.1,"1","9","9",120,"0","0","1","1",34,"0",12.7,3.7,-1.7,"Graduate",2
"1","9119","1",1,127,"1","5","5",120.4,"1","0","1","0",18,"0",9.4,-0.8,-3.12,"Enrolled",2
"1","9773","1",1,140,"1","4","1",128.1,"1","1","1","0",21,"0",16.2,0.3,-0.92,"Dropout",2
"1","9238","1",1,127,"1","4","3",141.7,"1","0","1","0",22,"0",10.8,1.4,1.74,"Dropout",NA
"1","9003","1",12,133.1,"1","9","10",130,"0","0","1","0",28,"0",11.1,0.6,2.02,"Dropout",NA
"1","9119","1",1,115,"1","4","6",113.3,"1","0","1","0",23,"0",7.6,2.6,0.32,"Dropout",NA
"1","9773","1",1,108,"1",NA,"3",105.9,"0","0","1","0",20,"0",7.6,2.6,0.32,"Dropout",2
"1","9119","1",1,136,"1","5","4",122.7,"1","0","1","0",18,"0",13.9,-0.3,0.79,"Dropout",NA
"1","9147","1",12,133.1,"1","9","9",120,"1","0","1","0",28,"0",9.4,-0.8,-3.12,"Dropout",NA
"1","9070","1",39,120,"1","5",NA,119.8,"0","0","1","0",21,"0",12.4,0.5,1.79,"Dropout",NA
"1","9670","1",1,133.1,"1","9",NA,122.9,"0","0","1","0",25,"0",13.9,-0.3,0.79,"Dropout",NA
"1","9085","1",39,160,"1","5","4",160,"1","1","1","0",19,"0",12.4,0.5,1.79,"Dropout",2
"1","9500","1",1,128,"1","4","10",125.2,"1","0","1","1",18,"0",12.4,0.5,1.79,"Graduate",1
"1","9119","1",3,130,"1",NA,NA,143.4,"0","0","1","0",29,"0",10.8,1.4,1.74,"Dropout",2
"1","9119","1",19,133.1,"1","3",NA,96.7,"0","0","1","1",29,"0",12.4,0.5,1.79,"Dropout",NA
"1","9254","1",1,137,"1","4","5",126.9,"0","0","1","0",20,"0",16.2,0.3,-0.92,"Graduate",2
"1","171","1",1,163,"1","9",NA,143.1,"0","0","1","0",18,"0",9.4,-0.8,-3.12,"Graduate",NA
"1","9254","1",1,125,"1",NA,NA,114.5,"0","0","1","0",20,"0",8.9,1.4,3.51,"Graduate",NA
"2","9119","1",1,120,"1",NA,NA,140,"1","0","1","0",33,"0",9.4,-0.8,-3.12,"Dropout",2
"1","9991","0",1,150,"1","5","5",113.7,"0","0","1","0",30,"0",16.2,0.3,-0.92,"Graduate",2
"1","9556","1",1,135,"1","1","1",131.5,"0","0","1","1",21,"0",16.2,0.3,-0.92,"Enrolled",NA
"1","9003","1",1,148,"1",NA,NA,143.5,"0","0","1","0",18,"0",8.9,1.4,3.51,"Graduate",NA
"1","9500","1",1,138,"1","9","9",126.8,"0","0","1","1",19,"0",15.5,2.8,-4.06,"Graduate",2
"1","9070","1",1,119,"1","9","9",115.2,"0","0","1","1",21,"0",15.5,2.8,-4.06,"Dropout",2
"1","9556","1",1,130,"1","4","5",100,"0","0","1","1",25,"0",15.5,2.8,-4.06,"Dropout",2
"1","9670","1",1,135,"1",NA,"10",121.4,"0","0","1","0",19,"0",9.4,-0.8,-3.12,"Graduate",2
"1","9070","1",39,120,"1","9","3",120,"1","0","1","0",23,"0",16.2,0.3,-0.92,"Dropout",NA
"1","9070","1",1,126,"1","9",NA,129.9,"1","0","1","1",19,"0",12.4,0.5,1.79,"Graduate",NA
"1","171","1",1,149,"1","2","5",151.1,"1","0","1","0",19,"0",9.4,-0.8,-3.12,"Graduate",NA
"1","9003","1",1,110,"1","9","6",120,"0","0","1","0",31,"0",16.2,0.3,-0.92,"Dropout",NA
"1","9003","1",1,133.1,"1","4",NA,130,"0","0","1","0",32,"0",16.2,0.3,-0.92,"Dropout",2
"1","9500","1",1,127,"1","4","9",119,"1","0","0","1",19,"0",10.8,1.4,1.74,"Graduate",NA
"1","9773","1",6,120,"1",NA,NA,122,"1","0","0","0",34,"0",7.6,2.6,0.32,"Graduate",NA
"1","9773","1",1,136,"1",NA,NA,129.7,"1","0","0","0",21,"0",7.6,2.6,0.32,"Graduate",1
"1","9238","1",1,110,"1","9",NA,112.5,"1","0","0","1",53,"0",9.4,-0.8,-3.12,"Graduate",NA
"1","9500","1",1,136,"1","4",NA,136,"0","0","0","1",19,"0",13.9,-0.3,0.79,"Graduate",2
"1","9773","1",1,145,"1","9","5",133.1,"0","0","0","1",20,"0",10.8,1.4,1.74,"Graduate",NA
"1","9773","1",1,159,"1","9","9",151.3,"1","0","0","0",18,"0",10.8,1.4,1.74,"Graduate",NA
"1","171","1",1,147,"1",NA,NA,133.3,"0","0","0","0",32,"0",16.2,0.3,-0.92,"Dropout",NA
"1","9500","1",1,150,"1","9","9",130.8,"1","0","0","1",21,"0",12.7,3.7,-1.7,"Graduate",NA
"1","8014","0",3,140,"1","9","4",140,"0","0","0","0",26,"0",9.4,-0.8,-3.12,"Dropout",NA
"1","9085","1",39,150,"1","4",NA,150,"1","0","0","0",26,"0",15.5,2.8,-4.06,"Graduate",NA
"2","9991","0",39,130,"1","4","9",130,"0","0","0","0",21,"0",15.5,2.8,-4.06,"Dropout",2
"1","9773","1",1,120,"1","5","5",125.3,"0","0","0","0",18,"0",7.6,2.6,0.32,"Graduate",NA
"1","9070","1",39,130,"1","5","9",124,"1","0","0","1",21,"0",15.5,2.8,-4.06,"Graduate",NA
"1","9254","1",1,112,"1","9","5",113.8,"1","0","0","0",21,"0",7.6,2.6,0.32,"Enrolled",NA
"1","9670","1",1,128,"1",NA,NA,124.4,"0","0","0","1",19,"0",13.9,-0.3,0.79,"Graduate",NA
"1","9147","1",1,114,"1","9",NA,107.7,"0","0","0","0",19,"0",10.8,1.4,1.74,"Dropout",1
"1","9238","1",1,118,"1","5","5",110,"0","0","0","1",19,"0",10.8,1.4,1.74,"Graduate",NA
"1","9500","1",3,130,"1",NA,NA,130,"1","0","0","0",27,"0",9.4,-0.8,-3.12,"Graduate",NA
"1","9500","1",1,145,"1","9","4",138.8,"1","0","0","1",18,"0",7.6,2.6,0.32,"Graduate",1
"1","9147","1",1,121,"1","9","9",126.3,"1","0","0","0",20,"0",12.7,3.7,-1.7,"Dropout",1
"1","9500","1",1,114,"1","5","5",114.5,"1","0","0","1",19,"0",12.4,0.5,1.79,"Graduate",NA
"1","9670","1",1,127,"1",NA,NA,116.5,"1","0","0","0",20,"0",16.2,0.3,-0.92,"Dropout",1
"1","9238","1",1,145,"1",NA,"6",128.6,"1","0","0","1",19,"0",12.7,3.7,-1.7,"Graduate",NA
"1","9238","1",1,130,"1","5","5",130,"1","0","0","0",20,"0",9.4,-0.8,-3.12,"Enrolled",NA
"1","171","1",1,150,"1",NA,"10",134.6,"0","0","0","0",20,"0",15.5,2.8,-4.06,"Dropout",NA
"1","9853","1",1,145,"1","9","5",146.8,"0","0","0","0",18,"0",7.6,2.6,0.32,"Graduate",NA
"1","9085","1",1,128,"1","5","4",135.7,"1","0","0","0",20,"0",10.8,1.4,1.74,"Graduate",1
"2","9991","0",1,140,"1","9","9",120,"0","0","0","0",38,"0",12.7,3.7,-1.7,"Dropout",2
"4","8014","0",1,130,"1","9",NA,138,"0","0","0","0",42,"0",8.9,1.4,3.51,"Graduate",1
"1","9500","1",1,140,"1","9","6",135.5,"0","0","0","0",32,"0",13.9,-0.3,0.79,"Dropout",2
"1","9773","1",1,120,"26","4","5",120,"1","0","0","0",22,"1",12.4,0.5,1.79,"Graduate",NA
"2","9991","0",1,147,"1",NA,NA,111.7,"1","0","0","0",28,"0",7.6,2.6,0.32,"Dropout",NA
"2","8014","0",9,133.1,"1",NA,"10",100,"1","0","0","0",37,"0",9.4,-0.8,-3.12,"Dropout",NA
"2","9003","1",39,160,"1","9","4",160,"0","0","0","0",43,"0",15.5,2.8,-4.06,"Graduate",2
"6","8014","0",1,133.1,"1","9",NA,114.8,"0","0","0","1",41,"0",13.9,-0.3,0.79,"Graduate",NA
"4","8014","0",19,140,"1","9","3",131,"0","0","0","1",29,"0",10.8,1.4,1.74,"Graduate",NA
"1","8014","0",1,133.1,"1","9","9",97,"0","0","0","1",35,"0",10.8,1.4,1.74,"Graduate",NA
"1","9238","1",1,131,"1","4","2",131.7,"1","0","0","0",18,"0",9.4,-0.8,-3.12,"Dropout",NA
"1","9500","1",19,133.1,"1","9","6",120,"0","0","0","1",39,"0",16.2,0.3,-0.92,"Dropout",NA
"4","9991","0",1,120,"1","9","9",110,"0","0","0","0",37,"0",12.7,3.7,-1.7,"Enrolled",2
"1","9500","1",1,130,"1","9",NA,133,"1","0","0","1",26,"0",7.6,2.6,0.32,"Graduate",NA
"1","9085","1",3,140,"1","4",NA,140,"1","0","0","0",32,"0",10.8,1.4,1.74,"Dropout",NA
"2","8014","0",1,133.1,"1","6",NA,100,"0","0","0","0",37,"0",13.9,-0.3,0.79,"Enrolled",NA
"1","9085","1",1,140,"1",NA,NA,129.3,"1","0","0","0",28,"0",8.9,1.4,3.51,"Enrolled",1
"1","9238","1",1,133.1,"1",NA,NA,137,"1","0","0","0",19,"0",7.6,2.6,0.32,"Dropout",1
"1","9147","1",1,125,"1",NA,NA,122.2,"1","0","0","0",18,"0",7.6,2.6,0.32,"Enrolled",1
"1","9853","1",1,115,"1","9","9",108,"0","0","0","1",19,"0",12.4,0.5,1.79,"Graduate",1
"2","9670","1",3,110,"1",NA,NA,110,"0","0","0","0",32,"0",13.9,-0.3,0.79,"Graduate",NA
"2","9147","1",1,140,"1","9","9",127.7,"1","0","0","0",31,"0",7.6,2.6,0.32,"Dropout",NA
"1","9500","1",1,100,"1","2","5",121.3,"1","0","0","0",34,"0",10.8,1.4,1.74,"Enrolled",NA
"1","171","1",1,145,"1","3","3",140.1,"1","0","0","0",20,"0",8.9,1.4,3.51,"Graduate",NA
"1","9500","1",19,133.1,"1","9","9",114.8,"0","0","0","0",28,"0",13.9,-0.3,0.79,"Dropout",NA
"1","9991","0",39,150,"1","6","6",150,"0","0","0","0",31,"0",9.4,-0.8,-3.12,"Enrolled",NA
"1","9773","1",1,145,"1","4","10",131.7,"1","0","0","0",18,"0",7.6,2.6,0.32,"Enrolled",NA
"4","8014","0",19,133.1,"1",NA,NA,110,"0","0","0","0",31,"0",9.4,-0.8,-3.12,"Dropout",NA
"1","9773","1",1,110,"1","5","5",105.5,"1","0","0","0",19,"0",12.4,0.5,1.79,"Graduate",NA
"1","9238","1",1,128,"1","9","4",127.3,"1","0","0","1",19,"0",16.2,0.3,-0.92,"Graduate",NA
"2","9238","1",19,133.1,"1","9","9",130,"1","0","0","0",31,"0",9.4,-0.8,-3.12,"Enrolled",NA
"1","9085","1",3,130,"1","9","10",130,"0","0","0","0",34,"0",15.5,2.8,-4.06,"Dropout",NA
"1","9556","1",1,137,"1","9",NA,122.7,"1","0","0","1",18,"0",12.4,0.5,1.79,"Graduate",NA
"1","9254","1",1,123,"1",NA,NA,113.9,"1","0","0","0",18,"0",11.1,0.6,2.02,"Graduate",1
"1","9147","1",1,156,"1","3","3",151.1,"0","0","1","0",19,"0",16.2,0.3,-0.92,"Graduate",NA
"1","9773","1",1,133.1,"1",NA,"2",125.8,"1","0","1","1",22,"0",7.6,2.6,0.32,"Dropout",NA
"2","9670","1",1,100,"1",NA,NA,128.2,"0","0","1","0",32,"0",7.6,2.6,0.32,"Graduate",NA
"1","9147","1",1,140,"1","9","2",135.1,"0","0","1","0",61,"0",15.5,2.8,-4.06,"Dropout",2
"1","9991","0",1,130,"1","9","9",120.2,"1","0","1","0",30,"0",7.6,2.6,0.32,"Graduate",NA
"2","9991","0",1,133.1,"1","9","9",132.8,"0","0","1","0",45,"0",12.4,0.5,1.79,"Dropout",NA
"1","9003","1",39,140,"1","4",NA,140,"0","0","1","0",20,"0",12.4,0.5,1.79,"Graduate",2
"1","9500","1",1,137,"1","1","10",129.3,"0","0","0","0",19,"0",9.4,-0.8,-3.12,"Dropout",NA
"1","9119","1",1,120,"1","2","9",108.2,"1","0","1","0",26,"0",7.6,2.6,0.32,"Dropout",NA
"1","9670","1",1,125,"1","4",NA,125.4,"1","0","1","0",19,"0",7.6,2.6,0.32,"Dropout",1
"1","9773","1",1,130,"1","9","9",140.2,"0","0","1","1",19,"0",16.2,0.3,-0.92,"Graduate",2
"1","9773","1",1,115,"1","9","4",116.1,"1","0","1","0",19,"0",12.4,0.5,1.79,"Graduate",NA
"1","9147","1",1,150,"1","5","5",137.8,"1","0","1","1",19,"0",16.2,0.3,-0.92,"Graduate",NA
"1","9670","1",1,134,"1",NA,NA,128.4,"1","0","1","0",19,"0",7.6,2.6,0.32,"Dropout",1
"1","9670","1",1,120,"1",NA,NA,106,"1","0","1","0",28,"0",7.6,2.6,0.32,"Dropout",NA
"1","9147","1",1,141,"1","9","9",130.2,"0","0","1","0",24,"0",9.4,-0.8,-3.12,"Graduate",NA
"1","9130","1",1,133,"1","2","4",126,"0","0","1","0",18,"0",7.6,2.6,0.32,"Graduate",2
"1","9119","1",1,149,"1","5","5",141,"0","0","1","0",18,"0",7.6,2.6,0.32,"Enrolled",NA
"1","9773","1",1,121,"1","3",NA,113,"1","0","1","1",18,"0",12.4,0.5,1.79,"Graduate",NA
"1","9003","1",39,120,"1","2",NA,120,"0","0","1","0",21,"0",8.9,1.4,3.51,"Graduate",NA
"2","9991","0",1,148,"1","9","5",130.9,"0","0","1","0",28,"0",12.4,0.5,1.79,"Dropout",2
"1","9003","1",12,133.1,"1","9","10",120,"0","0","1","0",58,"0",13.9,-0.3,0.79,"Dropout",NA
"2","9991","0",1,135,"1",NA,NA,134.1,"1","0","1","0",49,"0",7.6,2.6,0.32,"Dropout",NA
"1","9119","1",1,150,"1","3","5",120,"0","0","1","0",24,"0",15.5,2.8,-4.06,"Enrolled",NA
"1","9670","1",1,130,"1",NA,NA,114.8,"0","0","1","0",25,"0",7.6,2.6,0.32,"Graduate",NA
"4","9147","1",1,133.1,"1",NA,"3",123,"1","0","1","0",33,"0",7.6,2.6,0.32,"Dropout",NA
"2","9119","1",19,133.1,"1",NA,NA,118,"0","0","1","0",33,"0",9.4,-0.8,-3.12,"Dropout",NA
"2","9853","1",1,110,"1",NA,NA,100,"0","0","1","0",40,"0",13.9,-0.3,0.79,"Graduate",NA
"2","9991","0",1,170,"1","9","3",151.1,"0","0","1","0",48,"0",16.2,0.3,-0.92,"Graduate",NA
"1","9119","1",1,120,"1","9","3",116.9,"1","0","1","0",18,"0",8.9,1.4,3.51,"Enrolled",NA
"1","9500","1",19,133.1,"1","9",NA,106,"1","0","1","0",24,"0",7.6,2.6,0.32,"Graduate",NA
"2","9085","1",1,139,"1",NA,NA,127.1,"0","0","1","1",23,"0",10.8,1.4,1.74,"Graduate",NA
"1","9991","0",19,133.1,"1",NA,"5",155.5,"1","0","1","0",39,"0",10.8,1.4,1.74,"Dropout",NA
"1","9003","1",1,133.1,"1","9","6",101,"0","0","1","0",21,"0",15.5,2.8,-4.06,"Graduate",2
"1","9119","1",6,120,"1","6","6",128.2,"1","0","1","0",34,"0",7.6,2.6,0.32,"Dropout",1
"2","9991","0",1,100,"1","4","4",113,"0","0","1","1",41,"0",8.9,1.4,3.51,"Enrolled",2
"1","9773","1",1,134,"1","4","5",122.8,"0","0","1","0",18,"0",12.7,3.7,-1.7,"Graduate",2
"2","9991","0",1,130,"1","9","3",145.6,"0","0","1","0",34,"0",13.9,-0.3,0.79,"Enrolled",NA
"1","9147","1",1,128,"1","2","10",116.5,"0","0","1","0",19,"0",7.6,2.6,0.32,"Dropout",2
"1","9500","1",1,154,"1","3","3",142,"0","0","1","0",19,"0",12.7,3.7,-1.7,"Graduate",2
"1","9003","1",4,150,"1","4","6",150,"0","0","1","0",28,"0",16.2,0.3,-0.92,"Graduate",NA
"1","9070","1",1,134,"1","5",NA,133.3,"1","0","1","0",18,"0",7.6,2.6,0.32,"Dropout",1
"1","9238","1",1,127,"1","3","4",115.8,"1","0","1","0",19,"0",11.1,0.6,2.02,"Dropout",1
"1","9085","1",1,133.1,"1","9","1",100,"1","0","1","0",19,"0",12.4,0.5,1.79,"Dropout",1
"1","9500","1",1,130,"1","9","2",128.6,"1","0","0","0",18,"0",16.2,0.3,-0.92,"Graduate",NA
"1","9130","1",1,135,"1","2","2",137.1,"1","0","0","0",18,"0",12.4,0.5,1.79,"Graduate",1
"1","9773","1",1,143,"1","3","3",149,"1","0","0","0",18,"0",11.1,0.6,2.02,"Dropout",1
"1","9238","1",39,150,"1","4","9",147,"1","0","0","0",19,"0",12.4,0.5,1.79,"Graduate",NA
"2","9238","1",3,150,"1",NA,NA,150,"0","0","0","0",31,"0",12.7,3.7,-1.7,"Graduate",NA
"1","8014","0",1,130,"1","9",NA,103.5,"0","0","0","1",33,"0",12.7,3.7,-1.7,"Graduate",NA
"1","9500","1",1,113,"1",NA,NA,107.8,"1","0","0","1",20,"0",12.4,0.5,1.79,"Enrolled",NA
"1","9085","1",39,130,"6","6","4",130,"1","0","0","0",22,"1",12.4,0.5,1.79,"Enrolled",1
"1","9254","1",1,115,"1","3","3",109.4,"1","0","0","0",19,"0",11.1,0.6,2.02,"Graduate",NA
"1","9070","1",1,146,"1",NA,NA,143.6,"1","0","0","0",18,"0",7.6,2.6,0.32,"Dropout",NA
"1","9070","1",1,132,"1","5","5",124.3,"0","1","0","0",18,"0",15.5,2.8,-4.06,"Dropout",NA
"1","9670","1",1,116,"1","9","9",119.5,"1","0","0","0",18,"0",8.9,1.4,3.51,"Dropout",NA
"1","171","1",1,163,"1","2","5",175.6,"1","0","0","0",18,"0",11.1,0.6,2.02,"Graduate",1
"1","9147","1",1,122,"1",NA,NA,116.1,"1","0","0","1",19,"0",12.4,0.5,1.79,"Graduate",NA
"1","9238","1",1,136,"1","3","4",126.6,"1","0","0","0",18,"0",11.1,0.6,2.02,"Dropout",1
"1","9085","1",1,142,"1","5","5",130.8,"1","0","0","0",18,"0",12.7,3.7,-1.7,"Graduate",1
"1","9500","1",1,139,"1","9","6",133.5,"1","0","0","1",18,"0",12.7,3.7,-1.7,"Graduate",NA
"1","9238","1",42,140,"1","9","10",136.9,"1","0","0","0",21,"0",8.9,1.4,3.51,"Graduate",NA
"1","9500","1",1,165,"1","5","5",142.3,"0","0","0","1",18,"0",12.7,3.7,-1.7,"Graduate",NA
"1","9670","1",1,122,"1","3","3",114.3,"1","0","0","0",18,"0",11.1,0.6,2.02,"Graduate",NA
"1","9500","1",1,135,"1","9","10",122.9,"1","0","0","0",18,"0",15.5,2.8,-4.06,"Graduate",NA
"1","9500","1",1,128,"1","4","3",117.2,"1","0","0","0",20,"0",16.2,0.3,-0.92,"Graduate",NA
"1","9147","1",1,139,"1","4","5",152,"0","0","0","1",18,"0",12.7,3.7,-1.7,"Graduate",NA
"1","9773","1",1,125,"1","4","5",122.2,"1","0","0","0",18,"0",11.1,0.6,2.02,"Dropout",NA
"1","9147","1",1,102,"1",NA,NA,101.7,"1","0","0","1",20,"0",8.9,1.4,3.51,"Graduate",1
"1","9254","1",1,116,"1","9",NA,119.9,"1","0","0","0",20,"0",12.4,0.5,1.79,"Graduate",NA
"1","9147","1",1,138,"1","9","9",123.7,"1","0","0","1",19,"0",11.1,0.6,2.02,"Dropout",1
"1","9070","1",1,135,"1","3","5",121.8,"0","0","0","1",19,"0",11.1,0.6,2.02,"Graduate",NA
"1","9670","1",1,110,"1","9",NA,106.1,"1","1","0","1",18,"0",12.7,3.7,-1.7,"Dropout",1
"1","9773","1",1,132,"1","4","9",124.3,"1","0","0","1",19,"0",15.5,2.8,-4.06,"Graduate",NA
"1","9500","1",1,126,"1","4",NA,124.3,"1","0","0","1",20,"0",9.4,-0.8,-3.12,"Graduate",1
"1","9147","1",39,117.4,"1","4","9",117.4,"1","0","0","0",21,"0",11.1,0.6,2.02,"Graduate",NA
"1","9500","1",1,120,"1","2","2",112.7,"0","0","0","0",21,"0",10.8,1.4,1.74,"Graduate",NA
"1","9070","1",1,116,"1","9","9",123.7,"0","0","0","0",20,"0",11.1,0.6,2.02,"Graduate",NA
"1","9853","1",1,111,"1",NA,NA,105.8,"1","0","0","0",19,"0",8.9,1.4,3.51,"Graduate",NA
"1","9085","1",1,128,"1","4",NA,124.2,"0","0","0","0",21,"0",7.6,2.6,0.32,"Dropout",1
"1","9085","1",1,123,"1","4",NA,122.3,"0","0","0","0",18,"0",7.6,2.6,0.32,"Graduate",NA
"1","9254","1",1,131,"1","9","9",123.7,"0","0","0","1",19,"0",8.9,1.4,3.51,"Graduate",NA
"1","9500","1",1,135,"1","9","4",129.8,"1","0","0","0",18,"0",13.9,-0.3,0.79,"Graduate",1
"1","9500","1",1,136,"1","9","9",123.8,"1","0","0","1",19,"0",12.7,3.7,-1.7,"Graduate",1
"1","9147","1",1,132,"1","4","3",126.4,"1","0","0","1",18,"0",13.9,-0.3,0.79,"Graduate",NA
"1","9853","1",1,120,"1","5",NA,115.1,"0","0","0","1",18,"0",15.5,2.8,-4.06,"Enrolled",2
"1","9773","1",1,144,"1",NA,NA,138.4,"0","0","0","0",18,"0",13.9,-0.3,0.79,"Graduate",NA
"1","9085","1",1,129,"1","9","9",118.2,"1","0","0","1",18,"0",10.8,1.4,1.74,"Graduate",NA
"1","9070","1",1,136,"1",NA,NA,121.7,"1","0","0","0",18,"0",12.4,0.5,1.79,"Dropout",NA
"1","9070","1",1,125,"1","9",NA,118,"0","0","0","1",18,"0",11.1,0.6,2.02,"Enrolled",NA
"1","9238","1",1,125,"1","9",NA,119.8,"0","0","0","0",18,"0",11.1,0.6,2.02,"Dropout",NA
"1","9238","1",1,154,"1","4","2",164.9,"0","0","0","0",18,"0",10.8,1.4,1.74,"Graduate",NA
"1","9085","1",1,100,"1","4","9",100,"1","0","0","1",20,"0",13.9,-0.3,0.79,"Graduate",NA
"1","9853","1",1,124,"1","2","5",121.6,"0","0","0","0",18,"0",15.5,2.8,-4.06,"Enrolled",NA
"1","9070","1",1,126,"1","4","5",120.4,"1","0","0","0",18,"0",16.2,0.3,-0.92,"Graduate",NA
"1","9500","1",1,124,"1","9",NA,117.8,"0","0","0","1",20,"0",10.8,1.4,1.74,"Graduate",1
"4","9670","1",1,150,"1","9","6",110,"0","0","0","0",40,"0",9.4,-0.8,-3.12,"Graduate",NA
"1","9500","1",1,133,"1","9","9",128.8,"1","0","0","1",18,"0",15.5,2.8,-4.06,"Graduate",1
"1","9254","1",1,126,"1","4",NA,116.6,"1","0","0","0",19,"0",13.9,-0.3,0.79,"Graduate",NA
"1","9991","0",40,120,"1","4","9",120,"0","0","0","0",24,"0",12.4,0.5,1.79,"Dropout",NA
"1","9773","1",1,175,"1","2","10",157.5,"1","0","0","0",19,"0",10.8,1.4,1.74,"Dropout",1
"1","9500","1",1,141,"1","4","4",136.3,"1","0","0","0",19,"0",10.8,1.4,1.74,"Graduate",NA
"1","9500","1",1,133,"1","9","6",121.5,"1","0","0","1",20,"0",11.1,0.6,2.02,"Graduate",1
"1","9500","1",1,143,"1","5","5",133.9,"0","0","0","0",18,"0",12.4,0.5,1.79,"Graduate",NA
"1","171","1",1,141,"1","4",NA,136.8,"1","0","0","1",18,"0",13.9,-0.3,0.79,"Graduate",NA
"1","9500","1",1,134,"1","4",NA,133.5,"1","0","0","0",19,"0",13.9,-0.3,0.79,"Graduate",NA
"1","9500","1",1,138,"1","4","5",130,"1","0","0","0",18,"0",13.9,-0.3,0.79,"Dropout",NA
"1","9085","1",39,140,"1","2","2",140,"1","0","0","0",19,"0",12.4,0.5,1.79,"Graduate",NA
"1","9500","1",1,142,"1","9",NA,132.7,"1","0","0","1",19,"0",13.9,-0.3,0.79,"Graduate",NA
"1","9500","1",1,118,"1","5",NA,117.8,"0","0","0","1",19,"0",12.4,0.5,1.79,"Graduate",NA
"1","9500","1",1,131,"1","4","4",126.1,"1","0","0","1",19,"0",11.1,0.6,2.02,"Dropout",1
"1","9500","1",1,130,"1","1",NA,120,"0","0","0","0",19,"0",7.6,2.6,0.32,"Graduate",NA
"1","9670","1",12,133.1,"1","1","5",100,"1","0","0","0",25,"0",9.4,-0.8,-3.12,"Dropout",NA
"1","9500","1",1,130,"1","4","10",116.8,"0","0","0","0",20,"0",12.7,3.7,-1.7,"Graduate",1
"1","9238","1",42,130,"1","5","5",128.3,"0","0","0","0",23,"0",8.9,1.4,3.51,"Dropout",NA
"1","9070","1",1,133.1,"1",NA,NA,117,"0","0","0","0",20,"0",15.5,2.8,-4.06,"Dropout",NA
"1","8014","0",1,130,"1","9","10",131.5,"0","0","0","0",27,"0",11.1,0.6,2.02,"Graduate",1
"1","9500","1",1,149,"1","4","4",134.8,"0","0","0","0",18,"0",9.4,-0.8,-3.12,"Graduate",2
"1","9853","1",1,163,"1","5","10",146.6,"1","0","0","0",18,"0",9.4,-0.8,-3.12,"Enrolled",1
"1","8014","0",40,130,"1","5","10",130,"1","0","0","0",23,"0",13.9,-0.3,0.79,"Dropout",1
"1","9500","1",1,145,"1","5","6",127.5,"1","0","0","1",19,"0",7.6,2.6,0.32,"Graduate",NA
"1","9147","1",1,130,"1","3","3",123,"0","0","0","0",18,"0",15.5,2.8,-4.06,"Graduate",2
"1","9500","1",1,128,"1","9",NA,100,"1","0","0","0",20,"0",13.9,-0.3,0.79,"Graduate",NA
"1","9670","1",1,111,"1","9","9",114.2,"1","0","0","0",18,"0",12.4,0.5,1.79,"Graduate",1
"1","9500","1",1,140,"1","4","4",123.5,"1","0","0","1",19,"0",9.4,-0.8,-3.12,"Graduate",NA
"1","9238","1",39,140,"1",NA,NA,144.3,"1","0","0","1",19,"0",12.4,0.5,1.79,"Graduate",NA
"1","9853","1",1,145,"1","5","5",142.2,"0","0","0","0",19,"0",9.4,-0.8,-3.12,"Enrolled",2
"1","9085","1",1,151,"1","1",NA,161.9,"0","0","0","0",18,"0",7.6,2.6,0.32,"Graduate",NA
"1","9238","1",1,132,"1","9","5",135.9,"0","0","0","0",18,"0",9.4,-0.8,-3.12,"Graduate",2
"1","9773","1",1,116,"1","4",NA,110.1,"1","0","0","0",18,"0",11.1,0.6,2.02,"Graduate",1
"1","9853","1",1,120,"1","9","9",122.5,"0","0","0","0",28,"0",15.5,2.8,-4.06,"Dropout",NA
"1","9254","1",1,158,"1","5","9",138.1,"1","0","0","0",19,"0",7.6,2.6,0.32,"Dropout",1
"1","171","1",1,116,"1","2","3",117.3,"1","0","0","0",20,"0",13.9,-0.3,0.79,"Dropout",1
"1","9500","1",1,112,"1","4","9",106.8,"1","0","0","1",19,"0",12.4,0.5,1.79,"Graduate",1
"1","9070","1",1,126,"1","4",NA,120.1,"0","1","0","1",20,"0",11.1,0.6,2.02,"Graduate",NA
"1","9254","1",1,120,"1","9","9",116.5,"1","0","0","1",19,"0",12.4,0.5,1.79,"Graduate",1
"1","9070","1",1,117,"1","2","10",120,"1","0","0","0",21,"0",8.9,1.4,3.51,"Enrolled",NA
"1","9853","1",1,153,"1","9","4",139.7,"1","0","0","1",19,"0",11.1,0.6,2.02,"Graduate",NA
"1","9070","1",1,124,"1","9","3",123.7,"1","0","0","1",18,"0",13.9,-0.3,0.79,"Graduate",NA
"1","9130","1",1,127,"1","2","1",116.5,"0","0","0","0",19,"0",15.5,2.8,-4.06,"Dropout",NA
"1","9670","1",1,126,"1","9","5",122.2,"0","0","0","1",19,"0",8.9,1.4,3.51,"Graduate",1
"1","9773","1",1,133.1,"1",NA,NA,146,"0","0","0","0",20,"0",16.2,0.3,-0.92,"Graduate",2
"1","9853","1",1,114,"1","4",NA,108.8,"1","0","0","0",18,"0",13.9,-0.3,0.79,"Enrolled",NA
"1","171","1",1,133,"1","5",NA,133,"0","0","0","0",18,"0",15.5,2.8,-4.06,"Enrolled",NA
"1","9130","1",1,130,"1","4","5",123.8,"0","0","0","0",18,"0",7.6,2.6,0.32,"Graduate",NA
"1","9773","1",1,127,"1","5",NA,120,"0","0","0","0",18,"0",8.9,1.4,3.51,"Dropout",NA
"1","9238","1",1,143,"1",NA,NA,126.9,"1","0","0","0",18,"0",7.6,2.6,0.32,"Graduate",NA
"1","9773","1",1,130,"1","4","4",121.3,"1","0","0","0",20,"0",15.5,2.8,-4.06,"Dropout",NA
"1","9500","1",1,136,"1","9","9",129,"1","0","0","1",19,"0",12.4,0.5,1.79,"Graduate",NA
"1","9853","1",1,125,"1","9","9",114.9,"1","0","0","0",21,"0",15.5,2.8,-4.06,"Dropout",1
"1","9670","1",3,110,"1","5",NA,106.5,"1","0","0","0",20,"0",10.8,1.4,1.74,"Dropout",NA
"1","9254","1",1,130,"1","9","9",133.9,"1","0","0","0",18,"0",9.4,-0.8,-3.12,"Graduate",NA
"1","9773","1",1,135,"1","5","3",124.9,"0","0","0","1",20,"0",10.8,1.4,1.74,"Graduate",1
"1","9500","1",1,133,"1","1","9",128.5,"1","0","0","1",19,"0",9.4,-0.8,-3.12,"Graduate",NA
"1","9085","1",6,122,"1","9","9",126.2,"1","0","0","0",22,"0",9.4,-0.8,-3.12,"Dropout",NA
"1","9130","1",1,122,"1","9","9",121.7,"1","0","0","0",22,"0",9.4,-0.8,-3.12,"Dropout",NA
"1","9853","1",1,121,"1",NA,"5",120,"1","0","0","0",18,"0",10.8,1.4,1.74,"Enrolled",NA
"1","9147","1",1,123,"1","9","9",113.2,"0","0","0","0",21,"0",7.6,2.6,0.32,"Enrolled",NA
"1","9238","1",1,128,"1",NA,"5",120.3,"1","0","0","0",19,"0",7.6,2.6,0.32,"Graduate",1
"1","171","1",1,139,"1","9","9",127.8,"1","0","0","0",19,"0",10.8,1.4,1.74,"Dropout",NA
"1","9500","1",1,124,"1",NA,NA,123.3,"1","0","0","1",20,"0",9.4,-0.8,-3.12,"Dropout",NA
"1","9500","1",1,135,"1",NA,NA,126.3,"1","0","0","1",18,"0",15.5,2.8,-4.06,"Graduate",1
"1","9991","0",42,110,"1","5","9",128.2,"0","0","0","0",22,"0",8.9,1.4,3.51,"Dropout",1
"1","9085","1",1,138,"1",NA,NA,134.9,"1","0","0","0",20,"0",7.6,2.6,0.32,"Graduate",NA
"1","9003","1",39,140,"1","6","6",140,"0","0","0","0",19,"0",12.4,0.5,1.79,"Graduate",NA
"1","9500","1",1,126,"1","6",NA,115.5,"1","0","0","1",19,"0",12.4,0.5,1.79,"Graduate",NA
"1","9500","1",1,113,"1","9",NA,106.7,"1","0","0","1",20,"0",11.1,0.6,2.02,"Enrolled",NA
"1","9991","0",1,120,"1","3","3",140,"0","0","0","0",25,"0",15.5,2.8,-4.06,"Enrolled",NA
"1","9500","1",1,145,"1","9",NA,136.6,"0","0","0","1",19,"0",15.5,2.8,-4.06,"Graduate",NA
"1","9500","1",1,124,"1","9",NA,119.3,"1","0","0","0",19,"0",9.4,-0.8,-3.12,"Graduate",1
"1","9070","1",1,160,"1","1","9",152,"1","0","0","0",19,"0",10.8,1.4,1.74,"Dropout",NA
"1","9500","1",1,138,"1","9","5",144.3,"0","0","0","0",20,"0",13.9,-0.3,0.79,"Graduate",NA
"1","9556","1",1,130,"1","9","9",159,"1","0","0","0",25,"0",12.4,0.5,1.79,"Enrolled",1
"1","9500","1",1,127,"1","5","9",129.5,"1","0","0","1",20,"0",7.6,2.6,0.32,"Graduate",1
"1","9238","1",1,170,"1","9","9",140,"1","0","0","0",24,"0",9.4,-0.8,-3.12,"Enrolled",NA
"1","9670","1",1,111,"1","5","5",105.4,"0","0","0","0",20,"0",7.6,2.6,0.32,"Graduate",1
"1","9500","1",1,100,"1","4",NA,136,"1","0","0","0",21,"0",15.5,2.8,-4.06,"Graduate",1
"1","9003","1",39,160,"1","9","9",160,"0","0","0","1",19,"0",15.5,2.8,-4.06,"Graduate",NA
"1","9773","1",1,152,"1","9","9",139.1,"0","0","0","1",19,"0",16.2,0.3,-0.92,"Graduate",NA
"1","9670","1",1,144,"1","9","9",126.9,"0","0","0","1",21,"0",9.4,-0.8,-3.12,"Graduate",NA
"1","9500","1",3,133.8,"1","2","10",184,"0","0","0","0",28,"0",15.5,2.8,-4.06,"Graduate",2
"1","9238","1",1,125,"1","9","9",125,"1","0","0","1",19,"0",10.8,1.4,1.74,"Graduate",NA
"1","9147","1",1,150,"1","9","6",138.5,"0","0","0","1",18,"0",12.4,0.5,1.79,"Graduate",NA
"5","9500","1",1,143,"1","5",NA,133.5,"1","0","0","1",18,"0",12.7,3.7,-1.7,"Graduate",NA
"1","9500","1",1,145,"1",NA,NA,141.5,"1","0","0","1",18,"0",9.4,-0.8,-3.12,"Graduate",NA
"1","9500","1",1,120,"1","9","3",130,"1","0","0","0",22,"0",12.7,3.7,-1.7,"Graduate",NA
"1","9147","1",1,138,"1",NA,NA,131,"1","0","0","0",19,"0",12.4,0.5,1.79,"Enrolled",NA
"1","9500","1",1,145,"1","9","5",145,"0","0","0","1",18,"0",13.9,-0.3,0.79,"Graduate",2
"1","9254","1",1,122,"1","5","6",114.3,"0","0","0","0",20,"0",15.5,2.8,-4.06,"Dropout",NA
"1","171","1",39,110,"1","5","6",108.3,"0","0","0","0",26,"0",12.4,0.5,1.79,"Dropout",1
"1","9070","1",1,136,"1","9","9",125.2,"1","0","0","1",18,"0",10.8,1.4,1.74,"Graduate",1
"1","9254","1",1,145,"1","4","9",131.7,"1","0","0","1",21,"0",10.8,1.4,1.74,"Dropout",NA
"1","9500","1",1,141,"1","3","3",126.3,"1","0","0","0",18,"0",10.8,1.4,1.74,"Graduate",1
"1","9085","1",1,149,"1","4","6",147.6,"1","0","0","0",20,"0",15.5,2.8,-4.06,"Graduate",NA
"1","9500","1",1,130,"1","5","6",125.1,"1","0","0","0",18,"0",15.5,2.8,-4.06,"Graduate",NA
"1","9147","1",1,121,"1",NA,"9",123.8,"0","0","0","1",19,"0",12.7,3.7,-1.7,"Enrolled",2
"1","9670","1",1,128,"1","2","2",130.8,"1","0","0","0",20,"0",7.6,2.6,0.32,"Dropout",NA
"1","9853","1",1,152,"1","9","5",154.1,"0","0","0","1",18,"0",12.7,3.7,-1.7,"Graduate",2
"1","9147","1",1,132,"1","9","9",122.6,"1","0","0","1",20,"0",10.8,1.4,1.74,"Enrolled",NA
"1","8014","0",1,107,"1",NA,NA,103.5,"1","0","0","0",22,"0",7.6,2.6,0.32,"Graduate",NA
"1","171","1",1,131,"1","4","5",132.8,"1","0","0","0",18,"0",7.6,2.6,0.32,"Enrolled",NA
"1","9991","0",1,141,"1","5",NA,100,"0","0","0","0",21,"0",8.9,1.4,3.51,"Graduate",NA
"1","9853","1",1,120,"1","9",NA,115.8,"0","0","0","0",18,"0",13.9,-0.3,0.79,"Enrolled",1
"1","9500","1",1,148,"1","4","4",133.8,"0","0","0","0",18,"0",12.7,3.7,-1.7,"Graduate",NA
"1","9070","1",1,130,"1","4","5",118.5,"0","1","0","1",18,"0",8.9,1.4,3.51,"Graduate",NA
"1","171","1",1,145,"1","9","1",150.3,"1","0","0","0",19,"0",15.5,2.8,-4.06,"Dropout",NA
"1","9147","1",1,112,"1","3","5",107.8,"1","0","0","0",19,"0",10.8,1.4,1.74,"Enrolled",NA
"1","9500","1",1,138,"1","9","4",127.5,"1","0","0","0",19,"0",16.2,0.3,-0.92,"Enrolled",NA
"1","9500","1",1,135,"1",NA,NA,120.5,"1","0","0","0",19,"0",10.8,1.4,1.74,"Graduate",NA
"1","9147","1",1,118,"1","10","10",117.3,"1","0","0","0",19,"0",8.9,1.4,3.51,"Enrolled",1
"1","9254","1",1,123,"1","9",NA,120.6,"1","0","0","0",19,"0",10.8,1.4,1.74,"Dropout",NA
"1","9254","1",1,126,"1","9",NA,118.7,"1","0","0","1",21,"0",8.9,1.4,3.51,"Graduate",NA
"1","9773","1",1,150,"41","9",NA,130.8,"0","0","0","1",20,"1",15.5,2.8,-4.06,"Graduate",NA
"1","9147","1",1,121,"1","3","9",112.6,"1","0","0","1",20,"0",11.1,0.6,2.02,"Graduate",1
"1","9991","0",19,133.1,"1","9","9",117.2,"0","0","0","0",41,"0",7.6,2.6,0.32,"Graduate",1
"4","9500","1",40,130,"1","3","3",130,"1","0","0","0",32,"0",12.4,0.5,1.79,"Enrolled",NA
"1","9500","1",1,139,"1","9","5",131.8,"1","0","0","0",18,"0",10.8,1.4,1.74,"Graduate",NA
"4","8014","0",1,160,"1","3","4",97,"0","0","0","1",35,"0",15.5,2.8,-4.06,"Graduate",NA
"1","9500","1",1,110,"1","9","9",130,"0","0","0","0",32,"0",16.2,0.3,-0.92,"Dropout",2
"1","8014","0",40,140,"1","5","9",148,"0","0","0","0",37,"0",12.4,0.5,1.79,"Graduate",NA
"2","9147","1",3,130,"1","9","9",103.4,"0","0","0","0",30,"0",12.7,3.7,-1.7,"Dropout",2
"1","9773","1",1,132,"1",NA,NA,127.1,"0","0","1","0",23,"0",7.6,2.6,0.32,"Graduate",NA
"1","9773","1",1,139,"1","2",NA,124,"1","0","0","1",20,"0",15.5,2.8,-4.06,"Dropout",1
"1","9670","1",1,135,"1","5",NA,121.4,"0","0","1","0",21,"0",9.4,-0.8,-3.12,"Graduate",NA
"1","9147","1",1,117,"1","5",NA,118.1,"0","0","1","0",19,"0",12.4,0.5,1.79,"Graduate",NA
"1","9500","1",1,137,"1","4","3",121.3,"1","0","1","1",18,"0",10.8,1.4,1.74,"Graduate",NA
"1","9119","1",1,144,"1",NA,NA,119.5,"0","0","1","0",18,"0",10.8,1.4,1.74,"Dropout",NA
"1","9991","0",1,130,"1","4","10",115.2,"0","0","1","0",24,"0",12.4,0.5,1.79,"Enrolled",NA
"1","9670","1",1,140,"1","9","9",130.2,"1","0","1","0",22,"0",12.7,3.7,-1.7,"Graduate",NA
"1","9254","1",1,130,"1","5","5",130,"1","0","1","0",18,"0",16.2,0.3,-0.92,"Dropout",NA
"1","9238","1",1,130,"1","5","6",126.9,"1","0","0","0",18,"0",9.4,-0.8,-3.12,"Graduate",NA
"1","9070","1",1,152,"101","9","1",168.5,"1","0","1","0",21,"1",16.2,0.3,-0.92,"Graduate",2
"4","9500","1",1,133.1,"1","9","9",130,"0","0","0","0",38,"0",16.2,0.3,-0.92,"Dropout",2
"1","9556","1",1,140,"1","9","9",122.8,"0","0","0","1",19,"0",12.7,3.7,-1.7,"Graduate",NA
"6","9500","1",1,133.1,"1","9","9",110,"0","0","0","0",36,"0",16.2,0.3,-0.92,"Dropout",NA
"1","9085","1",1,140,"1","9","9",127.1,"1","0","0","0",18,"0",12.7,3.7,-1.7,"Graduate",1
"1","9500","1",1,133.1,"1","5","5",108.5,"1","0","0","0",19,"0",12.4,0.5,1.79,"Graduate",1
"1","9085","1",42,140,"1","9","9",138.2,"0","0","0","0",21,"0",8.9,1.4,3.51,"Dropout",NA
"1","9500","1",1,133.1,"1",NA,NA,96,"1","0","0","0",19,"0",11.1,0.6,2.02,"Enrolled",NA
"1","9238","1",1,135,"1","9","9",124.5,"0","0","0","1",18,"0",16.2,0.3,-0.92,"Graduate",NA
"2","9500","1",3,120,"1","9",NA,120,"1","0","0","0",45,"0",13.9,-0.3,0.79,"Enrolled",NA
"1","9147","1",1,140,"1","9",NA,132.3,"1","0","0","0",20,"0",7.6,2.6,0.32,"Dropout",NA
"1","9254","1",1,128,"1","5",NA,120.7,"1","0","0","0",18,"0",13.9,-0.3,0.79,"Graduate",NA
"1","9670","1",1,141,"1","4","4",132.6,"0","0","0","1",18,"0",11.1,0.6,2.02,"Graduate",NA
"1","9130","1",3,140,"1",NA,NA,140,"0","0","0","0",25,"0",10.8,1.4,1.74,"Dropout",1
"1","9500","1",1,139,"1","4","4",124.5,"1","0","0","0",19,"0",10.8,1.4,1.74,"Graduate",NA
"1","171","1",1,142,"1",NA,NA,142,"1","0","0","1",18,"0",13.9,-0.3,0.79,"Graduate",NA
"1","9254","1",40,130,"1","3","6",130,"0","0","0","0",39,"0",13.9,-0.3,0.79,"Graduate",NA
"2","9003","1",1,130,"1","9","9",144,"0","0","0","0",29,"0",15.5,2.8,-4.06,"Graduate",2
"1","9853","1",1,125,"1","4",NA,128.5,"1","0","0","0",18,"0",13.9,-0.3,0.79,"Enrolled",NA
"1","9070","1",3,140,"1","9","3",140,"0","0","0","0",23,"0",10.8,1.4,1.74,"Dropout",NA
"1","9853","1",1,120,"1","5","5",113.9,"1","0","0","0",21,"0",12.7,3.7,-1.7,"Dropout",NA
"1","9238","1",1,147,"1","4","4",137.2,"0","0","0","0",18,"0",10.8,1.4,1.74,"Graduate",1
"1","9085","1",40,140,"1","5","5",140,"1","0","0","0",23,"0",12.4,0.5,1.79,"Graduate",NA
"1","9130","1",1,161,"1","4","4",152.3,"0","0","0","0",18,"0",11.1,0.6,2.02,"Graduate",NA
"2","8014","0",19,133.1,"1","4",NA,112.5,"0","0","0","0",32,"0",9.4,-0.8,-3.12,"Graduate",NA
"2","9147","1",1,150,"1","9",NA,101,"0","0","0","0",29,"0",10.8,1.4,1.74,"Dropout",1
"1","9238","1",1,113,"1",NA,NA,112.3,"1","0","0","1",20,"0",8.9,1.4,3.51,"Graduate",1
"1","9238","1",1,140,"1",NA,NA,114,"1","0","0","0",28,"0",9.4,-0.8,-3.12,"Dropout",NA
"1","9147","1",3,130,"1","1","9",130,"0","0","0","0",27,"0",10.8,1.4,1.74,"Graduate",NA
"1","9500","1",1,120,"1",NA,NA,121.5,"0","0","0","0",22,"0",7.6,2.6,0.32,"Graduate",NA
"2","9003","1",19,133.1,"1","9","10",120,"0","0","0","0",37,"0",16.2,0.3,-0.92,"Enrolled",2
"1","8014","0",3,130,"1",NA,"5",130,"0","0","0","0",28,"0",12.7,3.7,-1.7,"Dropout",NA
"2","9003","1",1,120,"1","9","9",125.7,"0","0","0","0",43,"0",8.9,1.4,3.51,"Dropout",NA
"1","9556","1",1,140,"1","9","9",128,"1","0","0","0",32,"0",10.8,1.4,1.74,"Dropout",1
"1","9238","1",1,123,"1","9","9",113.2,"0","0","0","1",20,"0",15.5,2.8,-4.06,"Enrolled",NA
"4","9500","1",19,133.1,"1","9","4",120,"0","0","0","1",35,"0",9.4,-0.8,-3.12,"Graduate",NA
"1","9670","1",1,130,"1",NA,NA,117.8,"1","0","0","0",21,"0",7.6,2.6,0.32,"Graduate",NA
"1","9500","1",1,126,"1",NA,"9",121.3,"1","0","0","1",18,"0",12.4,0.5,1.79,"Enrolled",NA
"1","9500","1",1,176,"1","3",NA,169.7,"0","0","0","1",18,"0",16.2,0.3,-0.92,"Graduate",NA
"1","9238","1",1,124,"1","5",NA,117.7,"1","0","0","0",18,"0",16.2,0.3,-0.92,"Graduate",NA
"1","8014","0",39,120,"1",NA,"6",121.8,"1","0","0","0",22,"0",12.4,0.5,1.79,"Graduate",NA
"1","9500","1",1,140,"1","4","10",128.3,"1","0","0","0",19,"0",10.8,1.4,1.74,"Graduate",NA
"1","9147","1",1,143,"1","9",NA,132.2,"1","0","0","1",18,"0",13.9,-0.3,0.79,"Graduate",NA
"1","171","1",1,136,"1","3","4",134.3,"1","0","0","0",19,"0",12.4,0.5,1.79,"Dropout",1
"1","9500","1",1,132,"1","9","5",123.4,"0","0","0","1",18,"0",11.1,0.6,2.02,"Graduate",1
"2","9991","0",19,133.1,"1","5","3",121.7,"0","0","0","0",31,"0",16.2,0.3,-0.92,"Dropout",NA
"2","8014","0",19,100,"1","1","5",130,"0","0","0","1",33,"0",9.4,-0.8,-3.12,"Graduate",NA
"1","9500","1",1,137,"1",NA,NA,126.5,"1","0","0","1",19,"0",9.4,-0.8,-3.12,"Graduate",NA
"1","9238","1",1,153,"1",NA,NA,159.7,"1","0","0","1",18,"0",12.7,3.7,-1.7,"Graduate",1
"1","9147","1",1,160,"1","4","3",151.3,"0","0","0","0",23,"0",7.6,2.6,0.32,"Graduate",1
"1","9238","1",1,145,"1","5",NA,138,"1","0","0","0",20,"0",9.4,-0.8,-3.12,"Graduate",NA
"1","9500","1",1,137,"1","4",NA,126.5,"1","0","0","0",18,"0",9.4,-0.8,-3.12,"Graduate",NA
"1","9085","1",42,140,"1","4","3",140,"1","0","0","0",21,"0",8.9,1.4,3.51,"Enrolled",1
"1","9238","1",1,120,"1","5","6",112.3,"0","0","0","1",22,"0",12.7,3.7,-1.7,"Graduate",2
"1","9238","1",1,122,"1","4","4",127.3,"1","0","0","0",20,"0",9.4,-0.8,-3.12,"Graduate",NA
"1","9500","1",3,130,"1","4","10",130,"1","0","0","0",23,"0",7.6,2.6,0.32,"Graduate",1
"1","9773","1",1,133.1,"1","4","5",115,"1","0","0","0",19,"0",16.2,0.3,-0.92,"Graduate",1
"1","9500","1",1,150,"1","1","1",131.5,"1","0","0","0",19,"0",10.8,1.4,1.74,"Graduate",1
"1","9991","0",1,133.1,"1",NA,"4",125.7,"0","0","0","0",26,"0",10.8,1.4,1.74,"Dropout",NA
"1","9500","1",1,141,"1","4","3",126.8,"1","0","0","0",18,"0",16.2,0.3,-0.92,"Graduate",NA
"1","9119","1",1,146,"1",NA,NA,132.4,"1","0","1","0",18,"0",9.4,-0.8,-3.12,"Dropout",NA
"1","9003","1",39,150,"1","9","9",150,"1","0","1","0",20,"0",16.2,0.3,-0.92,"Graduate",NA
"1","9670","1",1,133.1,"1","4","4",95,"0","0","1","0",19,"0",15.5,2.8,-4.06,"Dropout",NA
"1","9991","0",1,120,"1","9","9",128.2,"0","0","1","0",32,"0",10.8,1.4,1.74,"Dropout",2
"2","9130","1",1,150,"1","4","4",130,"0","0","1","0",31,"0",9.4,-0.8,-3.12,"Dropout",2
"1","9119","1",19,133.1,"1","4","5",100,"0","0","1","0",25,"0",13.9,-0.3,0.79,"Enrolled",NA
"1","9085","1",39,140,"1","9","1",159.9,"1","0","0","0",21,"0",16.2,0.3,-0.92,"Graduate",NA
"2","9991","0",1,140,"1","4","9",100,"0","0","0","0",31,"0",12.7,3.7,-1.7,"Dropout",2
"2","9853","1",1,133.1,"1","5","5",116.5,"0","0","0","0",34,"0",16.2,0.3,-0.92,"Dropout",NA
"1","9238","1",1,128,"1","9","9",120,"0","0","0","1",18,"0",11.1,0.6,2.02,"Graduate",1
"1","9238","1",1,117,"1","9","9",117,"1","0","0","0",19,"0",12.4,0.5,1.79,"Dropout",NA
"1","9670","1",42,140,"1","3","6",140,"1","0","0","0",21,"0",8.9,1.4,3.51,"Enrolled",1
"1","9853","1",1,124,"1","5","3",118.1,"1","0","0","0",18,"0",9.4,-0.8,-3.12,"Dropout",NA
"1","9254","1",1,158,"1","4",NA,153.5,"1","0","0","0",20,"0",11.1,0.6,2.02,"Graduate",1
"1","9773","1",1,137,"1","9","5",127.9,"1","0","0","0",20,"0",15.5,2.8,-4.06,"Graduate",NA
"1","9670","1",1,123,"1",NA,NA,118.8,"1","1","0","1",18,"0",11.1,0.6,2.02,"Graduate",1
"1","9238","1",1,126,"1",NA,NA,126.7,"1","0","0","0",19,"0",7.6,2.6,0.32,"Graduate",NA
"1","9085","1",1,170,"1","5","1",170,"1","0","0","0",19,"0",12.7,3.7,-1.7,"Enrolled",NA
"4","9130","1",1,133.1,"1","5","5",110,"1","0","0","1",30,"0",11.1,0.6,2.02,"Dropout",1
"1","9238","1",1,115,"1","5","5",115,"1","0","0","0",19,"0",11.1,0.6,2.02,"Graduate",NA
"1","9556","1",1,132,"1",NA,NA,119,"1","0","0","0",19,"0",12.7,3.7,-1.7,"Graduate",1
"1","9500","1",1,132,"1","4",NA,121.8,"1","0","0","1",19,"0",12.7,3.7,-1.7,"Graduate",NA
"1","9085","1",1,143,"1","9","9",133.4,"1","0","0","0",19,"0",12.4,0.5,1.79,"Graduate",1
"1","9238","1",1,137,"1","3","3",131.4,"1","0","0","0",20,"0",7.6,2.6,0.32,"Graduate",1
"1","9119","1",1,130,"1","9","3",135,"0","0","1","0",25,"0",13.9,-0.3,0.79,"Dropout",NA
"1","9773","1",1,121,"1","9","9",122.8,"0","0","1","0",19,"0",12.4,0.5,1.79,"Dropout",NA
"2","9853","1",1,130,"1",NA,"3",140,"0","0","0","1",34,"0",9.4,-0.8,-3.12,"Graduate",2
"1","9500","1",1,135,"1","9","5",125.3,"1","0","0","1",18,"0",12.7,3.7,-1.7,"Graduate",1
"1","9500","1",1,137,"1","4","5",126.3,"1","0","0","1",18,"0",9.4,-0.8,-3.12,"Graduate",NA
"1","9670","1",1,100,"1","9","10",100,"0","0","0","0",20,"0",11.1,0.6,2.02,"Graduate",NA
"1","9500","1",1,127,"1","9",NA,121.3,"1","0","0","1",20,"0",10.8,1.4,1.74,"Graduate",1
"1","9991","0",1,140,"1",NA,NA,135,"0","0","0","0",23,"0",8.9,1.4,3.51,"Enrolled",NA
"1","9670","1",1,140,"1","6","6",120,"0","0","0","0",28,"0",10.8,1.4,1.74,"Dropout",NA
"1","9773","1",1,121,"1","9","10",113.7,"0","0","0","0",18,"0",15.5,2.8,-4.06,"Enrolled",2
"1","9147","1",1,131,"1","9","9",129.7,"1","0","0","0",19,"0",16.2,0.3,-0.92,"Graduate",1
"2","9147","1",1,151,"1","9",NA,132.1,"1","0","0","0",34,"0",7.6,2.6,0.32,"Dropout",NA
"2","9853","1",1,130,"1",NA,NA,120.3,"0","0","0","0",35,"0",8.9,1.4,3.51,"Dropout",NA
"1","9991","0",40,120,"1","9",NA,120,"0","0","0","0",32,"0",12.4,0.5,1.79,"Graduate",NA
"1","9254","1",1,136,"1","4",NA,123.1,"1","0","0","0",19,"0",11.1,0.6,2.02,"Graduate",1
"1","9670","1",1,125,"1","9",NA,119.4,"1","0","0","0",18,"0",11.1,0.6,2.02,"Graduate",NA
"2","9147","1",1,133.1,"1","9","9",140,"0","0","0","0",35,"0",9.4,-0.8,-3.12,"Dropout",NA
"1","8014","0",1,133.1,"1","4","5",116.5,"0","0","1","1",24,"0",12.4,0.5,1.79,"Enrolled",2
"1","9238","1",1,120,"1","9","9",113,"1","0","0","1",20,"0",13.9,-0.3,0.79,"Graduate",NA
"1","9773","1",1,143,"11","4","9",133.9,"1","0","1","1",18,"1",16.2,0.3,-0.92,"Graduate",NA
"1","9500","1",1,133.1,"1",NA,"9",115.5,"1","0","1","1",20,"0",10.8,1.4,1.74,"Graduate",NA
"1","9254","1",1,121,"1","4",NA,116.5,"1","0","1","0",18,"0",9.4,-0.8,-3.12,"Dropout",NA
"1","9119","1",1,168,"1","4","4",171.2,"0","0","1","1",18,"0",12.4,0.5,1.79,"Graduate",NA
"1","9670","1",1,124,"1","5",NA,119.1,"0","0","1","1",20,"0",9.4,-0.8,-3.12,"Graduate",NA
"1","9853","1",1,127,"1","3","3",121.1,"1","0","1","0",19,"0",12.4,0.5,1.79,"Dropout",NA
"1","9070","1",1,129,"1","4","9",132.9,"1","0","1","1",20,"0",7.6,2.6,0.32,"Enrolled",NA
"1","9238","1",1,137,"1","9","9",132.8,"0","0","1","0",19,"0",10.8,1.4,1.74,"Graduate",2
"1","9773","1",1,120,"1",NA,NA,126.7,"1","0","1","0",20,"0",7.6,2.6,0.32,"Graduate",NA
"1","9500","1",1,110,"1","9",NA,105.8,"1","0","1","0",22,"0",11.1,0.6,2.02,"Graduate",NA
"1","9119","1",1,120,"1","9",NA,117.2,"0","0","1","1",18,"0",11.1,0.6,2.02,"Enrolled",2
"1","9500","1",1,143,"1","9","9",140,"0","0","1","0",19,"0",12.7,3.7,-1.7,"Graduate",NA
"1","9003","1",39,120,"1","9",NA,120,"0","0","1","0",22,"0",13.9,-0.3,0.79,"Dropout",NA
"1","9119","1",1,124,"11","2","9",119.5,"1","0","1","0",20,"1",8.9,1.4,3.51,"Graduate",1
"2","9003","1",1,168,"1","9","3",153.9,"0","0","1","0",34,"0",12.4,0.5,1.79,"Dropout",2
"2","8014","0",19,133.1,"1","4","4",130,"0","0","1","0",24,"0",16.2,0.3,-0.92,"Dropout",2
"1","9670","1",1,150,"1",NA,NA,107,"1","0","1","0",26,"0",7.6,2.6,0.32,"Dropout",NA
"1","9500","1",1,140,"1","9","6",132.8,"0","0","1","0",35,"0",12.4,0.5,1.79,"Dropout",NA
"1","9991","0",1,145,"1","4","9",127.5,"1","0","1","0",22,"0",7.6,2.6,0.32,"Graduate",1
"1","9254","1",1,118,"1","5","5",123.3,"1","0","1","0",26,"0",9.4,-0.8,-3.12,"Enrolled",NA
"1","9147","1",1,123,"1","3","4",122,"0","0","1","0",19,"0",8.9,1.4,3.51,"Dropout",2
"1","9254","1",1,120,"1","3","9",114.8,"1","0","1","0",19,"0",8.9,1.4,3.51,"Dropout",1
"1","171","1",39,140,"1","2","2",140,"0","0","1","0",20,"0",15.5,2.8,-4.06,"Graduate",NA
"1","9670","1",1,126,"1","1","10",111,"0","0","1","0",21,"0",11.1,0.6,2.02,"Graduate",2
"1","9773","1",1,137,"1",NA,NA,133.2,"1","0","0","1",19,"0",13.9,-0.3,0.79,"Graduate",NA
"1","9773","1",1,130,"1","9","9",123,"1","0","0","0",18,"0",12.7,3.7,-1.7,"Graduate",NA
"1","9003","1",42,150,"1",NA,NA,150,"0","0","0","1",23,"0",8.9,1.4,3.51,"Graduate",NA
"1","9147","1",1,147,"1","5",NA,132.3,"1","0","0","1",18,"0",12.7,3.7,-1.7,"Graduate",NA
"1","9500","1",1,140,"1","5",NA,126,"1","0","0","0",18,"0",12.7,3.7,-1.7,"Graduate",NA
"1","9500","1",1,132,"1","9","9",119.3,"1","0","0","0",19,"0",10.8,1.4,1.74,"Graduate",NA
"1","9147","1",42,130,"1",NA,NA,133.8,"1","0","0","0",21,"0",8.9,1.4,3.51,"Graduate",NA
"1","9085","1",1,130,"1","9","6",126.5,"1","0","0","1",18,"0",15.5,2.8,-4.06,"Graduate",NA
"1","9773","1",1,151,"1","9","5",138.4,"1","0","0","1",24,"0",10.8,1.4,1.74,"Graduate",1
"1","9500","1",1,144,"1","2","3",129,"1","0","0","0",18,"0",16.2,0.3,-0.92,"Dropout",1
"1","9670","1",1,127,"1","5",NA,118.3,"1","0","0","0",18,"0",13.9,-0.3,0.79,"Enrolled",1
"1","9500","1",1,131,"1","9",NA,129.8,"1","0","0","0",20,"0",12.4,0.5,1.79,"Graduate",1
"1","9085","1",1,123,"1","4","9",113.6,"1","0","0","0",19,"0",9.4,-0.8,-3.12,"Enrolled",NA
"1","9773","1",1,130,"1",NA,NA,128.3,"1","0","0","1",18,"0",7.6,2.6,0.32,"Dropout",NA
"1","9254","1",1,130,"1","5",NA,130,"0","0","0","1",19,"0",10.8,1.4,1.74,"Dropout",NA
"1","9853","1",1,131,"1","4",NA,121.9,"1","0","0","0",19,"0",10.8,1.4,1.74,"Graduate",NA
"1","9238","1",3,135,"1","9","3",129.4,"0","0","0","0",18,"0",10.8,1.4,1.74,"Graduate",NA
"1","9853","1",1,123,"1",NA,NA,115.3,"1","0","0","0",20,"0",11.1,0.6,2.02,"Enrolled",1
"1","9500","1",1,145,"1","9","9",125.5,"1","0","0","1",18,"0",9.4,-0.8,-3.12,"Graduate",NA
"1","9556","1",1,118,"1","5","5",117.8,"1","0","0","1",19,"0",11.1,0.6,2.02,"Graduate",NA
"1","9147","1",1,125,"1","2","10",118.7,"1","0","0","0",18,"0",13.9,-0.3,0.79,"Enrolled",1
"1","9500","1",1,152,"1","9","9",139,"1","0","0","0",18,"0",7.6,2.6,0.32,"Graduate",1
"1","9085","1",1,101,"1","4","9",98.9,"1","0","0","0",21,"0",11.1,0.6,2.02,"Enrolled",1
"1","9254","1",1,137,"1",NA,NA,137.7,"1","0","0","0",19,"0",7.6,2.6,0.32,"Dropout",1
"1","9500","1",1,123,"1","3","3",113.6,"1","0","0","0",21,"0",12.4,0.5,1.79,"Graduate",NA
"1","9085","1",1,120,"1","2","9",113.4,"0","0","0","0",18,"0",11.1,0.6,2.02,"Enrolled",NA
"1","9556","1",1,131,"1","9",NA,128.5,"0","0","0","1",18,"0",12.7,3.7,-1.7,"Graduate",NA
"1","9500","1",1,141,"1","3","10",142.8,"0","0","0","0",18,"0",11.1,0.6,2.02,"Graduate",NA
"1","9130","1",1,144,"1","1","3",137.7,"0","0","0","0",23,"0",10.8,1.4,1.74,"Dropout",1
"1","9238","1",1,107,"1",NA,NA,103.5,"1","0","0","0",20,"0",16.2,0.3,-0.92,"Enrolled",1
"1","9500","1",1,133,"1","5","5",123.2,"0","0","0","0",18,"0",16.2,0.3,-0.92,"Graduate",NA
"1","9853","1",1,126,"1","2","10",126,"1","0","0","0",19,"0",7.6,2.6,0.32,"Enrolled",1
"1","9500","1",1,133.1,"1","3",NA,121.7,"0","0","0","1",27,"0",12.4,0.5,1.79,"Enrolled",NA
"1","9147","1",1,147,"1","9","6",142.8,"1","0","0","1",19,"0",11.1,0.6,2.02,"Enrolled",NA
"1","9130","1",1,120,"1","9","9",120,"1","0","0","0",21,"0",15.5,2.8,-4.06,"Dropout",1
"1","9500","1",1,130,"1",NA,NA,119.3,"1","0","0","1",19,"0",10.8,1.4,1.74,"Graduate",NA
"1","9238","1",1,120,"1","6","9",121,"0","0","0","1",21,"0",13.9,-0.3,0.79,"Graduate",2
"1","9773","1",1,138,"1","9","9",139.4,"1","0","0","0",18,"0",10.8,1.4,1.74,"Graduate",NA
"1","9085","1",1,124,"1",NA,NA,113.9,"1","0","0","1",20,"0",12.7,3.7,-1.7,"Graduate",NA
"1","9853","1",1,133,"1","9",NA,124.6,"1","0","0","1",18,"0",9.4,-0.8,-3.12,"Graduate",NA
"1","9070","1",1,122,"1","4",NA,123.8,"1","0","0","1",18,"0",12.7,3.7,-1.7,"Dropout",1
"1","9085","1",1,138,"1","4","4",126.3,"1","0","0","0",18,"0",8.9,1.4,3.51,"Graduate",1
"1","9773","1",1,134,"1","3","3",120.4,"1","0","0","1",18,"0",16.2,0.3,-0.92,"Graduate",1
"1","9500","1",1,128,"1",NA,NA,120.5,"1","0","0","1",19,"0",12.4,0.5,1.79,"Enrolled",NA
"1","9085","1",42,140,"1",NA,"9",144.9,"1","0","0","0",23,"0",8.9,1.4,3.51,"Enrolled",1
"1","9085","1",19,133.1,"1","4","9",139.9,"1","0","0","1",24,"0",8.9,1.4,3.51,"Graduate",1
"1","171","1",1,142,"1","3","3",133.3,"1","0","0","0",19,"0",10.8,1.4,1.74,"Graduate",NA
"1","9500","1",1,141,"1","9","9",126,"1","0","0","0",18,"0",12.7,3.7,-1.7,"Graduate",1
"1","9070","1",1,145,"1","4","3",133.5,"0","0","0","0",19,"0",12.7,3.7,-1.7,"Graduate",NA
"1","9853","1",1,145,"1","4","9",127.9,"1","0","0","0",19,"0",10.8,1.4,1.74,"Dropout",NA
"1","9238","1",1,108,"1","5",NA,105.9,"0","0","0","1",20,"0",11.1,0.6,2.02,"Enrolled",1
"1","9085","1",1,132,"1","4","5",124.3,"0","0","0","0",20,"0",13.9,-0.3,0.79,"Enrolled",2
"1","9773","1",1,140,"1",NA,NA,102.5,"0","0","0","0",26,"0",7.6,2.6,0.32,"Dropout",NA
"1","9254","1",19,133.1,"1","9","5",97,"0","0","1","0",36,"0",15.5,2.8,-4.06,"Dropout",2
"1","171","1",1,128,"1","4","10",134.7,"0","0","1","0",19,"0",10.8,1.4,1.74,"Dropout",NA
"1","9119","1",1,120,"1","9","9",113.8,"0","0","1","0",27,"0",15.5,2.8,-4.06,"Dropout",NA
"1","9119","1",1,120,"1",NA,NA,116.9,"0","0","1","0",18,"0",8.9,1.4,3.51,"Dropout",NA
"1","9500","1",1,139,"1","9","9",124,"1","0","1","1",18,"0",10.8,1.4,1.74,"Graduate",1
"1","9070","1",1,139.3,"1","5","5",117.5,"0","0","1","0",28,"0",12.4,0.5,1.79,"Dropout",2
"1","171","1",39,150,"1","9","9",154.8,"1","0","1","0",21,"0",12.4,0.5,1.79,"Graduate",NA
"1","9500","1",1,138,"1","4","9",141,"0","0","1","0",19,"0",7.6,2.6,0.32,"Graduate",2
"1","9670","1",9,133.1,"1","3","3",120,"0","0","1","0",26,"0",9.4,-0.8,-3.12,"Dropout",2
"1","9119","1",1,136,"1","3","5",133.6,"1","0","1","0",20,"0",11.1,0.6,2.02,"Dropout",NA
"1","9500","1",1,134,"1","9","9",122,"1","0","1","0",19,"0",12.7,3.7,-1.7,"Graduate",NA
"1","9147","1",1,140,"1",NA,"3",120,"1","0","1","0",21,"0",12.7,3.7,-1.7,"Dropout",NA
"1","9670","1",42,110,"1","9","9",114.2,"0","0","1","1",23,"0",8.9,1.4,3.51,"Graduate",2
"1","8014","0",38,133.1,"1","4",NA,95.5,"0","0","1","0",29,"0",11.1,0.6,2.02,"Graduate",2
"1","9500","1",1,129,"1","9","9",120,"0","0","1","0",20,"0",12.7,3.7,-1.7,"Graduate",2
"1","9238","1",1,116,"1","5","9",111.1,"0","0","1","0",18,"0",15.5,2.8,-4.06,"Graduate",2
"1","9773","1",1,130,"1","3","5",128.6,"1","0","1","0",19,"0",9.4,-0.8,-3.12,"Graduate",NA
"1","9556","1",3,130,"1","4",NA,130,"0","0","1","0",23,"0",10.8,1.4,1.74,"Dropout",NA
"1","171","1",1,116,"1","5","1",111.1,"0","0","1","0",21,"0",13.9,-0.3,0.79,"Dropout",NA
"1","9147","1",1,136,"1","9","3",122.7,"1","0","1","0",18,"0",15.5,2.8,-4.06,"Enrolled",NA
"1","171","1",1,147,"1",NA,NA,134.4,"1","0","1","1",18,"0",10.8,1.4,1.74,"Graduate",NA
"1","9070","1",1,117,"1","5","5",131,"1","0","1","0",21,"0",9.4,-0.8,-3.12,"Dropout",2
"1","9238","1",1,141,"1","5","9",125,"0","0","1","0",22,"0",11.1,0.6,2.02,"Dropout",2
"1","9556","1",1,133.1,"1","2",NA,106,"1","0","1","0",21,"0",8.9,1.4,3.51,"Graduate",1
"1","9500","1",1,133.1,"1","9","9",128,"1","0","1","0",32,"0",16.2,0.3,-0.92,"Dropout",NA
"1","9003","1",3,120,"1","4","1",120,"1","0","1","0",27,"0",15.5,2.8,-4.06,"Graduate",NA
"1","9500","1",1,148,"1","9",NA,134.8,"1","0","1","0",18,"0",7.6,2.6,0.32,"Graduate",1
"1","9070","1",1,130,"1","5","3",112,"1","0","1","1",24,"0",15.5,2.8,-4.06,"Graduate",NA
"1","9130","1",1,120,"1","1","9",116.1,"1","0","1","0",22,"0",12.7,3.7,-1.7,"Dropout",1
"1","9130","1",1,120,"1","3","2",120,"1","0","1","0",22,"0",10.8,1.4,1.74,"Dropout",1
"1","9147","1",1,133,"1","9","5",119.7,"1","0","1","0",19,"0",13.9,-0.3,0.79,"Graduate",NA
"1","9119","1",1,129,"1","4",NA,117.1,"1","0","1","0",19,"0",7.6,2.6,0.32,"Dropout",NA
"1","9085","1",1,118,"1","3","3",112.4,"1","0","1","0",21,"0",10.8,1.4,1.74,"Enrolled",NA
"1","9500","1",1,140,"1","2",NA,131,"1","0","0","1",18,"0",9.4,-0.8,-3.12,"Graduate",NA
"1","9254","1",1,127,"1","3","10",130.9,"1","0","0","0",18,"0",9.4,-0.8,-3.12,"Graduate",NA
"1","171","1",1,131,"1","9","9",134.9,"1","0","0","0",20,"0",16.2,0.3,-0.92,"Dropout",NA
"1","9238","1",1,132,"1","4","9",127.1,"1","0","0","0",19,"0",13.9,-0.3,0.79,"Graduate",1
"1","9773","1",1,113,"1",NA,NA,110.2,"1","0","0","0",19,"0",8.9,1.4,3.51,"Graduate",1
"1","9254","1",1,115,"1","9","3",108.7,"1","0","0","1",18,"0",12.4,0.5,1.79,"Graduate",NA
"1","9130","1",1,133.1,"1","3","9",138,"1","0","0","0",20,"0",16.2,0.3,-0.92,"Enrolled",1
"1","9070","1",39,150,"1","3","9",147.7,"0","0","0","1",22,"0",12.4,0.5,1.79,"Graduate",NA
"2","9556","1",19,133.1,"1","9","9",123,"0","0","0","0",31,"0",12.4,0.5,1.79,"Graduate",NA
"1","9853","1",1,141,"1","9",NA,142.8,"0","0","0","1",19,"0",16.2,0.3,-0.92,"Graduate",2
"1","171","1",1,140,"1","3","3",138.3,"1","0","0","0",18,"0",12.4,0.5,1.79,"Enrolled",NA
"1","9254","1",1,136,"1","9",NA,125.2,"1","0","0","1",18,"0",8.9,1.4,3.51,"Graduate",NA
"1","9085","1",1,140,"1","1",NA,141.8,"0","0","0","0",21,"0",7.6,2.6,0.32,"Graduate",NA
"1","9500","1",1,143,"1","9",NA,130.6,"1","0","0","1",18,"0",13.9,-0.3,0.79,"Graduate",1
"1","9147","1",39,130,"22","2",NA,130,"0","0","1","0",25,"1",15.5,2.8,-4.06,"Dropout",2
"1","9119","1",1,133.1,"41","5",NA,100,"0","0","1","0",21,"1",11.1,0.6,2.02,"Dropout",2
"1","9500","1",1,129,"1","5","5",119,"1","0","0","1",19,"0",10.8,1.4,1.74,"Graduate",NA
"1","9773","1",1,132,"1","9","9",124.3,"1","0","0","0",19,"0",10.8,1.4,1.74,"Enrolled",NA
"1","9254","1",1,118,"1","5",NA,122.2,"1","0","0","0",22,"0",7.6,2.6,0.32,"Dropout",NA
"1","9147","1",1,150,"1","9","1",150,"0","0","1","0",19,"0",12.4,0.5,1.79,"Graduate",NA
"1","8014","0",19,133.1,"1","9","5",135.5,"0","0","0","0",58,"0",11.1,0.6,2.02,"Dropout",NA
"1","9238","1",1,122,"1","9",NA,127.3,"1","0","0","1",19,"0",10.8,1.4,1.74,"Graduate",NA
"1","9670","1",1,127,"22","9","9",127,"1","0","1","0",23,"1",9.4,-0.8,-3.12,"Graduate",NA
"1","9773","1",1,122,"1","9","9",126.9,"1","0","0","1",19,"0",9.4,-0.8,-3.12,"Enrolled",NA
"1","9500","1",1,131,"1","4",NA,127.5,"1","0","0","0",18,"0",13.9,-0.3,0.79,"Graduate",1
"1","9085","1",1,130,"1",NA,NA,122,"0","0","0","0",20,"0",7.6,2.6,0.32,"Graduate",NA
"1","9085","1",1,130,"1",NA,NA,115.8,"0","0","0","0",18,"0",12.7,3.7,-1.7,"Dropout",NA
"1","9670","1",1,130,"1","5","5",121.6,"0","0","0","0",18,"0",8.9,1.4,3.51,"Graduate",NA
"1","9147","1",1,122,"1","5",NA,116.4,"1","0","0","1",18,"0",11.1,0.6,2.02,"Graduate",NA
"1","9130","1",1,114,"1","9","10",120,"0","0","0","0",24,"0",11.1,0.6,2.02,"Dropout",1
"1","9853","1",1,143,"1","9","5",127.3,"1","0","0","0",18,"0",10.8,1.4,1.74,"Dropout",NA
"1","9147","1",1,127,"1","5",NA,123.5,"1","0","0","1",19,"0",9.4,-0.8,-3.12,"Enrolled",NA
"1","9238","1",1,141,"1","9",NA,125.6,"1","0","0","1",19,"0",8.9,1.4,3.51,"Graduate",NA
"1","9254","1",1,129,"1","6","6",118.5,"1","0","0","0",18,"0",7.6,2.6,0.32,"Graduate",NA
"1","9130","1",1,140,"1","9","9",129.5,"1","0","0","0",18,"0",12.7,3.7,-1.7,"Enrolled",1
"1","171","1",1,137,"1","5","5",134.6,"1","0","0","1",19,"0",10.8,1.4,1.74,"Graduate",NA
"1","9085","1",1,140,"1","2","6",140,"0","0","0","0",22,"0",13.9,-0.3,0.79,"Graduate",NA
"1","9254","1",1,143,"1","1","1",133.2,"1","0","0","0",19,"0",10.8,1.4,1.74,"Enrolled",NA
"3","9238","1",1,138,"1","9","9",133.5,"1","0","0","1",21,"0",12.7,3.7,-1.7,"Enrolled",NA
"1","9773","1",1,120,"1","9",NA,117.9,"1","0","0","1",21,"0",8.9,1.4,3.51,"Graduate",NA
"1","9500","1",1,144,"1","5",NA,128,"1","0","0","1",18,"0",10.8,1.4,1.74,"Graduate",1
"1","9853","1",1,123,"1","4","9",113.2,"1","0","0","0",20,"0",10.8,1.4,1.74,"Dropout",NA
"1","9254","1",1,129,"1",NA,NA,122,"1","0","0","1",18,"0",7.6,2.6,0.32,"Enrolled",NA
"1","9070","1",1,152,"1","4",NA,156.9,"1","0","0","0",19,"0",12.7,3.7,-1.7,"Graduate",NA
"1","9500","1",1,130,"1","9","9",125.1,"1","0","0","1",18,"0",11.1,0.6,2.02,"Enrolled",1
"1","9147","1",1,133.1,"41","3","4",100,"0","0","1","0",26,"1",11.1,0.6,2.02,"Dropout",2
"1","9119","1",1,160,"32",NA,NA,160,"0","0","0","0",19,"1",8.9,1.4,3.51,"Enrolled",1
"2","8014","0",1,140,"1","9","9",101,"0","0","0","0",35,"0",15.5,2.8,-4.06,"Graduate",NA
"1","9670","1",1,133,"1","9","9",121.5,"1","0","0","1",19,"0",12.4,0.5,1.79,"Graduate",NA
"1","9085","1",1,138,"1","9","6",126.8,"1","0","1","0",18,"0",10.8,1.4,1.74,"Graduate",1
"1","9670","1",1,142,"1",NA,"3",132.9,"0","0","1","0",19,"0",7.6,2.6,0.32,"Graduate",NA
"1","171","1",1,115,"1","9","9",134.3,"1","0","1","0",25,"0",12.4,0.5,1.79,"Graduate",1
"1","9254","1",1,125,"1","4","3",120.5,"1","0","1","0",18,"0",11.1,0.6,2.02,"Graduate",NA
"1","9003","1",1,170,"1","9","5",144.1,"1","0","1","0",26,"0",16.2,0.3,-0.92,"Dropout",NA
"1","9991","0",1,140,"1","6","6",100,"0","0","1","0",34,"0",9.4,-0.8,-3.12,"Graduate",2
"1","9254","1",1,110,"1","4","3",114.8,"1","0","1","0",18,"0",12.7,3.7,-1.7,"Dropout",1
"1","171","1",1,114,"1","3","5",111.9,"0","0","1","0",18,"0",9.4,-0.8,-3.12,"Dropout",NA
"1","9119","1",1,138,"1","4","3",125.4,"1","0","1","1",18,"0",8.9,1.4,3.51,"Dropout",1
"1","9003","1",39,140,"1","9","4",140,"0","0","1","0",20,"0",12.4,0.5,1.79,"Dropout",NA
"1","9070","1",39,140,"1","4","4",140,"0","0","1","0",25,"0",16.2,0.3,-0.92,"Graduate",2
"1","9130","1",1,132,"1","4","1",127.8,"0","0","1","0",18,"0",11.1,0.6,2.02,"Dropout",NA
"1","9003","1",1,148,"1","9","9",131.6,"1","0","1","0",19,"0",15.5,2.8,-4.06,"Graduate",2
"1","171","1",1,132,"1","4","1",119.4,"1","0","1","0",20,"0",10.8,1.4,1.74,"Dropout",NA
"1","9238","1",1,126,"1","5",NA,129.9,"1","0","1","1",20,"0",10.8,1.4,1.74,"Graduate",NA
"1","9119","1",1,121,"1","2","3",114,"0","0","1","0",20,"0",7.6,2.6,0.32,"Enrolled",NA
"1","9147","1",1,120,"1","4","9",113.4,"1","0","1","1",19,"0",11.1,0.6,2.02,"Dropout",1
"1","9147","1",1,123,"1","4","5",117.8,"0","0","1","0",20,"0",8.9,1.4,3.51,"Enrolled",NA
"1","9500","1",1,122,"1","3",NA,114.3,"1","0","1","0",18,"0",11.1,0.6,2.02,"Enrolled",1
"1","9670","1",1,136,"1",NA,NA,129.7,"1","0","1","0",19,"0",16.2,0.3,-0.92,"Enrolled",NA
"1","9147","1",1,119,"1",NA,NA,112,"1","0","1","0",20,"0",9.4,-0.8,-3.12,"Dropout",NA
"1","9670","1",1,120,"1",NA,NA,140,"0","0","1","0",24,"0",15.5,2.8,-4.06,"Dropout",NA
"1","9003","1",39,150,"1","9",NA,150,"1","0","1","0",20,"0",16.2,0.3,-0.92,"Graduate",NA
"1","9670","1",1,121,"1","2",NA,122.4,"1","0","1","0",19,"0",9.4,-0.8,-3.12,"Enrolled",NA
"1","9119","1",1,140,"1","4","4",150,"0","0","1","0",23,"0",8.9,1.4,3.51,"Dropout",2
"1","9254","1",1,135,"1","4","3",135,"1","0","1","0",20,"0",7.6,2.6,0.32,"Enrolled",1
"1","8014","0",1,116,"1",NA,NA,116.2,"0","0","1","0",21,"0",9.4,-0.8,-3.12,"Graduate",NA
"1","9119","1",1,120,"1","9","9",120.4,"1","0","1","0",20,"0",10.8,1.4,1.74,"Dropout",NA
"2","9119","1",1,126,"1","4","4",122.9,"1","0","1","0",21,"0",7.6,2.6,0.32,"Enrolled",NA
"1","9773","1",1,170,"1","9",NA,155,"0","0","1","1",18,"0",11.1,0.6,2.02,"Graduate",2
"1","9254","1",1,123,"1","4","3",123.4,"1","0","1","0",18,"0",11.1,0.6,2.02,"Graduate",NA
"1","9147","1",1,120,"1","3",NA,124.2,"1","0","1","0",18,"0",13.9,-0.3,0.79,"Enrolled",2
"1","9003","1",39,130,"1",NA,"1",130,"1","0","1","0",20,"0",15.5,2.8,-4.06,"Enrolled",NA
"1","9773","1",1,130,"1","4","9",126.2,"0","0","1","1",18,"0",16.2,0.3,-0.92,"Graduate",NA
"1","9773","1",1,117,"1",NA,"4",120.5,"1","0","1","0",19,"0",9.4,-0.8,-3.12,"Dropout",NA
"1","9119","1",1,131,"1","9","10",123.7,"1","0","1","0",20,"0",10.8,1.4,1.74,"Enrolled",1
"1","9130","1",1,130,"1","4",NA,122.5,"0","0","1","0",19,"0",9.4,-0.8,-3.12,"Graduate",NA
"1","9991","0",1,133,"1","9","5",139.2,"1","0","1","0",33,"0",12.7,3.7,-1.7,"Dropout",NA
"1","171","1",1,128,"1","3","3",131.2,"1","0","1","0",21,"0",8.9,1.4,3.51,"Graduate",NA
"2","9003","1",1,133.1,"1","4","4",120,"0","0","1","0",25,"0",15.5,2.8,-4.06,"Dropout",NA
"1","9085","1",1,123,"1","4","9",116.7,"1","0","1","1",20,"0",12.4,0.5,1.79,"Dropout",1
"1","9085","1",42,150,"1","9","4",150,"1","0","1","1",22,"0",8.9,1.4,3.51,"Dropout",NA
"4","9773","1",19,133.1,"1","9","1",117.5,"0","0","0","0",39,"0",10.8,1.4,1.74,"Graduate",1
"1","9670","1",1,140,"1","2","6",137.6,"1","0","1","1",21,"0",8.9,1.4,3.51,"Graduate",NA
"1","9254","1",1,126,"1","9","9",124.3,"0","0","0","1",19,"0",16.2,0.3,-0.92,"Graduate",NA
"1","9500","1",19,133.1,"1","9",NA,116,"0","0","0","1",26,"0",7.6,2.6,0.32,"Graduate",NA
"1","9238","1",1,121,"1","4","3",121.4,"1","0","0","1",19,"0",15.5,2.8,-4.06,"Graduate",NA
"1","9085","1",42,140,"1","4","2",142.8,"1","0","0","1",20,"0",8.9,1.4,3.51,"Graduate",NA
"1","9670","1",1,133.1,"1","4","9",96,"1","0","0","1",25,"0",15.5,2.8,-4.06,"Enrolled",NA
"1","8014","0",1,131,"1",NA,"5",125,"0","0","1","0",24,"0",16.2,0.3,-0.92,"Dropout",NA
"1","9119","1",1,124,"1","4",NA,126.1,"1","0","1","0",20,"0",7.6,2.6,0.32,"Graduate",NA
"2","9003","1",1,120,"1","9","9",155.8,"0","0","1","0",29,"0",13.9,-0.3,0.79,"Graduate",NA
"1","9773","1",1,133.1,"1","9","9",116,"0","0","1","0",20,"0",16.2,0.3,-0.92,"Graduate",2
"1","9130","1",39,110,"1","2","2",110,"1","0","1","0",20,"0",13.9,-0.3,0.79,"Dropout",1
"1","9670","1",19,133.1,"1","5",NA,97.2,"1","0","1","1",24,"0",11.1,0.6,2.02,"Graduate",1
"1","9500","1",19,133.1,"1","2","2",100,"0","0","1","0",24,"0",16.2,0.3,-0.92,"Dropout",NA
"1","9119","1",40,140,"1","2","5",140,"0","0","1","0",23,"0",11.1,0.6,2.02,"Graduate",NA
"1","9556","1",1,130,"1","5","5",128,"1","0","1","0",20,"0",15.5,2.8,-4.06,"Graduate",NA
"1","9670","1",1,110,"1","4","10",115.3,"1","0","1","0",19,"0",15.5,2.8,-4.06,"Graduate",2
"4","9003","1",1,140,"1","9",NA,150,"0","0","1","0",28,"0",11.1,0.6,2.02,"Enrolled",2
"1","9003","1",39,160,"1","4","4",160,"1","0","1","1",20,"0",13.9,-0.3,0.79,"Graduate",2
"1","9070","1",1,138,"1","3","3",133.1,"0","0","1","0",18,"0",8.9,1.4,3.51,"Graduate",2
"1","9670","1",1,126,"1",NA,NA,119,"1","0","1","0",20,"0",10.8,1.4,1.74,"Dropout",NA
"2","9991","0",1,120,"1","5","3",156,"1","0","1","0",33,"0",10.8,1.4,1.74,"Graduate",NA
"2","9500","1",1,130,"1",NA,NA,163.7,"0","0","0","0",35,"0",12.4,0.5,1.79,"Enrolled",NA
"1","9500","1",40,130,"1","9",NA,130,"0","0","0","0",27,"0",12.7,3.7,-1.7,"Enrolled",NA
"1","9773","1",1,122,"1",NA,NA,123.1,"1","0","0","0",19,"0",9.4,-0.8,-3.12,"Dropout",NA
"1","9991","0",1,160,"41","9","9",160,"0","0","0","1",31,"1",15.5,2.8,-4.06,"Enrolled",NA
"1","171","1",1,134,"1",NA,NA,136.1,"1","0","1","0",19,"0",9.4,-0.8,-3.12,"Graduate",NA
"1","9070","1",1,134,"1",NA,NA,132.7,"1","0","1","0",22,"0",15.5,2.8,-4.06,"Graduate",2
"1","9500","1",1,140,"100","6","6",128.2,"0","0","0","0",39,"1",12.7,3.7,-1.7,"Dropout",NA
"1","9254","1",1,127,"1","4",NA,126.7,"1","0","1","0",22,"0",12.4,0.5,1.79,"Dropout",NA
"2","9991","0",1,133.1,"1","9","10",150,"0","0","1","0",47,"0",9.4,-0.8,-3.12,"Enrolled",2
"1","171","1",1,143,"1","5","9",156.3,"1","0","1","1",19,"0",11.1,0.6,2.02,"Graduate",1
"1","9254","1",1,115,"24","9","9",116.1,"1","0","0","0",19,"1",12.4,0.5,1.79,"Graduate",NA
"1","9500","1",1,131,"1","9","9",123.8,"1","0","0","0",19,"0",15.5,2.8,-4.06,"Dropout",NA
"1","171","1",1,146,"1","9",NA,153,"1","0","0","1",21,"0",11.1,0.6,2.02,"Graduate",NA
"1","9500","1",5,140,"1","4","1",140,"1","0","0","0",39,"0",12.4,0.5,1.79,"Dropout",1
"1","171","1",1,135,"1","4","1",131.9,"1","0","1","0",19,"0",8.9,1.4,3.51,"Graduate",NA
"1","171","1",1,133,"1","9",NA,141.4,"0","0","1","1",20,"0",13.9,-0.3,0.79,"Enrolled",NA
"1","9147","1",12,133.1,"1","9","4",140,"1","0","1","0",24,"0",12.7,3.7,-1.7,"Dropout",NA
"1","9991","0",1,120,"1","9","9",115,"1","0","1","0",27,"0",12.7,3.7,-1.7,"Dropout",NA
"2","9991","0",1,133.1,"1","9","9",168,"0","0","1","0",29,"0",11.1,0.6,2.02,"Graduate",NA
"1","9085","1",1,130,"1","9","4",101.3,"1","0","1","0",20,"0",12.4,0.5,1.79,"Dropout",NA
"1","9670","1",1,125,"1",NA,"4",122.6,"0","0","1","0",21,"0",9.4,-0.8,-3.12,"Dropout",NA
"1","171","1",1,134,"1","2","2",141.7,"1","0","1","0",18,"0",7.6,2.6,0.32,"Enrolled",NA
"1","9500","1",1,151,"1","4","3",132.3,"0","0","1","0",19,"0",12.7,3.7,-1.7,"Graduate",NA
"1","9773","1",1,112,"1","5","1",111.7,"0","0","1","0",19,"0",15.5,2.8,-4.06,"Dropout",NA
"1","9119","1",1,120,"1","9","9",98.7,"0","0","1","1",28,"0",12.4,0.5,1.79,"Graduate",NA
"1","9254","1",1,140,"26","9",NA,140,"1","0","0","0",21,"1",13.9,-0.3,0.79,"Graduate",NA
"1","9500","1",1,140,"24","2","9",140,"1","0","0","0",23,"1",12.7,3.7,-1.7,"Dropout",NA
"4","9003","1",1,133.1,"1","9","4",100.7,"0","0","0","0",39,"0",15.5,2.8,-4.06,"Enrolled",2
"1","9500","1",1,143,"1","9","5",133.8,"1","0","0","0",18,"0",7.6,2.6,0.32,"Graduate",NA
"2","9773","1",1,133.1,"41","9","6",100,"0","0","0","0",59,"1",11.1,0.6,2.02,"Graduate",NA
"1","9119","1",4,180,"1","2",NA,180,"0","0","1","0",30,"0",13.9,-0.3,0.79,"Enrolled",NA
"1","9085","1",1,136,"1","9","9",130.8,"1","0","0","0",18,"0",12.7,3.7,-1.7,"Graduate",NA
"2","9991","0",39,140,"1","9","9",140,"0","0","0","0",41,"0",9.4,-0.8,-3.12,"Enrolled",NA
"1","9500","1",1,130,"1","9",NA,106.2,"1","0","0","0",27,"0",11.1,0.6,2.02,"Dropout",NA
"1","9238","1",1,141,"1","9","10",125.6,"1","0","0","1",18,"0",9.4,-0.8,-3.12,"Graduate",NA
"1","9853","1",1,121,"1",NA,NA,117.5,"1","0","0","0",20,"0",10.8,1.4,1.74,"Dropout",NA
"2","9119","1",3,120,"1","4",NA,122.5,"0","0","0","0",32,"0",12.7,3.7,-1.7,"Dropout",NA
"1","9147","1",1,129,"1","3","5",132.9,"1","0","0","0",19,"0",9.4,-0.8,-3.12,"Dropout",NA
"2","9853","1",12,133.1,"1",NA,NA,103,"0","0","0","0",41,"0",16.2,0.3,-0.92,"Dropout",NA
"4","8014","0",1,100,"1",NA,NA,107,"0","0","0","0",38,"0",10.8,1.4,1.74,"Dropout",1
"1","9130","1",2,133.1,"6","4","9",100,"0","0","1","0",35,"1",8.9,1.4,3.51,"Dropout",2
"1","8014","0",1,133.1,"1",NA,NA,100,"1","0","0","0",27,"0",7.6,2.6,0.32,"Dropout",1
"1","9070","1",1,139,"1","4","9",131.3,"1","0","0","0",19,"0",7.6,2.6,0.32,"Graduate",NA
"1","9773","1",1,125,"1","9","5",122.2,"0","0","0","0",18,"0",11.1,0.6,2.02,"Enrolled",1
"2","9991","0",9,133.1,"1",NA,NA,118.4,"0","0","0","0",39,"0",7.6,2.6,0.32,"Dropout",NA
"2","9254","1",2,100,"1","9","9",100,"0","0","0","0",37,"0",10.8,1.4,1.74,"Dropout",1
"5","9500","1",1,110,"1","9","9",110,"0","0","0","0",37,"0",12.7,3.7,-1.7,"Dropout",NA
"2","8014","0",1,133.1,"1",NA,NA,100,"0","0","0","1",35,"0",9.4,-0.8,-3.12,"Graduate",NA
"1","9147","1",1,123,"1","9","9",106.2,"0","0","0","0",49,"0",12.7,3.7,-1.7,"Graduate",2
"1","9147","1",40,110,"1","9","9",110,"0","0","0","0",52,"0",13.9,-0.3,0.79,"Graduate",2
"1","9085","1",1,130,"1","5","5",122.3,"1","0","0","0",18,"0",9.4,-0.8,-3.12,"Graduate",1
"1","8014","0",1,133.1,"1","9","9",112.5,"0","0","0","1",30,"0",10.8,1.4,1.74,"Graduate",1
"1","9500","1",1,97,"1","2",NA,98.1,"1","0","0","0",21,"0",11.1,0.6,2.02,"Graduate",NA
"1","9119","1",1,130,"1","9","5",140.2,"1","0","1","0",20,"0",9.4,-0.8,-3.12,"Dropout",2
"1","9147","1",1,139,"1","6","6",143.6,"1","0","1","0",18,"0",7.6,2.6,0.32,"Enrolled",NA
"1","171","1",1,150,"1","9","9",134.6,"1","0","1","0",19,"0",7.6,2.6,0.32,"Dropout",1
"1","9500","1",1,141,"1","2","10",126.8,"1","0","1","0",18,"0",9.4,-0.8,-3.12,"Graduate",1
"1","33","1",1,133.1,"41","2","4",100,"0","0","1","0",20,"1",8.9,1.4,3.51,"Enrolled",2
"1","9130","1",1,137,"1","5",NA,130,"1","0","0","0",21,"0",12.4,0.5,1.79,"Enrolled",1
"1","9147","1",1,116,"1","3","4",113.6,"1","0","0","1",22,"0",11.1,0.6,2.02,"Graduate",NA
"1","9130","1",39,140,"1","5","5",140,"1","0","0","0",20,"0",12.4,0.5,1.79,"Enrolled",NA
"1","9085","1",1,106,"1","3","9",106,"0","0","0","0",20,"0",13.9,-0.3,0.79,"Enrolled",2
"1","9238","1",1,135,"1",NA,NA,126.6,"1","0","0","1",19,"0",12.7,3.7,-1.7,"Graduate",1
"1","9500","1",1,144,"1","9","5",130.7,"1","0","0","1",18,"0",13.9,-0.3,0.79,"Graduate",NA
"1","9147","1",1,108,"1","4","4",105.9,"1","0","1","0",21,"0",11.1,0.6,2.02,"Graduate",NA
"1","9556","1",1,137,"26","9","4",137,"0","0","0","0",19,"1",8.9,1.4,3.51,"Enrolled",1
"1","9130","1",1,133.1,"6","9","6",100,"0","0","0","0",37,"1",13.9,-0.3,0.79,"Dropout",NA
"2","8014","0",1,121,"1","9","9",114.4,"1","0","0","0",45,"0",7.6,2.6,0.32,"Enrolled",1
"1","9003","1",19,133.1,"1","9","10",120,"0","0","1","0",38,"0",16.2,0.3,-0.92,"Dropout",NA
"6","9991","0",12,130,"1",NA,NA,119,"1","0","1","0",55,"0",7.6,2.6,0.32,"Dropout",1
"5","9003","1",1,133.1,"1","9",NA,110,"0","0","0","0",28,"0",13.9,-0.3,0.79,"Dropout",NA
"5","9991","0",2,120,"1","6","6",120,"0","0","0","0",46,"0",8.9,1.4,3.51,"Graduate",NA
"1","171","1",1,131,"1","4","4",119.8,"1","1","0","0",22,"0",16.2,0.3,-0.92,"Graduate",NA
"2","9670","1",19,133.1,"1","9","9",135.6,"0","0","0","0",46,"0",12.4,0.5,1.79,"Dropout",NA
"1","9991","0",1,100,"1","5","5",120.7,"0","0","0","0",28,"0",7.6,2.6,0.32,"Enrolled",NA
"1","9085","1",1,131,"1","9",NA,136.3,"1","0","0","0",18,"0",7.6,2.6,0.32,"Dropout",NA
"1","171","1",1,158,"1","9","9",164.3,"1","0","1","1",18,"0",10.8,1.4,1.74,"Enrolled",NA
"1","9773","1",1,146,"1","9",NA,149.2,"1","0","1","1",21,"0",12.7,3.7,-1.7,"Graduate",NA
"1","9070","1",1,133,"1","4","2",122.5,"1","0","0","0",18,"0",7.6,2.6,0.32,"Enrolled",1
"1","9991","0",1,120,"1","3","9",100,"0","0","0","0",34,"0",13.9,-0.3,0.79,"Dropout",NA
"1","9853","1",1,119,"1","9","9",125,"1","0","0","1",21,"0",10.8,1.4,1.74,"Dropout",1
"1","9773","1",1,132,"1","9","9",131,"1","0","0","1",18,"0",15.5,2.8,-4.06,"Graduate",1
"1","171","1",1,130,"1","9",NA,122,"1","0","1","0",20,"0",7.6,2.6,0.32,"Graduate",1
"1","9147","1",1,132,"1",NA,NA,131.3,"1","0","0","0",18,"0",9.4,-0.8,-3.12,"Enrolled",NA
"1","9119","1",1,133.1,"1","3","3",117,"1","0","1","0",21,"0",12.4,0.5,1.79,"Enrolled",NA
"1","9254","1",1,119,"1","5","4",118,"1","0","1","0",19,"0",10.8,1.4,1.74,"Dropout",1
"1","8014","0",1,134,"1","4",NA,126,"1","0","1","0",22,"0",7.6,2.6,0.32,"Graduate",NA
"1","9003","1",39,120,"1","4",NA,120,"0","0","1","0",23,"0",15.5,2.8,-4.06,"Dropout",NA
"1","171","1",1,172,"1","2","10",155.6,"1","0","1","0",19,"0",9.4,-0.8,-3.12,"Dropout",NA
"1","9147","1",1,120,"1","5","5",122.8,"1","0","1","0",18,"0",10.8,1.4,1.74,"Enrolled",NA
"1","171","1",1,129,"1","9","3",127.3,"1","0","1","1",19,"0",9.4,-0.8,-3.12,"Dropout",NA
"1","9147","1",1,118,"1","9","9",118.4,"1","0","1","0",19,"0",12.4,0.5,1.79,"Enrolled",NA
"1","9670","1",1,127,"1","4","9",128.1,"0","0","1","0",19,"0",7.6,2.6,0.32,"Enrolled",NA
"1","9500","1",1,133.1,"1","9","9",99,"1","0","1","0",22,"0",16.2,0.3,-0.92,"Enrolled",NA
"1","9773","1",1,164,"1","9","9",161.2,"0","0","1","1",18,"0",13.9,-0.3,0.79,"Graduate",NA
"1","9238","1",1,136,"1",NA,NA,140.9,"1","0","1","0",18,"0",9.4,-0.8,-3.12,"Dropout",2
"1","9773","1",1,117,"1","9","9",111.1,"0","0","1","0",19,"0",16.2,0.3,-0.92,"Dropout",2
"1","171","1",1,131,"1",NA,"3",149.9,"1","0","1","0",18,"0",11.1,0.6,2.02,"Graduate",NA
"1","9670","1",1,110,"1","4","10",111.3,"0","0","1","0",21,"0",15.5,2.8,-4.06,"Enrolled",NA
"1","9254","1",1,125,"1","4","1",121.5,"1","0","1","0",18,"0",9.4,-0.8,-3.12,"Enrolled",NA
"1","9003","1",39,120,"1","6","6",120,"1","0","1","0",19,"0",12.4,0.5,1.79,"Graduate",1
"1","9003","1",19,133.1,"1","9",NA,120,"0","0","1","0",27,"0",8.9,1.4,3.51,"Dropout",2
"1","9003","1",42,130,"1","9","9",130,"1","0","1","0",20,"0",8.9,1.4,3.51,"Enrolled",1
"1","9254","1",1,101,"1","3","9",98.9,"1","0","1","0",20,"0",12.4,0.5,1.79,"Graduate",NA
"1","9500","1",1,141,"1","2","1",136.3,"1","0","1","0",18,"0",9.4,-0.8,-3.12,"Graduate",NA
"1","9773","1",1,128,"1","9","10",125.2,"1","0","1","0",18,"0",12.4,0.5,1.79,"Enrolled",1
"1","9070","1",1,145,"1",NA,NA,130,"1","0","1","0",18,"0",8.9,1.4,3.51,"Graduate",NA
"1","9147","1",1,160,"1","4",NA,141.5,"1","0","1","0",18,"0",9.4,-0.8,-3.12,"Dropout",NA
"1","9085","1",1,134,"1",NA,NA,123.9,"1","0","1","0",18,"0",9.4,-0.8,-3.12,"Enrolled",2
"1","9500","1",1,125,"1","5","5",114.5,"1","0","0","0",18,"0",16.2,0.3,-0.92,"Graduate",1
"1","8014","0",15,133.1,"1",NA,NA,100,"1","0","0","0",37,"0",9.4,-0.8,-3.12,"Dropout",1
"2","8014","0",1,120,"1","5","3",110.5,"0","0","0","1",36,"0",10.8,1.4,1.74,"Graduate",NA
"2","9085","1",19,133.1,"1","9","5",101,"1","0","0","0",26,"0",15.5,2.8,-4.06,"Dropout",NA
"1","9085","1",1,121,"1","6","9",121,"0","0","0","0",19,"0",7.6,2.6,0.32,"Graduate",NA
"1","8014","0",1,120,"1",NA,"4",95,"1","0","0","0",24,"0",15.5,2.8,-4.06,"Dropout",NA
"1","9773","1",1,130,"109","9","9",126.9,"1","0","0","1",19,"1",11.1,0.6,2.02,"Dropout",NA
"1","9670","1",1,130,"1","9","10",116.3,"1","0","0","1",20,"0",12.7,3.7,-1.7,"Graduate",NA
"1","9670","1",1,128,"1","9",NA,120,"1","0","0","0",19,"0",11.1,0.6,2.02,"Graduate",1
"1","9085","1",1,126,"1","9","9",123.6,"1","0","0","0",21,"0",10.8,1.4,1.74,"Graduate",NA
"2","9556","1",1,120,"1","9","4",150,"0","0","0","0",50,"0",12.7,3.7,-1.7,"Dropout",NA
"2","9556","1",1,100,"1","9","9",120,"0","0","0","0",47,"0",12.7,3.7,-1.7,"Dropout",1
"1","9853","1",1,120,"1","4",NA,111.3,"0","0","0","0",24,"0",16.2,0.3,-0.92,"Dropout",NA
"1","9991","0",1,110,"1",NA,"10",150,"0","0","0","0",48,"0",15.5,2.8,-4.06,"Dropout",NA
"1","9085","1",1,127,"1","9","4",123.2,"1","0","0","1",18,"0",12.4,0.5,1.79,"Graduate",1
"1","9991","0",39,130,"1","5","5",130,"1","0","1","0",32,"0",9.4,-0.8,-3.12,"Dropout",NA
"1","9670","1",1,141,"1","4",NA,137.9,"1","0","1","0",20,"0",7.6,2.6,0.32,"Dropout",1
"1","9119","1",1,120,"1","9",NA,100,"0","0","1","0",24,"0",16.2,0.3,-0.92,"Dropout",NA
"2","9130","1",19,133.1,"1","9","9",120,"0","0","1","0",53,"0",9.4,-0.8,-3.12,"Graduate",NA
"2","9773","1",19,133.1,"1","9","4",131,"0","0","1","0",42,"0",13.9,-0.3,0.79,"Dropout",2
"2","9991","0",12,133.1,"1","9","9",133.8,"1","0","1","0",52,"0",7.6,2.6,0.32,"Graduate",NA
"1","8014","0",1,130,"1",NA,NA,100,"0","0","1","0",54,"0",12.7,3.7,-1.7,"Enrolled",2
"2","9991","0",1,110,"1","9","10",150,"0","0","1","0",49,"0",15.5,2.8,-4.06,"Graduate",NA
"1","9670","1",1,125,"1",NA,"5",126.4,"0","0","1","1",18,"0",16.2,0.3,-0.92,"Graduate",NA
"2","9130","1",1,130,"1","6","6",154,"1","0","1","0",37,"0",10.8,1.4,1.74,"Graduate",NA
"1","9500","1",1,121,"1","4","4",114.9,"0","0","1","1",21,"0",12.4,0.5,1.79,"Graduate",2
"1","9670","1",9,133.1,"1","5","3",110,"0","0","1","0",26,"0",9.4,-0.8,-3.12,"Dropout",NA
"1","9070","1",1,147,"1","2","3",149.8,"1","0","1","0",20,"0",16.2,0.3,-0.92,"Graduate",NA
"1","9500","1",1,128,"1","4","3",117.9,"1","0","0","1",19,"0",12.4,0.5,1.79,"Graduate",NA
"1","9070","1",1,164,"1","9",NA,165.8,"1","0","0","0",18,"0",9.4,-0.8,-3.12,"Graduate",NA
"1","9500","1",1,137,"1","4","4",127.6,"1","0","0","0",18,"0",12.4,0.5,1.79,"Graduate",1
"1","8014","0",1,122,"1","9","9",123.8,"0","0","0","0",20,"0",10.8,1.4,1.74,"Graduate",NA
"1","9254","1",1,124,"1","3","3",126.1,"1","0","0","0",20,"0",10.8,1.4,1.74,"Dropout",NA
"1","171","1",1,120,"1","4",NA,119.7,"1","0","0","0",21,"0",8.9,1.4,3.51,"Dropout",1
"1","171","1",1,117,"1","3","3",121.6,"1","0","0","0",22,"0",8.9,1.4,3.51,"Graduate",NA
"1","9500","1",1,140,"1","4",NA,100,"0","0","0","1",18,"0",13.9,-0.3,0.79,"Graduate",2
"1","9500","1",1,130,"1","9",NA,127.6,"1","0","0","0",18,"0",15.5,2.8,-4.06,"Dropout",NA
"1","9500","1",1,138,"1","4","9",132.5,"1","0","0","1",19,"0",10.8,1.4,1.74,"Graduate",1
"1","9500","1",1,141,"1","9","9",124.3,"0","0","0","0",19,"0",12.7,3.7,-1.7,"Enrolled",2
"1","9500","1",1,142,"1","4",NA,131,"1","0","0","0",18,"0",10.8,1.4,1.74,"Graduate",1
"1","9991","0",40,120,"1","3","3",120,"0","0","0","0",27,"0",11.1,0.6,2.02,"Enrolled",NA
"1","9556","1",1,122,"1","3","10",113.3,"1","0","0","1",20,"0",12.4,0.5,1.79,"Graduate",NA
"1","9853","1",1,131,"1","2","9",121.9,"1","0","0","0",20,"0",12.7,3.7,-1.7,"Dropout",1
"1","9085","1",1,120,"1","9","3",118.3,"1","0","0","0",20,"0",9.4,-0.8,-3.12,"Graduate",1
"1","9147","1",1,131,"1","1","4",118.8,"0","0","0","0",19,"0",16.2,0.3,-0.92,"Graduate",NA
"1","9085","1",1,130,"1","9",NA,129,"0","0","0","0",20,"0",7.6,2.6,0.32,"Enrolled",1
"1","171","1",1,120,"1","9","9",143.3,"1","0","0","1",20,"0",7.6,2.6,0.32,"Graduate",NA
"1","171","1",1,136,"1","1","2",152.5,"1","0","0","0",20,"0",13.9,-0.3,0.79,"Enrolled",NA
"1","9085","1",42,160,"1","4","6",155.7,"1","0","0","0",27,"0",8.9,1.4,3.51,"Graduate",NA
"1","9085","1",1,157,"1","5","2",153.9,"1","0","0","0",18,"0",13.9,-0.3,0.79,"Graduate",1
"1","9500","1",1,150,"1","4","4",137.8,"0","0","0","0",18,"0",15.5,2.8,-4.06,"Graduate",NA
"1","9500","1",1,148,"1","9",NA,143.3,"0","0","0","1",18,"0",13.9,-0.3,0.79,"Graduate",NA
"1","9085","1",1,120,"1","9","1",123.2,"0","0","0","0",20,"0",9.4,-0.8,-3.12,"Graduate",1
"1","9773","1",1,150,"1","4","4",138.1,"1","0","0","0",19,"0",11.1,0.6,2.02,"Enrolled",1
"1","9238","1",1,158,"1","5","6",140.5,"0","0","0","1",20,"0",10.8,1.4,1.74,"Graduate",NA
"1","9500","1",1,145,"1","1","5",130,"1","0","0","0",18,"0",9.4,-0.8,-3.12,"Graduate",1
"1","9070","1",39,100,"1","4","6",104.8,"0","0","0","0",22,"0",12.4,0.5,1.79,"Dropout",1
"1","8014","0",1,136,"1","5",NA,132.5,"0","0","0","1",22,"0",13.9,-0.3,0.79,"Graduate",2
"1","9991","0",1,133.1,"1","4","2",127.7,"0","0","0","0",25,"0",13.9,-0.3,0.79,"Enrolled",NA
"1","9085","1",1,148,"1","4","2",136.5,"0","0","0","0",19,"0",15.5,2.8,-4.06,"Graduate",NA
"1","9130","1",39,130,"1","4","1",130,"1","0","0","0",21,"0",16.2,0.3,-0.92,"Dropout",1
"1","9500","1",40,130,"1","4","4",190,"1","0","0","0",27,"0",16.2,0.3,-0.92,"Graduate",1
"1","9500","1",1,136,"1","4","9",128.5,"1","0","0","0",18,"0",7.6,2.6,0.32,"Graduate",NA
"1","9254","1",1,122,"1","4","4",126.6,"0","0","0","0",18,"0",10.8,1.4,1.74,"Dropout",NA
"1","9556","1",1,140,"1","1",NA,131.6,"1","0","1","0",19,"0",11.1,0.6,2.02,"Dropout",NA
"5","9991","0",1,110,"1","3","3",119,"0","0","1","1",35,"0",8.9,1.4,3.51,"Graduate",NA
"1","9085","1",1,130,"1","4",NA,127.6,"0","0","1","0",23,"0",7.6,2.6,0.32,"Graduate",2
"1","9500","1",1,133.1,"1","9","9",100,"0","0","1","0",28,"0",16.2,0.3,-0.92,"Dropout",NA
"1","9119","1",1,128,"1","9",NA,124.5,"1","0","1","0",19,"0",7.6,2.6,0.32,"Enrolled",NA
"1","9773","1",1,117,"1","4","4",109.3,"0","0","1","0",19,"0",7.6,2.6,0.32,"Enrolled",2
"1","9670","1",1,124,"1","9","4",117.7,"1","0","1","0",20,"0",9.4,-0.8,-3.12,"Dropout",NA
"1","9670","1",1,124,"1","3","3",124.7,"1","0","1","0",21,"0",7.6,2.6,0.32,"Dropout",NA
"1","9070","1",1,128,"1","5","5",124.5,"1","0","1","0",18,"0",10.8,1.4,1.74,"Graduate",NA
"1","9070","1",1,125,"1","2","2",140.8,"1","0","1","0",22,"0",9.4,-0.8,-3.12,"Graduate",NA
"1","9085","1",1,121,"1","9","9",111.9,"1","0","1","0",21,"0",10.8,1.4,1.74,"Graduate",NA
"1","9556","1",3,140,"1","2","2",140,"0","0","1","0",38,"0",13.9,-0.3,0.79,"Dropout",NA
"1","171","1",1,124,"1","9","9",121.2,"1","0","1","0",20,"0",10.8,1.4,1.74,"Enrolled",NA
"1","171","1",1,136,"1","9","9",123.8,"1","0","1","0",19,"0",7.6,2.6,0.32,"Dropout",NA
"1","9119","1",1,140.8,"1",NA,NA,134,"0","0","1","0",24,"0",7.6,2.6,0.32,"Dropout",NA
"1","9070","1",1,142,"1","4",NA,130.8,"1","0","1","0",19,"0",12.7,3.7,-1.7,"Dropout",NA
"1","9500","1",1,133,"1","9","9",130.2,"1","0","1","1",19,"0",16.2,0.3,-0.92,"Graduate",2
"1","9147","1",1,131,"1","3","10",123.3,"0","0","1","0",19,"0",16.2,0.3,-0.92,"Enrolled",NA
"1","9119","1",3,130,"1","3","10",147.6,"0","0","1","0",31,"0",10.8,1.4,1.74,"Dropout",NA
"1","9670","1",1,120,"1","9",NA,113.4,"1","0","1","1",19,"0",8.9,1.4,3.51,"Graduate",NA
"1","9070","1",1,141,"1","4","5",133.7,"1","0","1","0",22,"0",7.6,2.6,0.32,"Graduate",NA
"1","9085","1",1,130,"1",NA,"2",128.2,"0","0","1","0",25,"0",7.6,2.6,0.32,"Dropout",2
"1","9500","1",1,168,"1","5","5",161,"1","0","1","0",18,"0",16.2,0.3,-0.92,"Dropout",NA
"1","9500","1",3,130,"1",NA,NA,130,"1","0","1","0",30,"0",9.4,-0.8,-3.12,"Dropout",NA
"1","9500","1",1,156,"1","9","9",156.3,"0","0","1","1",18,"0",9.4,-0.8,-3.12,"Graduate",NA
"1","9773","1",1,137,"1","5","5",129.3,"1","0","1","0",18,"0",12.7,3.7,-1.7,"Graduate",2
"1","9773","1",1,131,"1",NA,NA,129.3,"0","0","1","0",18,"0",7.6,2.6,0.32,"Dropout",2
"1","9238","1",1,130,"1",NA,NA,136.3,"1","0","1","0",18,"0",10.8,1.4,1.74,"Graduate",NA
"1","9670","1",1,133.1,"1","4","9",140,"0","0","1","1",25,"0",15.5,2.8,-4.06,"Graduate",2
"1","9119","1",1,131,"1","4","1",135.9,"0","0","1","0",18,"0",7.6,2.6,0.32,"Enrolled",2
"1","171","1",1,160,"1","4","4",139.7,"0","0","1","0",18,"0",12.7,3.7,-1.7,"Dropout",2
"1","9147","1",1,117,"1",NA,"9",117,"1","0","1","0",19,"0",12.4,0.5,1.79,"Enrolled",1
"1","9556","1",19,133.1,"1",NA,"10",105,"0","0","1","0",25,"0",15.5,2.8,-4.06,"Dropout",2
"1","9500","1",1,130,"1","9","5",130.5,"1","0","0","0",19,"0",7.6,2.6,0.32,"Graduate",1
"1","9991","0",39,130,"1","9","9",130,"0","0","0","0",31,"0",9.4,-0.8,-3.12,"Enrolled",2
"1","9500","1",1,137,"1","5","4",131.5,"1","0","0","1",20,"0",9.4,-0.8,-3.12,"Graduate",NA
"1","9500","1",1,133.1,"41","3","10",100,"1","0","0","0",33,"1",12.4,0.5,1.79,"Dropout",1
"1","9085","1",39,140,"1","9","4",140,"0","0","0","0",24,"0",12.4,0.5,1.79,"Enrolled",NA
"1","9238","1",1,140,"1","9","9",130.2,"1","0","0","1",18,"0",12.7,3.7,-1.7,"Graduate",NA
"1","9500","1",1,135,"1","4","10",133.5,"1","0","0","0",19,"0",9.4,-0.8,-3.12,"Graduate",NA
"1","9500","1",1,140,"1",NA,NA,133.2,"1","0","0","1",20,"0",15.5,2.8,-4.06,"Graduate",NA
"2","9500","1",1,100,"1","4","4",130,"0","0","1","1",33,"0",12.7,3.7,-1.7,"Enrolled",2
"1","9119","1",1,160,"1",NA,NA,129,"0","0","1","0",24,"0",7.6,2.6,0.32,"Dropout",NA
"1","9991","0",19,133.1,"1","2","4",100,"0","0","1","0",24,"0",16.2,0.3,-0.92,"Dropout",NA
"1","9085","1",1,128,"1","9","9",116.5,"1","0","1","0",18,"0",10.8,1.4,1.74,"Graduate",NA
"1","9254","1",1,121,"1","9","9",124.2,"1","0","0","1",18,"0",16.2,0.3,-0.92,"Graduate",1
"1","9085","1",1,127,"1","2",NA,138.8,"1","0","0","0",22,"0",8.9,1.4,3.51,"Graduate",1
"1","9773","1",1,132,"1","9","9",126.4,"1","1","0","1",18,"0",10.8,1.4,1.74,"Graduate",NA
"1","171","1",1,147,"1","3","10",151.9,"1","0","0","0",21,"0",11.1,0.6,2.02,"Graduate",NA
"2","9991","0",1,110,"1","5","1",120,"1","0","0","0",38,"0",9.4,-0.8,-3.12,"Dropout",1
"1","9238","1",1,142,"1",NA,NA,131.9,"0","0","0","1",29,"0",9.4,-0.8,-3.12,"Graduate",2
"1","9130","1",39,130,"1","4","9",130,"1","0","0","1",20,"0",16.2,0.3,-0.92,"Enrolled",NA
"1","9254","1",1,131,"1","4","9",131.7,"1","0","0","0",18,"0",12.7,3.7,-1.7,"Dropout",NA
"2","9991","0",1,110,"1","9","9",132.5,"0","0","1","0",37,"0",9.4,-0.8,-3.12,"Graduate",NA
"1","9147","1",1,128,"1","5","10",116.5,"0","0","1","0",20,"0",12.4,0.5,1.79,"Graduate",2
"1","9130","1",1,136,"1",NA,NA,133.9,"1","0","1","0",20,"0",10.8,1.4,1.74,"Dropout",NA
"2","9119","1",1,120,"1","9","10",145.4,"0","0","1","0",40,"0",16.2,0.3,-0.92,"Dropout",2
"2","8014","0",1,140,"1","9","10",172,"0","0","1","0",44,"0",12.4,0.5,1.79,"Enrolled",NA
"1","9147","1",1,118,"1","9","9",111,"0","0","1","0",21,"0",10.8,1.4,1.74,"Dropout",NA
"1","9070","1",39,120,"1","3",NA,120,"0","0","1","0",21,"0",16.2,0.3,-0.92,"Graduate",2
"1","9500","1",1,151,"1","2","1",129.8,"1","0","1","0",18,"0",9.4,-0.8,-3.12,"Graduate",NA
"1","9500","1",1,130,"1","9","10",118.1,"1","0","1","0",18,"0",13.9,-0.3,0.79,"Enrolled",NA
"1","9003","1",1,140,"1","5","9",130,"0","0","1","0",27,"0",11.1,0.6,2.02,"Graduate",NA
"2","9070","1",19,133.1,"1","9","10",126.3,"0","0","1","0",38,"0",10.8,1.4,1.74,"Dropout",NA
"1","9130","1",1,146,"1","5","2",137.8,"0","0","1","0",18,"0",13.9,-0.3,0.79,"Dropout",NA
"1","9254","1",1,122,"1","4","2",116.1,"1","0","1","0",19,"0",7.6,2.6,0.32,"Enrolled",NA
"1","9130","1",1,121,"1","2","9",115.4,"1","0","1","0",18,"0",15.5,2.8,-4.06,"Dropout",2
"1","9773","1",1,127,"1","9","6",110,"0","0","1","0",19,"0",16.2,0.3,-0.92,"Dropout",2
"1","9670","1",1,133.1,"1",NA,NA,97.4,"0","0","1","0",44,"0",12.7,3.7,-1.7,"Dropout",NA
"1","9085","1",39,130,"1","4","4",130,"1","1","1","0",26,"0",15.5,2.8,-4.06,"Dropout",NA
"1","9130","1",1,156,"1","9","4",156,"0","0","1","0",24,"0",15.5,2.8,-4.06,"Dropout",2
"1","9003","1",1,130,"1","9","6",126.1,"1","0","1","0",27,"0",15.5,2.8,-4.06,"Dropout",NA
"1","9003","1",1,110,"1","9","4",120,"0","0","1","0",27,"0",13.9,-0.3,0.79,"Dropout",NA
"1","9070","1",1,108,"1",NA,NA,105.2,"1","0","1","0",25,"0",12.7,3.7,-1.7,"Dropout",NA
"1","9003","1",1,120,"1","2","6",120,"1","0","1","0",21,"0",12.7,3.7,-1.7,"Enrolled",NA
"1","171","1",1,150,"1","9","9",137.8,"1","0","1","1",19,"0",13.9,-0.3,0.79,"Graduate",2
"1","9070","1",1,152,"1","3","3",134.2,"1","0","1","0",20,"0",15.5,2.8,-4.06,"Enrolled",NA
"1","9119","1",39,150,"1","5","2",150,"0","0","1","0",20,"0",12.7,3.7,-1.7,"Enrolled",NA
"1","9119","1",1,123,"1","2","9",116,"1","0","1","0",20,"0",8.9,1.4,3.51,"Dropout",NA
"1","9119","1",1,150,"1","3","3",143.4,"0","0","1","1",18,"0",8.9,1.4,3.51,"Enrolled",NA
"1","171","1",1,145,"1","3","3",143.6,"0","0","1","0",19,"0",8.9,1.4,3.51,"Enrolled",NA
"1","9130","1",39,150,"1","4",NA,150,"1","0","0","0",22,"0",15.5,2.8,-4.06,"Dropout",1
"1","9670","1",1,125,"1","2","5",118,"1","0","0","0",19,"0",16.2,0.3,-0.92,"Graduate",NA
"1","9500","1",1,117,"1","4",NA,109.3,"1","0","0","1",18,"0",11.1,0.6,2.02,"Graduate",1
"1","9238","1",1,121,"1",NA,NA,119.3,"1","0","0","0",20,"0",8.9,1.4,3.51,"Graduate",NA
"1","171","1",1,140,"41","5",NA,146.3,"1","0","0","1",18,"1",12.7,3.7,-1.7,"Dropout",1
"1","9773","1",1,130,"1","1","3",161.5,"0","0","1","0",36,"0",10.8,1.4,1.74,"Graduate",NA
"1","9147","1",1,140,"26","6","4",140,"0","0","1","0",19,"1",12.4,0.5,1.79,"Graduate",NA
"1","9147","1",42,140,"1","6","6",142.2,"0","0","1","1",21,"0",8.9,1.4,3.51,"Graduate",2
"1","9147","1",1,140,"1","9","9",129.2,"1","0","0","0",26,"0",15.5,2.8,-4.06,"Dropout",NA
"1","9003","1",1,140,"41","9","9",100,"0","0","0","0",29,"1",15.5,2.8,-4.06,"Dropout",2
"1","9254","1",39,170,"1","9","3",170,"0","0","1","0",26,"0",11.1,0.6,2.02,"Enrolled",NA
"1","9500","1",3,140,"1","2","6",140,"0","0","1","0",27,"0",12.4,0.5,1.79,"Dropout",NA
"1","9147","1",1,116,"1","2","2",115.2,"0","0","1","0",32,"0",8.9,1.4,3.51,"Enrolled",NA
"1","9853","1",1,134,"1","9","5",121.4,"1","0","0","1",23,"0",7.6,2.6,0.32,"Enrolled",NA
"1","9147","1",1,133.1,"41","9",NA,134.8,"0","0","0","0",24,"1",16.2,0.3,-0.92,"Enrolled",2
"1","9773","1",1,140,"1","9","9",136.9,"1","0","0","1",19,"0",16.2,0.3,-0.92,"Graduate",NA
"1","9003","1",1,140,"1","4","4",140,"1","0","1","0",25,"0",15.5,2.8,-4.06,"Enrolled",2
"1","9254","1",1,108,"1","4","5",112.2,"1","0","1","0",19,"0",9.4,-0.8,-3.12,"Enrolled",NA
"1","9773","1",1,149,"1",NA,NA,148.7,"0","0","1","0",20,"0",10.8,1.4,1.74,"Dropout",NA
"2","9254","1",1,140,"1","4",NA,133,"0","0","1","0",33,"0",12.7,3.7,-1.7,"Graduate",2
"2","9991","0",1,140,"1","9","9",150,"0","0","1","0",35,"0",9.4,-0.8,-3.12,"Dropout",NA
"1","9147","1",1,133.1,"1",NA,NA,98,"1","0","1","0",23,"0",11.1,0.6,2.02,"Graduate",NA
"1","9500","1",1,125,"1","9","9",122.4,"1","0","1","0",19,"0",11.1,0.6,2.02,"Graduate",NA
"1","9670","1",1,133.1,"1","9","10",139,"0","0","1","0",21,"0",10.8,1.4,1.74,"Enrolled",NA
"1","9070","1",1,133.1,"1","3","3",112,"1","0","1","1",21,"0",11.1,0.6,2.02,"Graduate",1
"1","9500","1",1,130,"1","3",NA,143.8,"0","0","1","0",27,"0",10.8,1.4,1.74,"Dropout",NA
"1","9147","1",1,122,"1",NA,NA,116.1,"1","0","1","0",19,"0",8.9,1.4,3.51,"Enrolled",NA
"1","9500","1",3,140,"1","9","9",138,"0","0","1","0",28,"0",16.2,0.3,-0.92,"Dropout",NA
"1","9147","1",1,123,"1",NA,NA,110,"0","0","1","0",25,"0",9.4,-0.8,-3.12,"Enrolled",NA
"2","9238","1",19,133.1,"1","9","4",103.5,"0","0","1","0",42,"0",15.5,2.8,-4.06,"Dropout",2
"1","9991","0",3,140,"1","9","9",140,"0","0","1","0",27,"0",7.6,2.6,0.32,"Graduate",NA
"1","9070","1",1,116,"1",NA,"1",108.7,"1","0","1","0",23,"0",7.6,2.6,0.32,"Dropout",1
"1","9254","1",1,118,"1","4","4",115.9,"1","0","1","1",18,"0",8.9,1.4,3.51,"Graduate",1
"2","9500","1",1,140,"1","9","4",127.3,"0","0","1","0",26,"0",10.8,1.4,1.74,"Graduate",NA
"1","9147","1",1,146,"1","3","10",138.7,"0","0","1","0",18,"0",8.9,1.4,3.51,"Dropout",2
"1","9991","0",1,150,"1","2","2",135.8,"0","0","1","0",29,"0",12.7,3.7,-1.7,"Dropout",2
"1","9085","1",1,137,"1","4",NA,134.6,"1","0","1","0",22,"0",16.2,0.3,-0.92,"Dropout",NA
"1","9500","1",1,136,"1",NA,NA,118.4,"1","0","0","0",21,"0",13.9,-0.3,0.79,"Enrolled",NA
"1","9500","1",1,134,"1",NA,"9",132.8,"1","0","0","1",19,"0",10.8,1.4,1.74,"Graduate",1
"1","9238","1",1,160,"1","9",NA,155.5,"1","0","0","1",18,"0",10.8,1.4,1.74,"Graduate",NA
"1","9085","1",1,126,"1","9","9",132,"1","0","0","1",18,"0",9.4,-0.8,-3.12,"Dropout",NA
"1","9003","1",19,133.1,"1","4","9",110,"0","0","0","0",40,"0",11.1,0.6,2.02,"Dropout",1
"1","9254","1",1,114,"26","9","3",127.3,"1","0","0","0",20,"1",10.8,1.4,1.74,"Dropout",NA
"1","9500","1",1,139,"1","4","1",126,"1","0","1","0",18,"0",10.8,1.4,1.74,"Dropout",NA
"1","8014","0",3,130,"1",NA,NA,130,"0","0","1","0",31,"0",7.6,2.6,0.32,"Graduate",NA
"1","9147","1",1,131,"1","9","9",118.8,"0","0","1","1",18,"0",12.4,0.5,1.79,"Graduate",NA
"1","9670","1",1,130,"1","4","4",127.6,"1","0","1","0",22,"0",10.8,1.4,1.74,"Dropout",NA
"1","9147","1",19,133.1,"1","9","5",112.1,"0","0","1","0",38,"0",8.9,1.4,3.51,"Dropout",NA
"1","9991","0",3,130,"1","2","9",130,"0","0","1","0",33,"0",12.7,3.7,-1.7,"Dropout",NA
"1","9119","1",1,117,"1","3","5",111.1,"0","0","1","1",19,"0",11.1,0.6,2.02,"Enrolled",2
"1","9670","1",1,127,"1","1","1",121.4,"0","0","1","0",18,"0",15.5,2.8,-4.06,"Dropout",2
"1","9119","1",1,131,"1","4",NA,126.8,"0","0","1","1",18,"0",8.9,1.4,3.51,"Enrolled",NA
"1","9991","0",1,134,"1","5","3",120.6,"1","0","1","0",27,"0",11.1,0.6,2.02,"Graduate",NA
"1","9254","1",1,130,"1","9","9",126.5,"0","0","1","0",26,"0",7.6,2.6,0.32,"Graduate",2
"1","9500","1",1,127,"1","3","3",120.2,"1","0","0","1",19,"0",12.4,0.5,1.79,"Graduate",NA
"2","9500","1",1,130,"1","5","5",120,"0","0","1","0",44,"0",11.1,0.6,2.02,"Dropout",NA
"1","9147","1",1,142,"1","9","9",137.5,"1","0","1","0",19,"0",13.9,-0.3,0.79,"Graduate",NA
"1","9070","1",1,117,"1","4",NA,127.9,"1","0","1","0",20,"0",9.4,-0.8,-3.12,"Dropout",2
"1","9003","1",19,133.1,"1","1","1",140,"0","0","1","0",24,"0",16.2,0.3,-0.92,"Enrolled",NA
"4","9991","0",1,164,"1","6","6",131.8,"0","0","0","0",31,"0",9.4,-0.8,-3.12,"Graduate",NA
"1","9070","1",1,130,"1","9","9",129,"1","0","0","0",25,"0",9.4,-0.8,-3.12,"Graduate",NA
"1","9773","1",1,127,"1","9","9",115.8,"1","0","0","0",19,"0",8.9,1.4,3.51,"Dropout",NA
"1","9500","1",1,140,"1","3","3",126.4,"1","0","0","0",18,"0",11.1,0.6,2.02,"Dropout",1
"1","9085","1",1,130,"1","4","9",130,"1","0","0","0",19,"0",13.9,-0.3,0.79,"Enrolled",NA
"1","9500","1",1,122,"1","4","3",114.8,"1","0","0","1",19,"0",12.4,0.5,1.79,"Enrolled",NA
"1","9147","1",1,162,"1","4","5",138.6,"1","0","0","0",19,"0",12.7,3.7,-1.7,"Enrolled",1
"1","9670","1",1,133.1,"1","4","4",112.9,"0","0","0","0",24,"0",16.2,0.3,-0.92,"Dropout",2
"1","9238","1",1,120,"1","3","3",111.6,"0","0","0","0",20,"0",12.4,0.5,1.79,"Graduate",NA
"1","9254","1",1,160,"1","5","3",152,"0","0","0","0",18,"0",12.7,3.7,-1.7,"Graduate",NA
"1","9238","1",1,141,"1","5",NA,132.6,"0","0","0","1",18,"0",12.4,0.5,1.79,"Graduate",NA
"1","9085","1",1,125,"1","4","9",118.4,"1","0","0","0",21,"0",9.4,-0.8,-3.12,"Enrolled",1
"1","9500","1",3,120,"1","4","5",120,"0","0","0","0",28,"0",13.9,-0.3,0.79,"Dropout",NA
"1","9147","1",1,128,"1","5","6",122.1,"0","0","0","1",18,"0",13.9,-0.3,0.79,"Enrolled",NA
"1","9853","1",1,162,"1","9",NA,142.8,"0","0","0","0",18,"0",12.7,3.7,-1.7,"Dropout",2
"1","9238","1",1,130,"1","4","4",124.8,"0","0","0","1",18,"0",11.1,0.6,2.02,"Graduate",1
"1","9147","1",1,134,"1","9",NA,126.3,"1","0","0","1",18,"0",16.2,0.3,-0.92,"Graduate",NA
"1","9147","1",1,133.1,"1","9","9",119,"1","0","0","1",19,"0",10.8,1.4,1.74,"Dropout",NA
"1","9500","1",1,137,"1","3","9",124.9,"0","0","0","1",19,"0",15.5,2.8,-4.06,"Graduate",2
"1","9238","1",1,133.1,"1",NA,NA,118,"0","0","0","1",20,"0",8.9,1.4,3.51,"Graduate",NA
"2","8014","0",1,110,"1","9","3",100,"0","0","0","0",34,"0",9.4,-0.8,-3.12,"Graduate",NA
"2","9500","1",1,133.1,"1","9","9",109,"1","0","0","0",39,"0",7.6,2.6,0.32,"Enrolled",NA
"1","9500","1",1,133,"1","2","5",130.8,"1","0","0","0",19,"0",9.4,-0.8,-3.12,"Graduate",NA
"1","9070","1",1,130,"1","4","4",110,"1","0","0","0",24,"0",15.5,2.8,-4.06,"Graduate",NA
"1","9773","1",1,151,"22",NA,"5",151,"1","0","0","0",18,"1",9.4,-0.8,-3.12,"Dropout",NA
"1","9130","1",1,125,"1","3","10",131,"1","0","1","0",19,"0",10.8,1.4,1.74,"Dropout",1
"1","9147","1",1,158,"1","3","6",155.2,"0","0","1","1",18,"0",9.4,-0.8,-3.12,"Graduate",NA
"1","9147","1",1,128,"1","3","3",121,"1","1","1","0",20,"0",16.2,0.3,-0.92,"Enrolled",NA
"1","9500","1",1,133,"1","9","9",119.7,"1","1","1","0",19,"0",12.4,0.5,1.79,"Graduate",NA
"1","9130","1",1,138,"1","2","4",131,"1","0","1","0",19,"0",11.1,0.6,2.02,"Dropout",NA
"1","9003","1",1,126,"1","5","2",116.9,"0","0","1","0",19,"0",13.9,-0.3,0.79,"Dropout",NA
"2","9991","0",1,140,"1","9","10",130,"1","0","1","0",41,"0",9.4,-0.8,-3.12,"Dropout",NA
"1","9500","1",1,143,"1","2","2",137.8,"0","0","1","0",19,"0",12.4,0.5,1.79,"Graduate",NA
"1","9254","1",1,135,"1","2","2",122.1,"0","0","1","0",19,"0",12.7,3.7,-1.7,"Enrolled",NA
"1","9500","1",3,120,"1",NA,"10",120,"1","0","1","0",23,"0",12.7,3.7,-1.7,"Dropout",1
"1","9119","1",1,148,"1","9",NA,133,"0","0","1","0",18,"0",12.4,0.5,1.79,"Dropout",2
"1","9147","1",1,126,"1","3","3",115.2,"0","0","1","0",19,"0",16.2,0.3,-0.92,"Graduate",NA
"1","9003","1",39,160,"1","2","10",160,"1","0","1","0",20,"0",12.4,0.5,1.79,"Graduate",1
"1","9085","1",1,140,"1",NA,NA,106.3,"0","0","1","0",35,"0",7.6,2.6,0.32,"Dropout",NA
"4","9670","1",19,133.1,"1",NA,NA,103,"0","0","1","0",34,"0",10.8,1.4,1.74,"Dropout",NA
"1","9070","1",1,136,"1","9","9",136,"1","0","0","1",19,"0",10.8,1.4,1.74,"Graduate",NA
"1","9238","1",1,150,"26","9","9",146.5,"1","0","1","0",22,"1",13.9,-0.3,0.79,"Graduate",NA
"1","9070","1",1,130,"1","4","2",131.4,"0","0","1","0",20,"0",11.1,0.6,2.02,"Graduate",2
"2","9991","0",1,130,"1","2","2",130,"0","0","1","0",27,"0",12.7,3.7,-1.7,"Enrolled",NA
"2","9119","1",1,110,"1",NA,"5",137,"0","0","1","0",30,"0",7.6,2.6,0.32,"Dropout",NA
"1","9119","1",1,110,"1","4","4",125.9,"0","0","1","0",34,"0",10.8,1.4,1.74,"Enrolled",2
"1","9254","1",1,121,"1","5","4",111.9,"1","0","1","0",20,"0",10.8,1.4,1.74,"Dropout",NA
"1","9070","1",1,127,"1","9","5",131.2,"1","0","1","0",18,"0",7.6,2.6,0.32,"Graduate",1
"1","9130","1",1,140,"1","4","4",131.2,"0","0","1","1",26,"0",7.6,2.6,0.32,"Dropout",NA
"1","9991","0",1,130,"1","3",NA,140,"0","0","1","0",26,"0",15.5,2.8,-4.06,"Graduate",NA
"1","9147","1",1,130,"1","5","9",121.5,"0","0","1","0",26,"0",10.8,1.4,1.74,"Dropout",NA
"1","9991","0",1,100,"1","9","6",153.5,"0","0","1","0",31,"0",12.4,0.5,1.79,"Dropout",NA
"1","171","1",1,139,"1","9",NA,142.2,"1","0","1","1",20,"0",8.9,1.4,3.51,"Graduate",1
"1","9773","1",1,150,"1",NA,NA,131.1,"1","0","1","0",19,"0",7.6,2.6,0.32,"Graduate",NA
"1","9670","1",1,133.1,"1",NA,"2",130.6,"1","0","1","0",23,"0",7.6,2.6,0.32,"Dropout",NA
"1","9500","1",1,119,"1","4","4",115,"1","0","1","1",20,"0",11.1,0.6,2.02,"Dropout",NA
"1","9500","1",1,170,"1","4","10",125,"0","0","1","0",20,"0",11.1,0.6,2.02,"Graduate",NA
"1","8014","0",1,133.1,"1",NA,NA,97.5,"1","0","1","0",29,"0",7.6,2.6,0.32,"Dropout",NA
"1","9773","1",1,133,"1",NA,NA,134.4,"1","0","1","1",20,"0",9.4,-0.8,-3.12,"Graduate",NA
"1","9500","1",1,125,"1","9","9",118.8,"0","0","1","0",24,"0",7.6,2.6,0.32,"Graduate",NA
"1","9556","1",19,133.1,"1","3",NA,110.5,"0","0","1","0",37,"0",11.1,0.6,2.02,"Dropout",NA
"1","9500","1",1,143,"1","4","4",123.3,"1","0","1","0",18,"0",7.6,2.6,0.32,"Dropout",NA
"1","171","1",1,127,"1","5","5",139.6,"1","0","1","1",18,"0",13.9,-0.3,0.79,"Dropout",NA
"1","9500","1",1,157,"1","4","9",138.8,"0","0","1","0",18,"0",12.7,3.7,-1.7,"Graduate",NA
"2","9119","1",39,160,"1","9","9",160,"0","0","1","0",41,"0",12.4,0.5,1.79,"Enrolled",2
"1","9003","1",1,140,"1","9","4",140,"0","0","1","0",35,"0",13.9,-0.3,0.79,"Dropout",NA
"1","9254","1",1,128,"1","9","9",118.2,"0","0","0","0",19,"0",8.9,1.4,3.51,"Dropout",NA
"1","171","1",1,145,"1","10","5",150.6,"1","0","1","0",18,"0",10.8,1.4,1.74,"Graduate",NA
"2","9500","1",1,133.1,"1",NA,NA,115.2,"0","0","0","0",48,"0",11.1,0.6,2.02,"Enrolled",NA
"1","9500","1",1,132,"1","9","3",126,"1","0","0","0",19,"0",7.6,2.6,0.32,"Graduate",1
"1","9003","1",39,160,"1","9",NA,160,"1","0","1","0",30,"0",15.5,2.8,-4.06,"Dropout",NA
"2","9773","1",1,160,"1","5",NA,160,"0","0","1","0",51,"0",12.7,3.7,-1.7,"Dropout",NA
"1","9085","1",1,184.4,"22","2",NA,184.4,"0","0","0","0",18,"1",11.1,0.6,2.02,"Graduate",NA
"1","171","1",1,149,"1","9","3",156,"1","0","0","0",18,"0",10.8,1.4,1.74,"Graduate",NA
"1","171","1",1,146,"1","4","4",150.2,"1","0","0","0",18,"0",11.1,0.6,2.02,"Graduate",NA
"1","9500","1",1,139,"1",NA,NA,126.3,"1","0","0","1",18,"0",9.4,-0.8,-3.12,"Graduate",NA
"1","9130","1",1,152,"1","4","3",146.1,"1","0","0","0",18,"0",10.8,1.4,1.74,"Dropout",NA
"1","171","1",1,147,"1","4",NA,145.3,"1","0","0","0",18,"0",12.4,0.5,1.79,"Enrolled",1
"1","171","1",1,121,"1","4","3",116.8,"1","0","0","0",23,"0",12.4,0.5,1.79,"Graduate",NA
"1","9070","1",1,124,"1",NA,"9",132.1,"1","0","0","0",19,"0",7.6,2.6,0.32,"Enrolled",NA
"1","9085","1",1,105,"1",NA,NA,102.6,"0","1","0","0",21,"0",11.1,0.6,2.02,"Enrolled",NA
"1","9773","1",1,121,"1","2","2",112.3,"1","0","0","0",18,"0",11.1,0.6,2.02,"Dropout",NA
"1","171","1",1,143,"1","4","1",155.3,"1","1","0","0",18,"0",11.1,0.6,2.02,"Graduate",1
"1","9085","1",42,150,"1","2",NA,153.8,"1","0","0","0",21,"0",8.9,1.4,3.51,"Graduate",NA
"1","9773","1",1,126,"1","3",NA,110,"0","0","0","0",20,"0",12.4,0.5,1.79,"Graduate",NA
"1","9085","1",1,133.1,"1","4","4",128.2,"0","0","0","0",24,"0",9.4,-0.8,-3.12,"Graduate",NA
"1","9130","1",1,127,"1","4","4",120.4,"1","0","0","0",18,"0",13.9,-0.3,0.79,"Graduate",NA
"1","9500","1",1,160,"1","4","10",153,"1","0","0","0",18,"0",7.6,2.6,0.32,"Graduate",NA
"1","9773","1",1,121,"1",NA,"9",117.9,"1","0","0","0",19,"0",11.1,0.6,2.02,"Graduate",1
"1","9238","1",39,150,"1","4",NA,145.6,"1","0","0","1",20,"0",13.9,-0.3,0.79,"Graduate",1
"1","9500","1",1,117,"1","5","9",119.8,"1","0","0","0",18,"0",12.4,0.5,1.79,"Graduate",NA
"1","9500","1",1,141,"1","9","10",126.8,"1","0","0","0",18,"0",10.8,1.4,1.74,"Graduate",NA
"1","9853","1",1,112,"1","3","9",106.1,"1","0","0","0",19,"0",15.5,2.8,-4.06,"Enrolled",NA
"1","9500","1",1,148,"1","2","2",137.3,"1","0","0","0",19,"0",7.6,2.6,0.32,"Graduate",NA
"1","9670","1",1,120,"1","4","5",115.5,"1","0","0","0",18,"0",13.9,-0.3,0.79,"Graduate",NA
"1","9500","1",1,132,"1","5",NA,127.5,"1","0","0","0",20,"0",9.4,-0.8,-3.12,"Graduate",1
"1","9556","1",1,125,"1","9","3",116.3,"1","0","0","0",18,"0",16.2,0.3,-0.92,"Graduate",NA
"2","8014","0",1,123,"1","3","3",113.2,"0","0","0","0",18,"0",7.6,2.6,0.32,"Dropout",1
"1","9853","1",1,142,"1","9","4",132.6,"1","0","0","0",18,"0",7.6,2.6,0.32,"Graduate",NA
"1","9500","1",1,148,"1","4",NA,132,"1","0","0","0",18,"0",7.6,2.6,0.32,"Graduate",1
"1","9500","1",1,136,"1","5",NA,130.3,"1","0","0","1",18,"0",7.6,2.6,0.32,"Graduate",NA
"1","9500","1",1,123,"1","9","10",116.7,"1","0","0","0",20,"0",16.2,0.3,-0.92,"Graduate",NA
"1","9070","1",1,135,"1","9","9",134,"1","0","0","1",22,"0",12.7,3.7,-1.7,"Graduate",NA
"1","9670","1",1,151,"1","1","1",100,"0","0","0","0",20,"0",13.9,-0.3,0.79,"Enrolled",1
"1","9085","1",39,140,"1","3",NA,140,"1","0","0","0",20,"0",13.9,-0.3,0.79,"Enrolled",NA
"1","9238","1",1,136,"1","9",NA,139.2,"1","0","0","0",18,"0",9.4,-0.8,-3.12,"Graduate",1
"1","9853","1",1,142,"1","9","1",132.6,"0","0","0","0",18,"0",9.4,-0.8,-3.12,"Enrolled",1
"1","9147","1",1,142,"1","5","1",129.4,"0","0","0","0",18,"0",9.4,-0.8,-3.12,"Graduate",NA
"1","9670","1",1,127,"1","4",NA,125.6,"0","0","0","1",18,"0",15.5,2.8,-4.06,"Dropout",NA
"1","9238","1",1,131,"1","4","10",129.3,"0","0","0","0",19,"0",11.1,0.6,2.02,"Graduate",1
"1","9085","1",1,134,"1","9","4",128.4,"1","0","0","1",19,"0",10.8,1.4,1.74,"Graduate",1
"1","9773","1",1,142,"1","9","9",139.9,"0","0","0","1",18,"0",13.9,-0.3,0.79,"Graduate",2
"1","9070","1",1,123,"1","9","5",124.8,"0","0","0","1",18,"0",8.9,1.4,3.51,"Enrolled",NA
"1","9500","1",1,133,"1","9","9",128.5,"1","0","0","1",18,"0",11.1,0.6,2.02,"Graduate",NA
"1","9500","1",1,125,"1","1","1",117.8,"1","0","0","0",18,"0",15.5,2.8,-4.06,"Graduate",1
"1","9670","1",1,120,"1","5",NA,115.1,"1","0","0","0",19,"0",12.4,0.5,1.79,"Graduate",NA
"1","9238","1",1,125,"1","3","3",118,"1","0","0","0",18,"0",8.9,1.4,3.51,"Graduate",NA
"1","9500","1",19,133.1,"1","9","4",120,"0","0","0","1",25,"0",9.4,-0.8,-3.12,"Graduate",2
"1","9500","1",1,133.1,"1","9","9",119.6,"1","0","0","1",19,"0",12.4,0.5,1.79,"Graduate",NA
"1","9500","1",1,143,"1","3","3",133.2,"1","0","0","0",18,"0",11.1,0.6,2.02,"Graduate",NA
"1","9130","1",1,147,"1","2","10",141.8,"1","0","0","0",19,"0",13.9,-0.3,0.79,"Graduate",1
"2","9500","1",1,142,"1","4","5",130.3,"0","0","0","0",18,"0",7.6,2.6,0.32,"Graduate",NA
"1","9085","1",1,150,"1","4","10",100,"0","0","0","0",24,"0",13.9,-0.3,0.79,"Dropout",NA
"1","9773","1",1,124,"1","3","4",114.6,"1","0","0","0",21,"0",11.1,0.6,2.02,"Graduate",NA
"1","9254","1",1,136,"1","9","4",123.4,"1","0","0","1",18,"0",8.9,1.4,3.51,"Graduate",NA
"1","9238","1",1,116,"1","9","6",116.4,"1","0","0","0",18,"0",8.9,1.4,3.51,"Graduate",1
"2","9070","1",1,127,"1","9","9",123.2,"0","0","0","1",20,"0",11.1,0.6,2.02,"Graduate",NA
"1","9070","1",1,117,"1","3","5",123.7,"1","0","0","0",19,"0",12.4,0.5,1.79,"Graduate",NA
"1","9773","1",1,116,"1","4",NA,127.6,"1","0","0","1",19,"0",13.9,-0.3,0.79,"Dropout",NA
"1","9500","1",1,129,"1","9","9",117.1,"1","0","0","0",30,"0",12.4,0.5,1.79,"Graduate",1
"1","9500","1",1,157,"1","5","3",149.3,"0","0","0","0",18,"0",9.4,-0.8,-3.12,"Graduate",NA
"1","9085","1",1,135,"1","4","10",125.6,"1","0","0","0",18,"0",12.7,3.7,-1.7,"Graduate",1
"1","9773","1",1,139,"1","9","9",145,"1","0","0","1",18,"0",9.4,-0.8,-3.12,"Graduate",NA
"1","9500","1",1,115,"1","5","5",115,"0","0","0","0",20,"0",15.5,2.8,-4.06,"Graduate",NA
"1","9254","1",1,123,"1","4",NA,114.3,"0","0","0","0",19,"0",11.1,0.6,2.02,"Dropout",NA
"1","9254","1",1,140,"1","9","9",126,"1","0","0","0",19,"0",10.8,1.4,1.74,"Dropout",NA
"1","171","1",1,138,"1",NA,NA,124,"1","0","0","0",19,"0",10.8,1.4,1.74,"Dropout",1
"1","9254","1",1,132,"1","5","6",122.6,"1","0","0","1",18,"0",8.9,1.4,3.51,"Graduate",NA
"1","9500","1",1,140,"1","2","3",133.8,"1","0","0","0",17,"0",10.8,1.4,1.74,"Enrolled",NA
"1","9853","1",1,117,"1","4",NA,113.5,"1","0","0","0",19,"0",12.4,0.5,1.79,"Graduate",1
"1","9238","1",1,125,"1","4","5",122.6,"1","1","0","0",18,"0",13.9,-0.3,0.79,"Enrolled",1
"1","9500","1",3,140,"1","4","4",140,"0","0","0","0",25,"0",10.8,1.4,1.74,"Graduate",1
"1","9238","1",1,133.1,"1","4","9",107,"1","0","0","0",19,"0",11.1,0.6,2.02,"Dropout",NA
"1","9085","1",42,130,"1","9","9",130,"1","0","0","0",24,"0",8.9,1.4,3.51,"Enrolled",1
"1","9238","1",1,134,"1","4","9",124.2,"1","0","0","1",19,"0",9.4,-0.8,-3.12,"Graduate",1
"1","9500","1",1,128,"1","9","4",125.8,"0","0","0","1",20,"0",9.4,-0.8,-3.12,"Enrolled",2
"1","9670","1",1,115,"1","5","4",108,"1","0","0","1",20,"0",12.4,0.5,1.79,"Graduate",1
"1","9500","1",1,119,"1","4","4",115.2,"1","0","0","1",20,"0",13.9,-0.3,0.79,"Graduate",NA
"1","9085","1",1,131,"1","4","1",129.3,"1","0","0","0",19,"0",12.7,3.7,-1.7,"Graduate",NA
"1","9003","1",4,120,"1","2","4",120,"1","0","0","0",31,"0",15.5,2.8,-4.06,"Graduate",NA
"1","9085","1",1,120,"1","3","4",116.7,"0","0","0","0",20,"0",9.4,-0.8,-3.12,"Graduate",NA
"1","9085","1",1,135,"1","4","3",121,"1","0","0","0",18,"0",9.4,-0.8,-3.12,"Enrolled",NA
"1","9853","1",1,146,"1","3","4",128.2,"0","0","0","0",18,"0",12.7,3.7,-1.7,"Enrolled",NA
"1","9670","1",1,133,"1","4",NA,121.1,"1","0","0","0",18,"0",13.9,-0.3,0.79,"Graduate",NA
"1","9238","1",1,122,"1","5","2",112.6,"0","0","0","0",20,"0",11.1,0.6,2.02,"Enrolled",NA
"1","9085","1",1,128,"1","2","4",123.3,"1","0","0","1",20,"0",8.9,1.4,3.51,"Graduate",NA
"1","9670","1",1,129,"1","5","4",129.4,"0","0","0","1",19,"0",10.8,1.4,1.74,"Dropout",NA
"1","9147","1",1,122,"1","4","6",119.9,"0","0","0","1",21,"0",12.7,3.7,-1.7,"Graduate",NA
"1","9500","1",1,140,"1","3","10",131.6,"1","0","0","0",18,"0",12.4,0.5,1.79,"Graduate",NA
"1","9070","1",1,143,"1","4","4",120,"1","0","0","0",21,"0",11.1,0.6,2.02,"Dropout",NA
"1","9500","1",1,118,"1","3","3",110,"1","0","0","0",19,"0",11.1,0.6,2.02,"Enrolled",NA
"1","9238","1",39,140,"1",NA,NA,143,"0","0","0","0",20,"0",13.9,-0.3,0.79,"Graduate",NA
"1","9085","1",1,140,"1","3","3",140,"0","0","0","0",20,"0",13.9,-0.3,0.79,"Enrolled",NA
"1","9670","1",1,123,"1","9","9",119.2,"1","0","0","1",18,"0",12.4,0.5,1.79,"Graduate",NA
"1","9147","1",1,140,"1","9","9",124.3,"1","0","0","1",18,"0",12.4,0.5,1.79,"Graduate",NA
"1","9238","1",1,116,"1",NA,NA,111.1,"1","0","0","1",18,"0",8.9,1.4,3.51,"Graduate",1
"1","9085","1",39,150,"1","6","6",150,"1","0","0","1",21,"0",10.8,1.4,1.74,"Graduate",NA
"1","9500","1",1,147,"1","5",NA,147.3,"0","0","0","0",18,"0",7.6,2.6,0.32,"Graduate",1
"1","9500","1",1,162,"1","5","5",147.5,"1","0","0","1",18,"0",9.4,-0.8,-3.12,"Graduate",NA
"1","9254","1",1,108,"1","9",NA,108,"1","0","0","1",20,"0",12.7,3.7,-1.7,"Graduate",NA
"2","9500","1",2,130,"1","9","9",130,"0","0","0","1",32,"0",9.4,-0.8,-3.12,"Graduate",2
"2","9991","0",1,140,"1","9","10",130,"0","0","0","0",34,"0",9.4,-0.8,-3.12,"Enrolled",NA
"1","9500","1",1,116,"1","3","3",109,"1","0","0","1",23,"0",11.1,0.6,2.02,"Graduate",NA
"1","9670","1",1,120,"1","4","10",112,"1","0","0","0",18,"0",8.9,1.4,3.51,"Enrolled",1
"1","8014","0",1,132,"1","5","5",121.2,"0","0","0","0",18,"0",10.8,1.4,1.74,"Graduate",NA
"1","171","1",2,140,"1","9","9",140,"1","0","0","0",34,"0",10.8,1.4,1.74,"Dropout",1
"1","8014","0",1,120,"100","4",NA,119.5,"0","0","0","0",25,"1",8.9,1.4,3.51,"Enrolled",1
"1","9147","1",1,136,"1",NA,NA,125.9,"0","0","0","0",21,"0",11.1,0.6,2.02,"Graduate",1
"1","9254","1",1,133,"1",NA,NA,121.5,"1","0","0","1",20,"0",7.6,2.6,0.32,"Dropout",NA
"1","9238","1",1,126,"1",NA,"2",121.5,"1","0","0","0",18,"0",7.6,2.6,0.32,"Graduate",NA
"1","9085","1",1,142,"1","4",NA,132.4,"1","0","0","0",18,"0",12.4,0.5,1.79,"Graduate",NA
"1","9773","1",1,121,"1","9","9",122.4,"0","0","0","0",18,"0",13.9,-0.3,0.79,"Graduate",NA
"1","8014","0",1,134,"1","4",NA,110,"1","0","0","0",24,"0",9.4,-0.8,-3.12,"Dropout",NA
"1","9147","1",1,140,"1","9",NA,120.4,"0","0","0","0",32,"0",16.2,0.3,-0.92,"Graduate",NA
"1","9254","1",1,133.1,"1","9","6",105,"1","0","0","0",24,"0",8.9,1.4,3.51,"Dropout",NA
"1","9238","1",1,157,"1","9","5",137.8,"0","0","0","1",18,"0",15.5,2.8,-4.06,"Dropout",2
"1","9254","1",1,120,"1","9","9",118,"0","0","0","0",28,"0",8.9,1.4,3.51,"Graduate",NA
"1","9853","1",1,134,"1","4",NA,122.1,"1","0","0","1",18,"0",10.8,1.4,1.74,"Dropout",1
"1","9853","1",3,140,"1",NA,NA,140,"1","0","0","0",24,"0",9.4,-0.8,-3.12,"Dropout",1
"1","9085","1",1,133,"1","4","10",143.2,"0","0","0","0",19,"0",7.6,2.6,0.32,"Graduate",1
"2","8014","0",1,146,"1","9",NA,120.5,"0","0","0","0",44,"0",10.8,1.4,1.74,"Graduate",NA
"1","9085","1",1,130,"1","9","2",119.5,"1","0","0","1",18,"0",15.5,2.8,-4.06,"Graduate",1
"1","171","1",1,151,"1","9",NA,147.5,"1","0","0","0",18,"0",7.6,2.6,0.32,"Graduate",NA
"1","9773","1",1,133.1,"1",NA,NA,129.6,"0","0","0","0",22,"0",7.6,2.6,0.32,"Dropout",NA
"1","9853","1",1,132,"1","9","5",126.1,"0","0","0","1",18,"0",11.1,0.6,2.02,"Graduate",NA
"2","9991","0",1,110,"1","9","4",160,"0","0","0","0",44,"0",15.5,2.8,-4.06,"Graduate",NA
"5","9853","1",19,133.1,"1","5","3",105.5,"0","0","0","0",33,"0",7.6,2.6,0.32,"Dropout",1
"2","9853","1",1,110,"1","9","9",95.5,"0","0","0","0",32,"0",10.8,1.4,1.74,"Dropout",NA
"2","9003","1",1,133.1,"1","4","4",107.5,"0","0","0","0",35,"0",15.5,2.8,-4.06,"Dropout",NA
"1","9238","1",1,105,"1","6","6",106.1,"1","0","0","0",20,"0",11.1,0.6,2.02,"Graduate",NA
"1","9254","1",1,160,"1","6","6",116.3,"1","0","0","0",24,"0",9.4,-0.8,-3.12,"Graduate",NA
"1","9500","1",1,144,"1","9","10",137.4,"0","0","0","0",19,"0",16.2,0.3,-0.92,"Graduate",NA
"1","9254","1",1,100,"1","5","5",101.8,"1","0","0","0",21,"0",12.4,0.5,1.79,"Enrolled",NA
"1","9773","1",1,143,"1","4","9",144.1,"1","0","1","1",19,"0",12.7,3.7,-1.7,"Graduate",NA
"1","9003","1",1,160,"1","9","5",107.8,"1","0","1","0",27,"0",15.5,2.8,-4.06,"Dropout",NA
"1","9853","1",1,140,"1","9","4",128.2,"0","0","0","0",30,"0",12.7,3.7,-1.7,"Dropout",NA
"1","171","1",1,133.1,"1","9","9",117,"1","0","1","0",21,"0",10.8,1.4,1.74,"Dropout",NA
"1","9070","1",1,116,"1","5",NA,110.4,"1","0","1","0",19,"0",8.9,1.4,3.51,"Graduate",1
"2","9991","0",1,120,"1","9","10",170,"0","0","0","0",34,"0",9.4,-0.8,-3.12,"Enrolled",NA
"1","9500","1",1,141,"1","4","10",100,"0","0","1","0",18,"0",13.9,-0.3,0.79,"Graduate",NA
"1","171","1",1,110,"1","3","3",117,"1","0","1","0",21,"0",9.4,-0.8,-3.12,"Graduate",NA
"1","171","1",1,127,"1","1","3",133.5,"1","0","1","0",17,"0",15.5,2.8,-4.06,"Enrolled",2
"1","9500","1",1,132,"1","4","9",128,"1","0","0","1",19,"0",7.6,2.6,0.32,"Graduate",NA
"1","9773","1",1,135,"1","9","6",122.1,"1","0","1","0",18,"0",12.7,3.7,-1.7,"Graduate",NA
"1","9500","1",1,135,"1","9","10",133.4,"1","0","0","0",19,"0",11.1,0.6,2.02,"Graduate",NA
"4","9254","1",1,140,"1","9","9",112,"0","0","0","0",45,"0",12.7,3.7,-1.7,"Dropout",NA
"1","9085","1",1,133.1,"1","9","6",130,"1","0","0","0",26,"0",15.5,2.8,-4.06,"Graduate",NA
"2","9991","0",1,100,"1","9","9",100,"1","0","1","0",51,"0",12.7,3.7,-1.7,"Dropout",NA
"2","9773","1",19,133.1,"1","6","6",162,"0","0","1","1",49,"0",10.8,1.4,1.74,"Graduate",2
"1","9500","1",1,100,"1","2",NA,153,"0","0","1","0",22,"0",15.5,2.8,-4.06,"Enrolled",NA
"1","9147","1",1,137,"1","5","9",131.4,"1","0","1","0",22,"0",7.6,2.6,0.32,"Dropout",1
"2","9130","1",3,120,"1","1","1",128.2,"0","0","0","0",33,"0",9.4,-0.8,-3.12,"Dropout",NA
"1","9670","1",1,148.9,"22","9","9",148.9,"0","0","0","0",20,"1",9.4,-0.8,-3.12,"Graduate",2
"1","9238","1",1,134,"1",NA,NA,128.4,"1","0","0","1",18,"0",10.8,1.4,1.74,"Graduate",1
"1","9853","1",1,128,"1","9","9",120.3,"1","0","0","0",20,"0",10.8,1.4,1.74,"Dropout",1
"2","9991","0",1,133.1,"41","4","6",100,"0","0","0","0",37,"1",8.9,1.4,3.51,"Graduate",NA
"1","9254","1",1,131,"2","9","3",126.1,"1","0","1","0",18,"1",7.6,2.6,0.32,"Graduate",NA
"1","9254","1",1,118,"1","9","9",111.7,"1","0","0","0",19,"0",12.4,0.5,1.79,"Graduate",NA
"1","9085","1",39,140,"1","3","3",140,"1","0","0","0",21,"0",12.4,0.5,1.79,"Graduate",NA
"1","9500","1",1,133,"1","9","1",122.2,"0","0","0","0",20,"0",13.9,-0.3,0.79,"Graduate",1
"1","9500","1",1,126,"1",NA,NA,118.7,"1","0","0","0",19,"0",13.9,-0.3,0.79,"Dropout",NA
"1","9556","1",1,125,"1",NA,NA,121.5,"1","0","0","0",20,"0",11.1,0.6,2.02,"Dropout",NA
"1","9500","1",1,138,"1","2","5",134.5,"1","0","0","0",18,"0",13.9,-0.3,0.79,"Graduate",NA
"1","9500","1",1,140,"1","9",NA,127,"1","0","0","0",19,"0",12.7,3.7,-1.7,"Graduate",NA
"1","9238","1",1,124,"1","9","3",114.2,"0","0","0","0",18,"0",15.5,2.8,-4.06,"Graduate",NA
"1","9238","1",1,133,"1",NA,NA,125.3,"1","0","0","1",18,"0",15.5,2.8,-4.06,"Graduate",NA
"1","9773","1",1,127,"1","4","5",120.4,"1","0","0","0",18,"0",12.7,3.7,-1.7,"Dropout",NA
"1","9500","1",1,138,"1","3","9",123,"1","0","0","0",19,"0",12.4,0.5,1.79,"Enrolled",1
"1","9556","1",1,142,"1","4","5",130.5,"1","0","0","1",18,"0",16.2,0.3,-0.92,"Graduate",NA
"1","9070","1",1,130,"41","9",NA,125.5,"1","0","0","1",19,"1",11.1,0.6,2.02,"Graduate",1
"1","9003","1",42,130,"1","9",NA,133.8,"0","0","0","1",24,"0",8.9,1.4,3.51,"Graduate",1
"1","9085","1",39,150,"1","9","9",150,"0","0","0","0",20,"0",12.4,0.5,1.79,"Enrolled",NA
"1","9147","1",1,127,"1","5",NA,130.5,"1","0","0","1",21,"0",9.4,-0.8,-3.12,"Graduate",1
"1","9085","1",39,140,"1","4","10",140,"0","0","0","0",20,"0",16.2,0.3,-0.92,"Dropout",2
"1","9500","1",1,126,"1","3","9",119.4,"1","0","0","1",19,"0",16.2,0.3,-0.92,"Graduate",NA
"1","9556","1",1,139,"1","9",NA,121.3,"1","0","0","1",19,"0",10.8,1.4,1.74,"Graduate",1
"1","9500","1",1,141,"1","9","9",126.3,"1","0","0","0",18,"0",12.7,3.7,-1.7,"Graduate",NA
"1","9085","1",1,120,"1","4",NA,111.6,"1","0","0","0",19,"0",16.2,0.3,-0.92,"Graduate",NA
"1","9147","1",1,120,"1","9","9",111.3,"1","0","0","0",21,"0",8.9,1.4,3.51,"Graduate",1
"1","9853","1",1,134,"1","9",NA,122.5,"1","0","0","1",19,"0",15.5,2.8,-4.06,"Graduate",NA
"1","9254","1",1,128,"1",NA,"10",116.5,"1","0","0","1",18,"0",8.9,1.4,3.51,"Graduate",NA
"1","9070","1",1,133,"1","4","4",132,"1","1","0","1",17,"0",15.5,2.8,-4.06,"Graduate",1
"1","9853","1",1,123,"1","4","10",123.7,"1","0","0","0",19,"0",15.5,2.8,-4.06,"Enrolled",NA
"1","9147","1",1,118,"1","9",NA,117,"1","0","1","0",23,"0",9.4,-0.8,-3.12,"Dropout",NA
"1","9670","1",1,113,"1","1","10",116.5,"1","0","0","0",19,"0",8.9,1.4,3.51,"Graduate",1
"1","9500","1",1,135,"1","9","4",121.5,"1","0","0","0",18,"0",7.6,2.6,0.32,"Graduate",1
"1","9670","1",1,133.1,"1","5","9",105,"1","0","0","0",20,"0",15.5,2.8,-4.06,"Graduate",NA
"1","9085","1",1,130,"1","9","9",121.3,"1","0","0","1",19,"0",10.8,1.4,1.74,"Graduate",1
"1","9238","1",1,135,"1","3","9",136.1,"1","0","0","1",18,"0",12.4,0.5,1.79,"Graduate",NA
"1","9238","1",1,133,"1","9","4",123.6,"0","0","0","1",19,"0",13.9,-0.3,0.79,"Graduate",NA
"1","9238","1",1,123,"1","4","10",129,"1","0","0","0",19,"0",10.8,1.4,1.74,"Graduate",1
"1","9500","1",1,145,"1","4",NA,136.8,"1","0","0","0",18,"0",9.4,-0.8,-3.12,"Graduate",NA
"1","9500","1",1,146,"1","3","6",133.4,"1","0","0","0",18,"0",13.9,-0.3,0.79,"Graduate",NA
"1","9500","1",1,144,"1",NA,NA,136,"1","0","0","1",19,"0",7.6,2.6,0.32,"Graduate",NA
"1","9500","1",1,144,"1","9","9",125.8,"0","0","0","1",19,"0",12.7,3.7,-1.7,"Graduate",NA
"1","9500","1",1,131,"1","2","1",120.5,"0","0","0","0",19,"0",7.6,2.6,0.32,"Graduate",1
"1","9500","1",1,141,"1","9",NA,130.2,"1","0","0","0",21,"0",15.5,2.8,-4.06,"Graduate",1
"1","9773","1",1,138,"1","2","3",135.9,"1","0","0","0",18,"0",13.9,-0.3,0.79,"Graduate",NA
"1","9773","1",1,127,"1","9","9",116.5,"0","0","0","1",19,"0",11.1,0.6,2.02,"Graduate",1
"1","9773","1",1,124,"1",NA,NA,124,"0","0","0","0",18,"0",12.7,3.7,-1.7,"Dropout",1
"1","8014","0",3,140,"1","4","4",140,"0","0","0","0",30,"0",10.8,1.4,1.74,"Dropout",1
"1","9130","1",1,157,"1","3","6",150.9,"1","0","0","0",18,"0",13.9,-0.3,0.79,"Dropout",NA
"1","9500","1",1,129,"1","4",NA,127.3,"1","0","0","1",20,"0",7.6,2.6,0.32,"Graduate",NA
"1","9670","1",19,133.1,"1","4",NA,100,"0","0","0","0",25,"0",9.4,-0.8,-3.12,"Dropout",NA
"1","9500","1",1,142,"1","5",NA,128.8,"1","0","0","0",18,"0",7.6,2.6,0.32,"Graduate",NA
"5","9085","1",1,133,"1","4",NA,119.7,"1","0","0","0",21,"0",9.4,-0.8,-3.12,"Enrolled",NA
"1","9500","1",1,156,"1","2","1",140.8,"0","0","0","0",18,"0",12.7,3.7,-1.7,"Graduate",1
"1","9500","1",1,151,"1","9","9",138,"1","0","0","0",18,"0",7.6,2.6,0.32,"Graduate",NA
"1","9853","1",1,135,"1","2","2",132.9,"1","0","0","0",29,"0",12.7,3.7,-1.7,"Dropout",NA
"1","9130","1",1,140,"1","2","2",140,"0","0","0","0",20,"0",15.5,2.8,-4.06,"Graduate",2
"1","9500","1",3,140,"1","4","4",140,"0","0","0","0",26,"0",13.9,-0.3,0.79,"Dropout",NA
"1","9238","1",1,100,"1",NA,NA,99.3,"1","0","0","0",21,"0",12.4,0.5,1.79,"Graduate",NA
"1","9500","1",1,126,"1","5","5",119.3,"0","0","0","1",19,"0",9.4,-0.8,-3.12,"Graduate",NA
"1","9254","1",1,123,"1","5","5",113.2,"1","0","0","0",19,"0",16.2,0.3,-0.92,"Dropout",NA
"1","9773","1",1,133.1,"1","9","5",117,"0","0","0","0",21,"0",15.5,2.8,-4.06,"Enrolled",NA
"1","8014","0",1,137,"1","4","3",123,"0","0","0","0",20,"0",16.2,0.3,-0.92,"Graduate",2
"1","9500","1",1,138,"1","9",NA,127.2,"1","0","0","1",18,"0",15.5,2.8,-4.06,"Graduate",1
"1","9773","1",1,128,"1","3",NA,141,"1","0","0","0",20,"0",7.6,2.6,0.32,"Dropout",NA
"1","9238","1",1,136,"1","9","9",121.7,"0","1","0","1",20,"0",16.2,0.3,-0.92,"Graduate",NA
"1","9500","1",1,127,"1","4",NA,121.1,"0","0","0","1",18,"0",16.2,0.3,-0.92,"Enrolled",NA
"1","9070","1",1,145,"1","3","3",146.1,"1","0","0","0",18,"0",9.4,-0.8,-3.12,"Enrolled",NA
"1","9773","1",1,140,"1","9","9",142.5,"1","0","0","0",18,"0",9.4,-0.8,-3.12,"Graduate",1
"1","9085","1",1,138,"1","2","9",126.8,"1","0","0","0",18,"0",10.8,1.4,1.74,"Enrolled",1
"1","9085","1",39,150,"1","2","2",150,"1","0","0","0",22,"0",13.9,-0.3,0.79,"Graduate",NA
"1","9085","1",39,150,"1","4","1",150,"1","0","0","0",19,"0",12.7,3.7,-1.7,"Enrolled",NA
"1","9003","1",1,131,"1","9","2",134.5,"1","0","0","1",19,"0",12.4,0.5,1.79,"Graduate",1
"1","9556","1",1,136,"1","9","9",129.5,"1","0","0","0",18,"0",12.7,3.7,-1.7,"Graduate",NA
"1","9238","1",1,117,"1",NA,NA,113.2,"1","0","0","0",20,"0",11.1,0.6,2.02,"Graduate",NA
"1","9853","1",1,158,"1","5","5",140.2,"1","0","0","0",18,"0",10.8,1.4,1.74,"Dropout",1
"1","9670","1",1,129,"1","5","5",119.2,"1","0","0","0",21,"0",8.9,1.4,3.51,"Dropout",NA
"1","9238","1",1,140,"1","4","4",140.7,"0","0","0","0",19,"0",12.4,0.5,1.79,"Graduate",1
"1","9500","1",1,141,"1","9","9",142.3,"1","0","0","0",18,"0",9.4,-0.8,-3.12,"Dropout",NA
"1","9773","1",1,132,"11",NA,"4",129.9,"1","0","0","0",18,"1",7.6,2.6,0.32,"Graduate",1
"1","171","1",1,133,"1","6",NA,134.8,"1","0","0","0",18,"0",12.4,0.5,1.79,"Enrolled",1
"1","9085","1",1,109,"1","4","9",104.1,"1","0","0","1",21,"0",15.5,2.8,-4.06,"Dropout",1
"1","9147","1",1,135,"1","5","5",122.4,"0","0","0","0",19,"0",13.9,-0.3,0.79,"Graduate",NA
"1","9147","1",1,122,"1","9",NA,120.6,"1","0","0","1",19,"0",9.4,-0.8,-3.12,"Graduate",NA
"1","9238","1",1,118,"1","4","10",112.4,"1","0","0","0",19,"0",16.2,0.3,-0.92,"Dropout",NA
"1","171","1",1,174,"1","3","3",157.9,"0","0","0","0",18,"0",13.9,-0.3,0.79,"Graduate",NA
"1","9254","1",1,142,"1","9","9",125.9,"0","0","0","1",19,"0",10.8,1.4,1.74,"Dropout",1
"1","9500","1",1,131,"1","5",NA,118.4,"1","0","0","1",20,"0",16.2,0.3,-0.92,"Dropout",NA
"1","9500","1",1,139,"1","1","1",130.8,"1","0","0","0",18,"0",9.4,-0.8,-3.12,"Dropout",NA
"1","171","1",1,170,"1",NA,NA,176.7,"1","0","0","1",19,"0",11.1,0.6,2.02,"Dropout",1
"1","9070","1",1,182,"1","5",NA,156.8,"1","0","0","0",18,"0",10.8,1.4,1.74,"Graduate",NA
"1","9085","1",1,125,"1","3",NA,126.8,"0","0","0","0",18,"0",11.1,0.6,2.02,"Enrolled",1
"1","9238","1",1,142,"1","5",NA,128,"0","0","0","1",19,"0",16.2,0.3,-0.92,"Graduate",2
"1","9147","1",1,119,"1","4","5",113.8,"1","0","0","0",20,"0",7.6,2.6,0.32,"Graduate",NA
"1","9500","1",1,128,"1","4","5",120.8,"1","0","0","1",19,"0",16.2,0.3,-0.92,"Graduate",1
"1","9500","1",1,150,"1","1","1",130.8,"1","0","0","0",18,"0",12.7,3.7,-1.7,"Graduate",NA
"1","9254","1",1,133.1,"1","4","1",101,"0","0","0","0",25,"0",15.5,2.8,-4.06,"Dropout",NA
"1","9070","1",1,131,"1","9","9",126.1,"1","0","0","0",18,"0",7.6,2.6,0.32,"Graduate",NA
"1","9773","1",1,118,"1","9","9",113.8,"1","0","0","0",19,"0",8.9,1.4,3.51,"Graduate",NA
"1","9556","1",1,122,"1","4",NA,118.3,"1","0","0","1",19,"0",15.5,2.8,-4.06,"Graduate",1
"1","9147","1",1,116,"1","5",NA,127.9,"0","0","0","1",20,"0",9.4,-0.8,-3.12,"Dropout",NA
"1","9500","1",1,137,"1","5","4",131.1,"1","0","0","0",18,"0",13.9,-0.3,0.79,"Enrolled",1
"1","9085","1",1,128,"1","4","9",117.9,"1","0","0","0",20,"0",10.8,1.4,1.74,"Graduate",NA
"1","9238","1",1,123,"1","9","9",115.7,"1","0","0","0",21,"0",11.1,0.6,2.02,"Graduate",NA
"1","171","1",1,133.1,"1","2","3",141,"1","0","0","0",19,"0",12.7,3.7,-1.7,"Graduate",NA
"2","8014","0",12,110,"1",NA,"9",120,"0","0","0","0",42,"0",10.8,1.4,1.74,"Graduate",NA
"1","9130","1",1,143,"1","2","2",131.8,"1","0","0","0",18,"0",8.9,1.4,3.51,"Enrolled",1
"1","9070","1",1,150,"1","9","6",131.1,"0","0","0","1",19,"0",15.5,2.8,-4.06,"Graduate",NA
"1","9254","1",1,129,"1","9","5",117.8,"1","0","0","0",18,"0",8.9,1.4,3.51,"Graduate",NA
"1","9085","1",1,140,"1","4","5",140,"1","0","0","0",21,"0",10.8,1.4,1.74,"Graduate",NA
"1","9238","1",1,133.1,"1","5","5",108,"0","0","0","1",20,"0",16.2,0.3,-0.92,"Graduate",2
"1","9853","1",1,132,"1","3","3",122.9,"1","0","0","0",20,"0",11.1,0.6,2.02,"Graduate",NA
"1","9085","1",39,130,"1","2","9",130,"1","0","0","0",21,"0",12.4,0.5,1.79,"Enrolled",NA
"1","9500","1",1,137,"1",NA,NA,126,"1","0","0","0",19,"0",15.5,2.8,-4.06,"Graduate",1
"1","9238","1",1,133.1,"1","4","9",134,"0","0","0","0",21,"0",7.6,2.6,0.32,"Graduate",1
"1","9070","1",1,143,"1",NA,NA,134.3,"1","1","0","0",19,"0",8.9,1.4,3.51,"Graduate",NA
"1","9500","1",1,148,"1","9","9",138.7,"0","0","0","1",19,"0",15.5,2.8,-4.06,"Graduate",NA
"1","171","1",1,137,"1","4","1",143.3,"1","0","0","0",18,"0",9.4,-0.8,-3.12,"Enrolled",NA
"1","9085","1",39,160,"1","9","10",160,"1","0","0","0",22,"0",16.2,0.3,-0.92,"Graduate",NA
"1","9853","1",1,112,"1","3","5",111,"0","0","0","0",21,"0",9.4,-0.8,-3.12,"Graduate",NA
"1","9254","1",1,133,"1","5",NA,128.5,"1","0","0","1",18,"0",7.6,2.6,0.32,"Dropout",1
"1","9500","1",1,142,"1","1","2",133,"0","0","0","1",20,"0",10.8,1.4,1.74,"Graduate",NA
"1","9670","1",1,123,"1",NA,NA,114.6,"1","0","0","0",18,"0",7.6,2.6,0.32,"Dropout",1
"1","9238","1",1,103,"1",NA,"9",104.1,"0","0","0","0",20,"0",8.9,1.4,3.51,"Dropout",1
"1","9500","1",1,140,"1","3","3",127.6,"1","0","0","0",23,"0",12.4,0.5,1.79,"Graduate",NA
"1","9773","1",1,159,"1","3","3",151,"1","0","0","0",18,"0",12.7,3.7,-1.7,"Graduate",NA
"1","9238","1",39,140,"1","9","3",135.7,"1","0","0","0",20,"0",12.4,0.5,1.79,"Graduate",NA
"1","9500","1",1,148,"1","5","9",137.8,"1","0","0","1",18,"0",10.8,1.4,1.74,"Graduate",1
"1","9147","1",1,112,"1","9","9",117.3,"1","0","0","0",20,"0",11.1,0.6,2.02,"Graduate",NA
"1","9500","1",1,131,"1","3","2",121.2,"1","0","0","0",18,"0",16.2,0.3,-0.92,"Graduate",NA
"1","9670","1",1,145,"1","2","1",129.3,"1","0","0","0",20,"0",16.2,0.3,-0.92,"Graduate",NA
"1","9500","1",1,133.1,"1","5",NA,123,"1","0","0","0",19,"0",12.7,3.7,-1.7,"Graduate",NA
"1","9085","1",39,140,"1","4","4",140,"0","0","0","0",21,"0",13.9,-0.3,0.79,"Graduate",2
"2","9070","1",43,140,"1","9",NA,140,"0","0","0","0",33,"0",11.1,0.6,2.02,"Graduate",NA
"1","9085","1",1,150,"1","4","2",144.6,"0","0","0","0",24,"0",7.6,2.6,0.32,"Dropout",1
"1","9238","1",1,120,"1","4","3",118.3,"0","0","0","1",20,"0",13.9,-0.3,0.79,"Graduate",2
"1","171","1",1,156,"1","9","1",153.6,"1","0","0","0",18,"0",9.4,-0.8,-3.12,"Graduate",NA
"1","9070","1",1,167,"1",NA,"3",158.3,"1","0","0","0",18,"0",15.5,2.8,-4.06,"Graduate",NA
"1","8014","0",6,133.1,"1",NA,NA,100,"0","0","0","0",29,"0",7.6,2.6,0.32,"Dropout",NA
"1","9500","1",1,147,"1","5","5",134.9,"0","1","0","0",18,"0",16.2,0.3,-0.92,"Graduate",NA
"1","9773","1",1,129,"1","5","5",142,"1","0","0","0",19,"0",9.4,-0.8,-3.12,"Graduate",1
"1","171","1",1,136,"1",NA,NA,127.3,"1","0","0","0",19,"0",15.5,2.8,-4.06,"Dropout",NA
"1","9238","1",1,128,"1","5","4",116.5,"0","0","0","1",18,"0",12.4,0.5,1.79,"Graduate",NA
"1","9500","1",1,140,"1",NA,NA,138.6,"0","0","0","1",19,"0",16.2,0.3,-0.92,"Graduate",2
"1","9853","1",1,141,"1","9","3",133,"0","0","0","0",20,"0",10.8,1.4,1.74,"Dropout",NA
"1","9238","1",1,133,"1","3","4",136.2,"1","0","0","0",19,"0",7.6,2.6,0.32,"Enrolled",1
"1","9254","1",1,125,"1",NA,"5",118,"1","0","0","1",19,"0",9.4,-0.8,-3.12,"Graduate",1
"1","9070","1",1,124,"1","4","4",126.8,"0","0","0","1",18,"0",13.9,-0.3,0.79,"Enrolled",NA
"1","9500","1",1,140,"1","5",NA,128.5,"1","0","0","1",18,"0",9.4,-0.8,-3.12,"Graduate",NA
"1","9254","1",1,140,"1","2","3",129.9,"0","0","0","1",19,"0",9.4,-0.8,-3.12,"Graduate",NA
"1","9773","1",1,137,"1","5","5",125.8,"0","0","1","0",20,"0",12.7,3.7,-1.7,"Dropout",2
"1","171","1",1,144,"1","9","6",129.3,"1","0","1","1",18,"0",7.6,2.6,0.32,"Enrolled",NA
"1","9500","1",1,138,"1","2","3",124.7,"1","0","1","0",18,"0",16.2,0.3,-0.92,"Dropout",2
"1","9003","1",1,130,"1","2","4",154.9,"0","0","1","0",35,"0",8.9,1.4,3.51,"Dropout",2
"1","9119","1",1,142,"1","9",NA,127.3,"0","0","1","0",18,"0",16.2,0.3,-0.92,"Enrolled",NA
"1","171","1",1,136,"1","5",NA,129,"1","0","1","1",19,"0",13.9,-0.3,0.79,"Graduate",NA
"1","9773","1",1,133.1,"1","4",NA,98,"1","0","1","1",19,"0",15.5,2.8,-4.06,"Enrolled",NA
"1","9147","1",1,130,"1","5",NA,122,"1","0","1","0",20,"0",10.8,1.4,1.74,"Enrolled",NA
"1","9070","1",1,117,"1","4",NA,112.5,"1","0","1","0",19,"0",13.9,-0.3,0.79,"Enrolled",2
"1","9147","1",1,136,"1","9","9",127.3,"1","0","1","0",19,"0",12.7,3.7,-1.7,"Dropout",NA
"1","9556","1",1,133.1,"1","9","10",100.5,"0","0","1","0",24,"0",11.1,0.6,2.02,"Dropout",NA
"1","8014","0",1,140,"1","9",NA,122,"1","0","1","0",29,"0",12.4,0.5,1.79,"Dropout",NA
"1","9500","1",1,150,"1","9","1",140,"0","0","1","0",24,"0",15.5,2.8,-4.06,"Graduate",NA
"1","9254","1",1,121,"1","6","6",116.1,"1","0","1","0",19,"0",15.5,2.8,-4.06,"Graduate",NA
"2","171","1",3,120,"1","9","9",130,"1","0","1","0",37,"0",7.6,2.6,0.32,"Dropout",1
"1","9070","1",1,143,"1","4","10",146.2,"1","0","1","0",18,"0",16.2,0.3,-0.92,"Graduate",NA
"1","9119","1",39,180,"1","9",NA,180,"0","0","1","1",20,"0",12.4,0.5,1.79,"Enrolled",NA
"1","9147","1",1,132,"1","3","3",127.8,"1","0","1","0",18,"0",11.1,0.6,2.02,"Dropout",NA
"1","9147","1",1,130,"1","9",NA,130.8,"0","0","1","0",22,"0",16.2,0.3,-0.92,"Enrolled",2
"1","9147","1",1,133.1,"1","4",NA,109,"1","0","1","1",22,"0",10.8,1.4,1.74,"Enrolled",1
"1","9773","1",1,131,"1","9","5",132.4,"1","0","1","0",18,"0",11.1,0.6,2.02,"Dropout",1
"1","9500","1",1,149,"1","4","4",129.3,"1","0","1","0",18,"0",12.7,3.7,-1.7,"Graduate",2
"1","9070","1",1,124,"1","9","9",125.4,"1","0","1","0",19,"0",9.4,-0.8,-3.12,"Graduate",NA
"1","9119","1",1,126,"1","5","5",130.2,"0","0","1","0",19,"0",10.8,1.4,1.74,"Enrolled",2
"1","9238","1",1,140,"1","9","9",132,"0","0","1","0",19,"0",16.2,0.3,-0.92,"Dropout",NA
"1","9003","1",39,170,"1","9",NA,170,"1","0","1","0",21,"0",12.4,0.5,1.79,"Graduate",NA
"1","9773","1",1,133,"1","2","4",130.2,"0","0","1","0",19,"0",8.9,1.4,3.51,"Enrolled",2
"1","9556","1",1,126,"1","2","2",115.5,"0","0","1","0",18,"0",8.9,1.4,3.51,"Graduate",NA
"1","9147","1",1,129,"1","4","9",127.6,"1","0","1","0",19,"0",10.8,1.4,1.74,"Dropout",NA
"1","9773","1",43,140,"1","4",NA,140,"0","0","1","0",25,"0",11.1,0.6,2.02,"Graduate",NA
"1","9070","1",1,130,"1","9",NA,120.2,"1","0","1","0",22,"0",12.7,3.7,-1.7,"Graduate",1
"1","9500","1",1,130,"1","4","9",150,"0","0","1","0",24,"0",12.7,3.7,-1.7,"Graduate",NA
"1","9500","1",1,99,"1","5","10",100,"1","0","1","0",19,"0",13.9,-0.3,0.79,"Graduate",1
"1","9119","1",1,146,"1","2","3",100,"0","0","1","0",18,"0",13.9,-0.3,0.79,"Enrolled",NA
"1","171","1",1,129,"1","4","6",128,"0","0","1","0",20,"0",9.4,-0.8,-3.12,"Dropout",NA
"1","9500","1",1,132,"1","9",NA,128,"1","0","1","1",19,"0",10.8,1.4,1.74,"Graduate",1
"1","9254","1",1,110,"1","9","9",107.2,"1","0","1","0",19,"0",7.6,2.6,0.32,"Dropout",NA
"1","9670","1",1,116,"1","3","3",110.1,"1","0","1","0",19,"0",12.4,0.5,1.79,"Graduate",1
"1","9003","1",1,119,"1","9","6",119,"0","0","1","0",23,"0",15.5,2.8,-4.06,"Dropout",NA
"2","9773","1",1,120,"1","9","3",155.5,"0","0","1","0",47,"0",12.7,3.7,-1.7,"Dropout",NA
"1","9070","1",1,117,"1","3","9",118.4,"0","0","1","0",19,"0",16.2,0.3,-0.92,"Graduate",NA
"1","171","1",1,137,"1","4",NA,141.2,"1","0","1","0",19,"0",11.1,0.6,2.02,"Graduate",NA
"1","171","1",1,124,"1","2","2",119.1,"1","0","1","0",18,"0",16.2,0.3,-0.92,"Dropout",NA
"1","9147","1",1,151,"1","1","1",111,"0","0","1","0",28,"0",15.5,2.8,-4.06,"Dropout",NA
"1","9254","1",6,138.6,"1",NA,NA,138.6,"1","0","1","0",20,"0",7.6,2.6,0.32,"Dropout",NA
"1","9254","1",1,118,"1","5",NA,121.2,"0","0","1","1",18,"0",15.5,2.8,-4.06,"Enrolled",NA
"1","171","1",1,136,"1","4",NA,150.4,"1","0","1","1",21,"0",12.4,0.5,1.79,"Graduate",NA
"1","9254","1",1,123,"1","9","4",117.8,"0","0","1","0",19,"0",10.8,1.4,1.74,"Enrolled",NA
"1","9254","1",19,133.1,"1","4","5",102.5,"0","0","1","0",24,"0",16.2,0.3,-0.92,"Dropout",2
"1","9130","1",1,130,"1",NA,NA,110,"0","0","1","0",24,"0",16.2,0.3,-0.92,"Enrolled",NA
"1","9085","1",12,133.1,"1","9",NA,138.3,"1","0","1","0",25,"0",8.9,1.4,3.51,"Enrolled",NA
"1","9254","1",1,150,"1","3","4",122.3,"0","0","1","0",28,"0",13.9,-0.3,0.79,"Graduate",NA
"2","9991","0",1,130,"1","9","9",127.8,"0","0","1","0",37,"0",7.6,2.6,0.32,"Enrolled",2
"1","9119","1",1,128,"1","4",NA,100,"0","0","1","0",19,"0",13.9,-0.3,0.79,"Enrolled",NA
"1","9500","1",1,133,"1","5",NA,126.4,"1","0","1","1",18,"0",11.1,0.6,2.02,"Graduate",1
"1","9254","1",19,133.1,"1",NA,NA,100,"0","0","1","0",48,"0",7.6,2.6,0.32,"Dropout",NA
"1","9238","1",1,129,"1","9",NA,117.1,"1","0","1","0",21,"0",8.9,1.4,3.51,"Graduate",NA
"1","9500","1",1,128,"1","4","5",124.7,"0","0","1","1",19,"0",15.5,2.8,-4.06,"Enrolled",NA
"1","9500","1",1,136,"1","9","10",124.1,"0","0","1","1",21,"0",9.4,-0.8,-3.12,"Enrolled",NA
"1","9119","1",1,130,"1","9",NA,129.4,"1","0","1","0",23,"0",13.9,-0.3,0.79,"Dropout",2
"1","9130","1",1,141,"1","4","10",138.9,"1","0","1","0",18,"0",10.8,1.4,1.74,"Graduate",NA
"1","9238","1",39,140,"1","4","3",138.6,"0","0","1","0",22,"0",13.9,-0.3,0.79,"Dropout",2
"1","171","1",1,122,"1","9",NA,133.9,"1","0","1","0",25,"0",12.4,0.5,1.79,"Dropout",1
"1","9085","1",40,140,"1","2","2",140,"0","0","1","0",27,"0",11.1,0.6,2.02,"Dropout",NA
"1","9119","1",12,133.1,"1",NA,NA,95.1,"0","0","1","0",49,"0",10.8,1.4,1.74,"Dropout",NA
"1","9991","0",1,120,"1","5","5",128.2,"0","0","1","0",31,"0",12.7,3.7,-1.7,"Dropout",2
"1","9254","1",1,133.1,"1","9","6",121.5,"0","0","1","0",54,"0",16.2,0.3,-0.92,"Dropout",2
"1","33","1",40,120,"1","5","6",120,"1","0","1","0",25,"0",11.1,0.6,2.02,"Dropout",1
"1","9003","1",39,130,"1","2","2",130,"0","0","1","0",20,"0",15.5,2.8,-4.06,"Enrolled",NA
"1","9070","1",3,120,"1","2","2",120,"0","0","1","0",28,"0",12.7,3.7,-1.7,"Dropout",NA
"2","8014","0",19,133.1,"1","9","6",107,"0","0","1","0",41,"0",12.7,3.7,-1.7,"Graduate",2
"1","9670","1",1,122,"1","4","4",116.1,"0","0","1","1",19,"0",11.1,0.6,2.02,"Enrolled",2
"1","9147","1",1,123,"1","4","4",114.4,"0","0","1","0",22,"0",15.5,2.8,-4.06,"Dropout",NA
"1","9254","1",1,178,"1","2","3",157.7,"0","0","1","0",34,"0",15.5,2.8,-4.06,"Dropout",NA
"1","9003","1",1,130,"1","9","9",150,"0","0","1","0",28,"0",11.1,0.6,2.02,"Dropout",NA
"1","9853","1",1,110,"1","9","4",114.3,"1","0","1","0",42,"0",7.6,2.6,0.32,"Enrolled",1
"1","9085","1",1,106,"1","3","5",104.6,"0","0","1","0",21,"0",11.1,0.6,2.02,"Enrolled",2
"1","9003","1",3,140,"1","9","4",140,"0","0","1","0",50,"0",15.5,2.8,-4.06,"Dropout",NA
"1","9147","1",1,108,"1","3","4",109.1,"1","0","1","0",19,"0",12.4,0.5,1.79,"Dropout",NA
"1","9500","1",1,120,"1","2","4",120.6,"0","0","1","0",18,"0",16.2,0.3,-0.92,"Dropout",2
"2","9991","0",1,100,"1","1","1",161.9,"0","0","1","0",59,"0",16.2,0.3,-0.92,"Dropout",NA
"2","9991","0",3,140,"1",NA,NA,140,"1","0","1","0",33,"0",7.6,2.6,0.32,"Dropout",NA
"1","9070","1",1,133.1,"1","9","10",178,"1","0","1","1",23,"0",9.4,-0.8,-3.12,"Graduate",NA
"2","9991","0",19,133.1,"1","5","5",138.3,"0","0","1","0",44,"0",13.9,-0.3,0.79,"Dropout",2
"2","8014","0",1,140,"1",NA,NA,128,"1","0","1","0",37,"0",9.4,-0.8,-3.12,"Dropout",NA
"2","171","1",19,100,"1","9","9",139,"0","0","1","0",36,"0",10.8,1.4,1.74,"Dropout",NA
"1","9991","0",1,123,"1","4","2",113.2,"0","0","1","0",22,"0",7.6,2.6,0.32,"Dropout",2
"2","8014","0",19,133.1,"1","6","6",139,"0","0","1","0",49,"0",12.4,0.5,1.79,"Graduate",2
"1","9773","1",1,135,"1","5","3",110,"1","0","1","0",23,"0",11.1,0.6,2.02,"Graduate",1
"1","9070","1",1,132,"1","4","9",136.6,"1","0","1","0",19,"0",7.6,2.6,0.32,"Enrolled",NA
"2","8014","0",1,120,"1","5","5",161.1,"0","0","1","0",47,"0",16.2,0.3,-0.92,"Dropout",NA
"1","9003","1",1,130,"1","4","2",130,"0","0","1","0",28,"0",15.5,2.8,-4.06,"Graduate",NA
"1","9003","1",39,140,"1","9","6",140,"0","0","1","0",21,"0",15.5,2.8,-4.06,"Enrolled",NA
"1","9254","1",1,133.1,"1","9","9",121,"0","0","1","0",21,"0",8.9,1.4,3.51,"Dropout",NA
"1","9238","1",39,120,"1","1","2",118.6,"0","0","1","0",21,"0",13.9,-0.3,0.79,"Graduate",2
"1","9070","1",1,140,"1","4","4",138.3,"0","0","1","0",20,"0",13.9,-0.3,0.79,"Enrolled",2
"2","9147","1",1,133.1,"1","9","9",115.8,"0","0","1","0",49,"0",10.8,1.4,1.74,"Dropout",2
"1","9991","0",1,120,"1","6",NA,160,"0","0","1","0",40,"0",15.5,2.8,-4.06,"Graduate",2
"1","9254","1",1,125,"1","3","3",114.5,"0","0","1","1",22,"0",11.1,0.6,2.02,"Graduate",2
"1","9119","1",1,136,"1","5","5",117.5,"0","0","1","0",19,"0",15.5,2.8,-4.06,"Enrolled",NA
"1","9991","0",1,133.1,"1","2",NA,121.7,"0","0","1","0",31,"0",13.9,-0.3,0.79,"Dropout",2
"1","9119","1",1,120,"1","2","2",115,"0","0","1","0",30,"0",15.5,2.8,-4.06,"Dropout",2
"1","9238","1",1,127,"1","5","10",125.3,"0","0","1","0",19,"0",7.6,2.6,0.32,"Graduate",NA
"1","9147","1",1,131,"1",NA,NA,131,"0","0","1","0",22,"0",9.4,-0.8,-3.12,"Dropout",NA
"1","9773","1",1,127,"1","9","9",126.3,"0","0","1","0",19,"0",15.5,2.8,-4.06,"Graduate",NA
"1","171","1",1,132,"1","4","9",127.1,"0","0","1","0",21,"0",7.6,2.6,0.32,"Dropout",NA
"1","9670","1",1,137,"1","4",NA,138.4,"0","0","1","0",19,"0",11.1,0.6,2.02,"Graduate",NA
"1","9147","1",1,126,"1","3","3",100,"1","0","1","0",22,"0",16.2,0.3,-0.92,"Dropout",NA
"1","9238","1",1,136,"1","2","2",126.2,"0","0","1","0",22,"0",10.8,1.4,1.74,"Graduate",NA
"1","9238","1",1,124,"1","4","4",118.8,"0","0","1","0",19,"0",9.4,-0.8,-3.12,"Graduate",2
"1","9254","1",39,137,"1","5","10",124.5,"0","0","1","0",26,"0",16.2,0.3,-0.92,"Dropout",NA
"1","9119","1",39,140,"1","3","2",140,"0","0","1","0",23,"0",12.4,0.5,1.79,"Enrolled",NA
"1","9070","1",1,131,"1",NA,NA,125.1,"0","0","1","0",18,"0",16.2,0.3,-0.92,"Enrolled",2
"1","9147","1",1,130,"1","9","9",118.8,"0","0","1","1",22,"0",15.5,2.8,-4.06,"Enrolled",NA
"1","9119","1",1,136,"1","2","3",125.2,"1","0","1","0",19,"0",12.4,0.5,1.79,"Enrolled",1
"1","9147","1",1,133.1,"1","4",NA,95,"0","0","1","0",20,"0",11.1,0.6,2.02,"Dropout",NA
"1","9070","1",1,110,"1","9","9",107.6,"1","0","1","1",22,"0",7.6,2.6,0.32,"Enrolled",1
"1","9130","1",3,140,"1","2","3",140,"1","0","1","0",18,"0",12.7,3.7,-1.7,"Dropout",NA
"4","9991","0",38,133.1,"1","2","9",125.4,"0","0","1","0",39,"0",10.8,1.4,1.74,"Dropout",NA
"1","9500","1",1,141,"1",NA,NA,128,"0","0","1","0",18,"0",10.8,1.4,1.74,"Dropout",NA
"1","9119","1",1,130,"1","3","3",129.3,"0","0","1","1",18,"0",8.9,1.4,3.51,"Graduate",2
"1","9238","1",1,160,"1","9","9",152,"0","0","1","1",19,"0",13.9,-0.3,0.79,"Graduate",NA
"1","9500","1",1,140,"1","9","9",128.8,"0","0","1","0",18,"0",12.4,0.5,1.79,"Graduate",2
"1","9147","1",1,150,"1",NA,"4",152.8,"1","0","1","1",18,"0",7.6,2.6,0.32,"Dropout",1
"1","9130","1",39,150,"1","6","6",150,"1","0","1","0",22,"0",10.8,1.4,1.74,"Graduate",1
"1","9238","1",1,133.1,"1","3","4",112,"0","0","1","0",19,"0",12.4,0.5,1.79,"Graduate",2
"1","9130","1",1,152,"1","9",NA,135.6,"1","0","1","0",18,"0",12.7,3.7,-1.7,"Dropout",NA
"1","9119","1",19,133.1,"1","4","3",134.4,"0","0","1","0",31,"0",16.2,0.3,-0.92,"Dropout",2
"1","9991","0",1,130,"1","3","3",120.5,"0","0","1","0",28,"0",12.7,3.7,-1.7,"Dropout",NA
"1","9070","1",1,148,"1","4",NA,141.4,"0","0","1","0",19,"0",15.5,2.8,-4.06,"Dropout",2
"1","9254","1",1,148,"1","4",NA,145.2,"0","0","1","0",20,"0",16.2,0.3,-0.92,"Graduate",NA
"4","9238","1",1,130,"1","9","2",140,"0","0","1","0",50,"0",8.9,1.4,3.51,"Dropout",NA
"1","9070","1",1,160,"1","4","2",100,"0","0","1","0",38,"0",13.9,-0.3,0.79,"Enrolled",NA
"2","9991","0",1,130,"1","9","9",140,"1","0","1","0",31,"0",9.4,-0.8,-3.12,"Dropout",NA
"1","9500","1",1,110,"1","9","9",126,"1","0","1","0",27,"0",7.6,2.6,0.32,"Enrolled",NA
"1","9238","1",1,122,"1","9","2",112.6,"1","0","1","0",21,"0",12.7,3.7,-1.7,"Graduate",1
"2","9119","1",1,110,"1","9","9",106.8,"0","0","1","0",34,"0",8.9,1.4,3.51,"Dropout",NA
"1","9119","1",1,129,"1","2","9",121.6,"1","0","1","0",19,"0",7.6,2.6,0.32,"Enrolled",NA
"2","9991","0",1,110,"1","1","4",120,"1","0","1","0",40,"0",9.4,-0.8,-3.12,"Dropout",1
"1","171","1",1,170,"1","9","2",160.6,"1","0","1","1",18,"0",12.7,3.7,-1.7,"Graduate",2
"2","9070","1",12,110,"1","5","10",130,"0","0","1","1",46,"0",15.5,2.8,-4.06,"Dropout",2
"1","8014","0",1,110,"1",NA,NA,110,"0","0","1","0",37,"0",7.6,2.6,0.32,"Dropout",NA
"1","9003","1",1,133.1,"1","9",NA,110,"1","0","1","0",31,"0",16.2,0.3,-0.92,"Dropout",NA
"1","9003","1",1,133.1,"1","4","10",145.8,"0","0","1","0",34,"0",12.4,0.5,1.79,"Graduate",NA
"1","171","1",1,126,"1","4","4",130.2,"1","0","1","1",18,"0",9.4,-0.8,-3.12,"Dropout",2
"1","9670","1",1,137,"1","9","9",122.3,"0","0","1","1",18,"0",12.4,0.5,1.79,"Graduate",NA
"1","9070","1",1,117,"1","3","3",125.4,"1","0","1","1",19,"0",11.1,0.6,2.02,"Graduate",NA
"1","9991","0",1,100,"1","9","4",130,"0","0","1","0",40,"0",15.5,2.8,-4.06,"Dropout",NA
"1","9130","1",1,120,"1","9","9",150,"0","0","1","0",25,"0",12.4,0.5,1.79,"Dropout",NA
"1","9119","1",1,126,"1","5","9",116.9,"1","0","1","0",20,"0",11.1,0.6,2.02,"Dropout",1
"1","9119","1",1,122,"1","9","9",114.7,"0","0","1","0",20,"0",11.1,0.6,2.02,"Enrolled",NA
"1","9003","1",1,111,"1","9","10",95.8,"1","0","1","0",43,"0",15.5,2.8,-4.06,"Dropout",NA
"1","9119","1",1,139,"1","9","4",133.1,"1","0","1","0",18,"0",7.6,2.6,0.32,"Enrolled",NA
"1","9003","1",1,150,"1","4","1",150,"0","0","1","0",35,"0",15.5,2.8,-4.06,"Graduate",NA
"1","9991","0",1,116,"1","9","4",118.5,"0","0","1","0",23,"0",7.6,2.6,0.32,"Graduate",2
"1","9500","1",1,130,"1","2","2",131.1,"0","0","1","0",19,"0",12.4,0.5,1.79,"Graduate",2
"1","9085","1",42,150,"1","3",NA,150.3,"1","0","1","1",21,"0",8.9,1.4,3.51,"Graduate",NA
"1","9670","1",1,132,"1","4",NA,120.5,"0","0","1","0",19,"0",13.9,-0.3,0.79,"Enrolled",NA
"1","9119","1",1,108,"1","4","3",105.6,"1","0","1","0",20,"0",12.4,0.5,1.79,"Graduate",NA
"1","9670","1",1,133.1,"1","3","3",125.3,"0","1","1","1",30,"0",12.4,0.5,1.79,"Dropout",NA
"4","9254","1",1,120,"1","9","9",131,"1","0","1","0",44,"0",12.4,0.5,1.79,"Graduate",NA
"1","9500","1",1,146,"1","4","9",127,"0","0","1","0",19,"0",12.7,3.7,-1.7,"Graduate",NA
"1","9130","1",39,150,"1","3","6",150,"1","0","1","0",22,"0",16.2,0.3,-0.92,"Graduate",NA
"1","9130","1",1,160,"1","1","2",149.2,"0","0","1","0",18,"0",7.6,2.6,0.32,"Graduate",NA
"1","9670","1",1,125,"1","9","9",121.5,"1","0","1","1",21,"0",12.7,3.7,-1.7,"Graduate",NA
"1","9085","1",1,125,"1",NA,NA,137.3,"0","0","1","0",18,"0",7.6,2.6,0.32,"Dropout",NA
"1","9670","1",1,122,"1","2","3",119.6,"1","0","1","0",18,"0",11.1,0.6,2.02,"Graduate",NA
"1","171","1",1,138,"1","4","3",141.5,"0","0","1","0",19,"0",7.6,2.6,0.32,"Graduate",2
"1","9003","1",39,150,"1","6","6",150,"1","0","1","0",21,"0",16.2,0.3,-0.92,"Dropout",2
"1","9003","1",1,140,"1","2","2",110,"0","0","1","0",31,"0",16.2,0.3,-0.92,"Graduate",NA
"1","9254","1",1,113,"1","2","3",110.2,"1","0","1","0",21,"0",9.4,-0.8,-3.12,"Dropout",1
"1","9119","1",1,139,"1","9",NA,110.3,"0","0","1","0",24,"0",8.9,1.4,3.51,"Enrolled",NA
"1","9773","1",1,133.1,"1","4","3",120,"0","0","1","0",27,"0",9.4,-0.8,-3.12,"Dropout",NA
"1","9147","1",1,118,"1","9","9",114.2,"1","0","1","0",20,"0",12.4,0.5,1.79,"Graduate",1
"1","9119","1",39,140,"1","4","5",140,"1","0","1","0",22,"0",10.8,1.4,1.74,"Enrolled",NA
"1","9003","1",1,144,"1","9","9",132.8,"0","0","1","1",19,"0",15.5,2.8,-4.06,"Enrolled",NA
"1","9773","1",1,125,"1","4",NA,121.5,"1","0","1","0",19,"0",8.9,1.4,3.51,"Graduate",1
"1","171","1",1,131,"1",NA,"4",127.2,"1","0","1","0",23,"0",11.1,0.6,2.02,"Enrolled",NA
"1","9130","1",1,131,"1","2",NA,128.2,"1","0","1","0",18,"0",12.4,0.5,1.79,"Graduate",NA
"1","9773","1",1,140,"1","4","6",133.4,"1","0","1","0",29,"0",11.1,0.6,2.02,"Enrolled",1
"1","9130","1",1,133.1,"1","4","5",120,"1","0","1","0",29,"0",10.8,1.4,1.74,"Dropout",NA
"1","9003","1",1,140,"1","4","5",140,"0","0","1","0",20,"0",16.2,0.3,-0.92,"Enrolled",2
"1","171","1",1,139,"1","9","2",136.9,"1","0","1","1",19,"0",9.4,-0.8,-3.12,"Graduate",NA
"1","171","1",1,125,"1","2","5",117,"1","1","1","0",22,"0",10.8,1.4,1.74,"Enrolled",NA
"1","9670","1",1,117,"1","3","5",110.7,"1","0","1","0",20,"0",11.1,0.6,2.02,"Enrolled",NA
"1","9130","1",1,150,"1","9","5",160,"1","0","1","0",24,"0",9.4,-0.8,-3.12,"Enrolled",NA
"1","9670","1",1,95,"1","5",NA,95,"0","0","1","0",21,"0",12.7,3.7,-1.7,"Dropout",NA
"1","9147","1",1,150,"1",NA,"3",148.8,"0","0","1","1",25,"0",12.7,3.7,-1.7,"Graduate",NA
"1","9147","1",1,120,"1","9","9",110,"0","0","1","0",32,"0",9.4,-0.8,-3.12,"Dropout",2
"1","9991","0",1,136,"1","2","2",133.9,"0","0","1","0",26,"0",7.6,2.6,0.32,"Dropout",NA
"1","9130","1",1,133,"1","9",NA,125.7,"1","0","1","1",18,"0",12.4,0.5,1.79,"Graduate",1
"1","9254","1",1,125,"1","4",NA,116.6,"0","0","1","1",19,"0",16.2,0.3,-0.92,"Graduate",NA
"1","9070","1",1,127,"1","5",NA,141,"1","0","1","1",19,"0",12.4,0.5,1.79,"Graduate",NA
"1","9119","1",40,130,"1","4","4",130,"0","0","1","0",27,"0",11.1,0.6,2.02,"Dropout",2
"1","9003","1",1,130,"1","9","9",130,"0","0","1","0",21,"0",8.9,1.4,3.51,"Enrolled",NA
"1","9119","1",1,127,"1","4","5",115.8,"0","0","1","0",20,"0",13.9,-0.3,0.79,"Enrolled",NA
"1","9070","1",39,140,"1","4",NA,140,"1","0","1","0",21,"0",12.4,0.5,1.79,"Graduate",NA
"1","9773","1",1,125,"1","5","2",126.1,"1","0","1","0",22,"0",9.4,-0.8,-3.12,"Enrolled",1
"1","171","1",1,135,"1","5",NA,137.5,"1","0","1","0",19,"0",12.7,3.7,-1.7,"Graduate",NA
"1","9147","1",1,132,"1","5","5",120.8,"1","0","1","1",18,"0",11.1,0.6,2.02,"Dropout",NA
"1","9238","1",1,110,"1","5","5",136.5,"0","0","1","0",28,"0",13.9,-0.3,0.79,"Dropout",NA
"2","9003","1",1,130,"1","9","1",122,"0","0","1","0",25,"0",15.5,2.8,-4.06,"Dropout",NA
"1","9003","1",1,130,"1","5","4",130,"0","0","1","0",25,"0",15.5,2.8,-4.06,"Dropout",NA
"1","9147","1",1,135,"1","9","5",126.3,"0","0","1","0",18,"0",8.9,1.4,3.51,"Enrolled",NA
"1","9254","1",1,133.1,"1","4","5",98,"0","0","1","0",26,"0",10.8,1.4,1.74,"Dropout",NA
"1","9147","1",1,135,"1","6","5",121,"1","0","1","1",18,"0",13.9,-0.3,0.79,"Graduate",NA
"1","9773","1",1,128,"1","9",NA,124.2,"1","0","1","0",22,"0",15.5,2.8,-4.06,"Enrolled",NA
"1","9003","1",1,140,"1","4","5",130,"0","0","1","0",25,"0",16.2,0.3,-0.92,"Dropout",NA
"1","9773","1",1,135,"1","4","4",136.1,"1","0","1","0",19,"0",8.9,1.4,3.51,"Enrolled",NA
"1","9773","1",1,131,"1","2","3",132.8,"1","0","1","0",19,"0",13.9,-0.3,0.79,"Graduate",NA
"1","9500","1",1,131,"1","5","5",126.3,"0","0","1","0",19,"0",16.2,0.3,-0.92,"Graduate",2
"4","8014","0",19,100,"1","9","1",111.5,"0","0","1","0",45,"0",10.8,1.4,1.74,"Dropout",NA
"2","9991","0",1,140,"1","9","9",118.2,"0","0","1","0",52,"0",7.6,2.6,0.32,"Graduate",NA
"1","9147","1",1,124,"1","9","3",115.6,"1","0","1","0",20,"0",9.4,-0.8,-3.12,"Dropout",1
"1","9500","1",1,130,"1","5","10",117.8,"1","0","1","0",19,"0",10.8,1.4,1.74,"Graduate",NA
"1","9500","1",1,142,"1","9","9",127,"0","0","1","0",21,"0",12.4,0.5,1.79,"Dropout",NA
"2","8014","0",1,150,"1","9","9",140,"0","0","1","0",35,"0",9.4,-0.8,-3.12,"Graduate",2
"2","171","1",12,110,"1",NA,NA,106,"1","0","1","0",36,"0",7.6,2.6,0.32,"Graduate",NA
"4","9500","1",19,110,"1","5","5",151,"0","0","1","0",47,"0",15.5,2.8,-4.06,"Dropout",NA
"1","9991","0",1,112,"1","2","2",106.4,"0","0","1","0",22,"0",8.9,1.4,3.51,"Dropout",NA
"2","9991","0",1,100,"1","9","9",125.3,"1","0","1","0",41,"0",7.6,2.6,0.32,"Dropout",NA
"1","9119","1",3,130,"1",NA,NA,130,"0","0","1","0",26,"0",10.8,1.4,1.74,"Dropout",NA
"2","8014","0",1,133.1,"1",NA,NA,116,"0","0","0","0",51,"0",10.8,1.4,1.74,"Dropout",NA
"2","9991","0",1,150,"1","9","9",120,"0","0","0","0",43,"0",9.4,-0.8,-3.12,"Enrolled",2
"2","8014","0",1,100,"1",NA,NA,100,"1","0","0","0",41,"0",7.6,2.6,0.32,"Graduate",NA
"1","9147","1",1,130,"1","9","9",118.5,"1","0","1","0",23,"0",7.6,2.6,0.32,"Graduate",1
"1","9238","1",1,129,"1",NA,"5",118.9,"1","0","1","0",22,"0",9.4,-0.8,-3.12,"Dropout",NA
"1","9070","1",1,127,"1","9","9",119.3,"1","1","1","1",25,"0",12.7,3.7,-1.7,"Dropout",NA
"1","9991","0",1,140,"1","9","9",135.8,"1","0","1","0",25,"0",9.4,-0.8,-3.12,"Graduate",NA
"1","171","1",42,130,"1","9","9",130,"1","0","1","1",22,"0",8.9,1.4,3.51,"Graduate",NA
"1","9003","1",1,133.1,"6",NA,NA,129.8,"0","0","1","0",24,"1",8.9,1.4,3.51,"Enrolled",NA
"1","9085","1",2,140,"1","9","10",150,"0","0","1","0",47,"0",16.2,0.3,-0.92,"Dropout",2
"2","9991","0",19,133.1,"1","5","5",111.9,"1","0","1","0",41,"0",7.6,2.6,0.32,"Dropout",1
"1","9003","1",1,120,"1","9","9",150.1,"1","0","1","0",43,"0",13.9,-0.3,0.79,"Graduate",2
"1","9003","1",1,133.1,"1","9",NA,130,"0","0","1","0",29,"0",16.2,0.3,-0.92,"Dropout",NA
"1","9119","1",1,120,"1","5","5",128,"0","0","1","0",30,"0",7.6,2.6,0.32,"Dropout",NA
"1","9147","1",38,133.1,"1","9","9",102.5,"0","0","1","0",26,"0",12.7,3.7,-1.7,"Dropout",NA
"1","9991","0",1,133.1,"1","9","9",102.5,"0","0","1","0",27,"0",15.5,2.8,-4.06,"Dropout",NA
"2","9670","1",1,100,"1","9","9",110,"0","0","1","1",36,"0",9.4,-0.8,-3.12,"Graduate",NA
"1","9003","1",19,133.1,"1","4","10",114,"0","0","1","0",29,"0",15.5,2.8,-4.06,"Dropout",NA
"1","9119","1",1,120,"1",NA,NA,128.2,"1","0","1","0",35,"0",9.4,-0.8,-3.12,"Dropout",NA
"1","9773","1",1,128,"1","6","3",116.5,"0","0","1","1",18,"0",10.8,1.4,1.74,"Graduate",NA
"1","9991","0",1,172,"1","9","9",149.3,"0","0","1","1",24,"0",8.9,1.4,3.51,"Graduate",2
"1","9773","1",1,146,"1","9",NA,134.1,"1","0","1","1",18,"0",10.8,1.4,1.74,"Dropout",1
"1","9119","1",1,135,"1","5",NA,126.6,"1","0","1","0",18,"0",7.6,2.6,0.32,"Enrolled",NA
"2","9085","1",1,160,"1","9",NA,120,"0","0","1","0",21,"0",9.4,-0.8,-3.12,"Enrolled",NA
"1","9119","1",1,150,"1","5",NA,133.5,"1","0","1","0",21,"0",9.4,-0.8,-3.12,"Graduate",NA
"1","9003","1",1,130,"1","2","6",110,"0","0","1","0",32,"0",15.5,2.8,-4.06,"Graduate",2
"1","9119","1",1,111,"1","9","5",107.5,"1","0","1","1",22,"0",11.1,0.6,2.02,"Dropout",1
"1","9003","1",3,130,"1","9",NA,130,"1","0","1","0",32,"0",15.5,2.8,-4.06,"Dropout",NA
"1","9670","1",6,170,"1",NA,NA,111.6,"0","0","1","0",35,"0",9.4,-0.8,-3.12,"Dropout",NA
"1","9147","1",1,133.1,"1","4",NA,101,"1","0","1","0",23,"0",8.9,1.4,3.51,"Dropout",NA
"1","8014","0",1,100,"1","6","6",108.3,"0","0","1","0",39,"0",7.6,2.6,0.32,"Enrolled",NA
"2","9670","1",1,120,"1",NA,NA,128.2,"0","0","1","0",35,"0",9.4,-0.8,-3.12,"Dropout",NA
"2","9003","1",3,110,"1","4","6",150,"0","0","1","0",32,"0",16.2,0.3,-0.92,"Graduate",2
"1","9853","1",1,133.1,"1",NA,NA,142.8,"0","0","1","0",20,"0",7.6,2.6,0.32,"Dropout",NA
"1","9500","1",1,120,"1","9","9",100,"0","0","1","0",34,"0",16.2,0.3,-0.92,"Enrolled",2
"1","9991","0",40,150,"1","6","6",150,"1","0","1","0",44,"0",8.9,1.4,3.51,"Dropout",NA
"2","9254","1",19,133.1,"1","9","10",156.5,"0","0","1","0",53,"0",16.2,0.3,-0.92,"Graduate",NA
"1","9119","1",19,120,"1","9","4",98.6,"0","0","1","0",28,"0",12.4,0.5,1.79,"Dropout",2
"1","9991","0",3,130,"1","9","9",130,"0","0","1","0",31,"0",12.7,3.7,-1.7,"Dropout",2
"1","171","1",1,130,"1","5","9",118.1,"0","0","1","0",18,"0",9.4,-0.8,-3.12,"Enrolled",2
"1","9003","1",1,100,"1","9","10",120,"0","0","1","0",44,"0",15.5,2.8,-4.06,"Dropout",NA
"1","9085","1",1,142,"1","9","9",127.7,"1","0","1","0",19,"0",12.7,3.7,-1.7,"Graduate",2
"1","171","1",1,130,"26","2","9",130,"0","0","1","0",21,"1",8.9,1.4,3.51,"Enrolled",NA
"1","9119","1",1,148,"1","3","5",147.7,"0","0","1","1",18,"0",9.4,-0.8,-3.12,"Dropout",2
"1","9003","1",39,170,"1","5","5",170,"1","0","1","0",20,"0",16.2,0.3,-0.92,"Graduate",NA
"1","9070","1",1,110,"1",NA,NA,110.2,"0","0","1","0",55,"0",11.1,0.6,2.02,"Graduate",NA
"1","9147","1",1,166,"1","4",NA,146.4,"0","0","1","0",27,"0",7.6,2.6,0.32,"Enrolled",NA
"1","9119","1",1,135,"1","5","5",121,"0","0","1","0",19,"0",12.4,0.5,1.79,"Dropout",NA
"1","9147","1",1,133,"1","9","9",129.9,"0","0","1","0",18,"0",12.4,0.5,1.79,"Graduate",NA
"2","9773","1",1,133.1,"1",NA,"4",132,"0","0","1","0",43,"0",15.5,2.8,-4.06,"Dropout",2
"1","9254","1",1,121,"1","9","6",125.9,"1","0","1","0",18,"0",13.9,-0.3,0.79,"Dropout",NA
"1","171","1",1,159,"1","2","2",165.7,"1","0","1","0",18,"0",9.4,-0.8,-3.12,"Dropout",1
"1","9254","1",1,130,"1","9","9",122.7,"1","0","1","1",20,"0",8.9,1.4,3.51,"Dropout",NA
"2","9991","0",1,121,"1","9","9",141.4,"0","0","1","0",29,"0",10.8,1.4,1.74,"Dropout",NA
"1","9130","1",19,133.1,"1","9","10",156.4,"1","0","1","0",44,"0",13.9,-0.3,0.79,"Dropout",NA
"1","9119","1",1,146,"1","9","9",148.5,"1","0","1","0",18,"0",10.8,1.4,1.74,"Enrolled",NA
"1","9003","1",39,140,"1","9","1",140,"0","0","1","1",20,"0",15.5,2.8,-4.06,"Enrolled",NA
"1","9070","1",1,125,"1",NA,NA,131.7,"1","0","1","0",20,"0",12.4,0.5,1.79,"Dropout",NA
"2","9147","1",1,120,"1","9","9",104.7,"1","0","1","0",36,"0",10.8,1.4,1.74,"Dropout",1
"1","9130","1",39,150,"1","2","5",150,"1","0","1","0",19,"0",13.9,-0.3,0.79,"Enrolled",NA
"2","9085","1",19,110,"1",NA,NA,110,"0","0","1","0",29,"0",12.7,3.7,-1.7,"Dropout",NA
"1","9670","1",1,120,"1","9","9",129.1,"1","0","1","0",18,"0",10.8,1.4,1.74,"Dropout",1
"1","9003","1",1,133.1,"1","1","6",120,"0","0","1","0",24,"0",13.9,-0.3,0.79,"Dropout",2
"1","9773","1",1,133.1,"1","2","5",127,"0","0","1","0",20,"0",15.5,2.8,-4.06,"Graduate",NA
"2","8014","0",19,133.1,"1","9","9",151.5,"0","0","1","0",45,"0",16.2,0.3,-0.92,"Dropout",NA
"1","9500","1",1,130,"1","4","4",126.8,"1","0","1","1",28,"0",7.6,2.6,0.32,"Graduate",NA
"1","9254","1",1,160,"1","9","9",140.8,"1","0","1","0",23,"0",7.6,2.6,0.32,"Enrolled",1
"1","9500","1",1,128,"1","4",NA,125.6,"1","0","1","0",18,"0",12.4,0.5,1.79,"Graduate",NA
"1","9147","1",1,140,"1","9","4",127.8,"1","0","1","0",23,"0",9.4,-0.8,-3.12,"Dropout",NA
"1","171","1",1,120,"1","2","2",120,"1","0","1","0",22,"0",7.6,2.6,0.32,"Enrolled",NA
"1","9070","1",1,140,"1","5","5",131.3,"0","0","1","1",22,"0",12.4,0.5,1.79,"Graduate",2
"1","9991","0",12,120,"1","5","5",155.7,"0","0","1","0",33,"0",10.8,1.4,1.74,"Graduate",NA
"1","9003","1",42,130,"1","9","6",128.5,"0","0","1","0",21,"0",8.9,1.4,3.51,"Graduate",NA
"2","9147","1",1,100,"1","9","5",170,"0","0","1","0",45,"0",15.5,2.8,-4.06,"Graduate",NA
"2","9003","1",1,133.1,"1","9","9",100,"0","0","1","0",44,"0",15.5,2.8,-4.06,"Dropout",NA
"4","9670","1",1,110,"1",NA,NA,107.2,"0","0","1","0",42,"0",12.7,3.7,-1.7,"Dropout",NA
"1","9147","1",1,147,"1","9",NA,139.3,"1","0","1","0",20,"0",12.4,0.5,1.79,"Dropout",NA
"1","9147","1",1,133,"1","5","6",123.2,"1","0","1","0",20,"0",9.4,-0.8,-3.12,"Enrolled",2
"1","9254","1",1,137,"1","2",NA,122.3,"1","0","1","1",20,"0",8.9,1.4,3.51,"Graduate",NA
"1","9773","1",1,124,"1","4","4",127.9,"1","0","1","0",20,"0",9.4,-0.8,-3.12,"Enrolled",NA
"1","9147","1",1,128,"1","9","6",120.3,"0","0","1","0",19,"0",8.9,1.4,3.51,"Enrolled",2
"1","8014","0",1,120,"1","4","4",128.5,"0","0","1","0",26,"0",12.4,0.5,1.79,"Dropout",NA
"2","9003","1",1,133.1,"1",NA,NA,150,"0","0","1","0",31,"0",13.9,-0.3,0.79,"Graduate",2
"1","9773","1",1,142,"1","9","9",136.1,"0","0","1","1",19,"0",16.2,0.3,-0.92,"Graduate",2
"1","9773","1",19,100,"1",NA,NA,128,"1","0","1","0",28,"0",7.6,2.6,0.32,"Graduate",NA
"1","171","1",1,149,"1","9","9",158.1,"1","0","1","1",20,"0",10.8,1.4,1.74,"Graduate",NA
"2","8014","0",1,110,"1","9","10",108.7,"1","0","0","0",43,"0",9.4,-0.8,-3.12,"Graduate",NA
"1","171","1",19,133.1,"101","2",NA,110,"0","0","1","1",25,"1",15.5,2.8,-4.06,"Dropout",NA
"1","9238","1",19,133.1,"1","9","9",120,"0","1","0","0",40,"0",16.2,0.3,-0.92,"Dropout",NA
"1","9085","1",39,150,"6","1","1",150,"0","0","0","0",20,"1",12.4,0.5,1.79,"Graduate",NA
"2","8014","0",12,133.1,"1","9","1",113,"0","0","0","0",46,"0",11.1,0.6,2.02,"Graduate",NA
"1","33","1",1,121,"1","5",NA,118.6,"0","0","0","0",26,"0",8.9,1.4,3.51,"Graduate",1
"2","9500","1",1,133.1,"1","5","5",148.8,"0","0","0","1",34,"0",12.4,0.5,1.79,"Graduate",1
"1","9853","1",1,122,"1","9","5",120.3,"1","0","0","0",19,"0",10.8,1.4,1.74,"Dropout",NA
"1","9500","1",1,143,"1","9","9",127,"1","0","0","1",18,"0",12.7,3.7,-1.7,"Graduate",NA
"1","9556","1",1,123,"1","4","9",113.8,"1","0","0","0",18,"0",12.7,3.7,-1.7,"Graduate",1
"1","8014","0",1,120,"1","9",NA,108,"0","0","1","1",37,"0",13.9,-0.3,0.79,"Graduate",2
"1","171","1",1,114,"1","9",NA,129.1,"0","0","1","1",23,"0",9.4,-0.8,-3.12,"Graduate",NA
"1","9070","1",1,114,"1","9",NA,135.9,"0","0","1","0",26,"0",15.5,2.8,-4.06,"Graduate",NA
"1","9773","1",1,154.4,"22","3","5",154.4,"1","0","0","0",18,"1",10.8,1.4,1.74,"Dropout",1
"1","9500","1",1,190,"108",NA,"4",190,"1","0","0","0",18,"1",12.4,0.5,1.79,"Enrolled",NA
"1","9500","1",1,136,"1","2","2",132.5,"1","0","0","0",19,"0",11.1,0.6,2.02,"Graduate",1
"1","9085","1",1,163.3,"22","4","9",163.3,"0","0","0","0",18,"1",12.4,0.5,1.79,"Graduate",NA
"1","9670","1",1,126,"1","4","3",122.5,"1","0","0","0",19,"0",8.9,1.4,3.51,"Dropout",NA
"1","9119","1",1,122,"62",NA,NA,121,"1","0","1","0",20,"1",8.9,1.4,3.51,"Enrolled",1
"1","9070","1",1,137,"1","1","5",131.8,"0","0","0","1",22,"0",9.4,-0.8,-3.12,"Graduate",NA
"1","9500","1",1,139,"1","9","5",135,"1","0","0","1",18,"0",12.7,3.7,-1.7,"Graduate",1
"1","9254","1",1,142,"1","5","4",141.7,"0","0","0","1",18,"0",13.9,-0.3,0.79,"Graduate",NA
"1","9773","1",1,133.1,"1","5","5",131.3,"1","0","0","1",18,"0",8.9,1.4,3.51,"Graduate",NA
"1","9254","1",1,126,"1","5",NA,123.9,"1","0","0","1",18,"0",12.4,0.5,1.79,"Graduate",1
"1","9254","1",1,131,"1",NA,"4",126.1,"1","0","0","0",18,"0",8.9,1.4,3.51,"Graduate",1
"1","9500","1",1,131,"1",NA,NA,126.5,"1","0","0","1",19,"0",11.1,0.6,2.02,"Graduate",NA
"1","9853","1",1,108,"1","5","5",107.3,"0","0","0","0",20,"0",15.5,2.8,-4.06,"Dropout",NA
"1","9238","1",1,133.1,"1","9","5",95,"1","0","0","1",19,"0",15.5,2.8,-4.06,"Dropout",NA
"1","9085","1",1,122,"1","4",NA,116.1,"1","0","0","0",18,"0",15.5,2.8,-4.06,"Graduate",NA
"1","9070","1",1,143,"1","9",NA,134.6,"1","0","0","1",18,"0",12.4,0.5,1.79,"Dropout",1
"1","9500","1",1,135,"1",NA,NA,128,"1","0","0","1",18,"0",11.1,0.6,2.02,"Graduate",1
"1","9773","1",1,148,"1","2","6",144.2,"1","0","0","0",18,"0",12.4,0.5,1.79,"Graduate",NA
"1","9147","1",1,134,"1","4",NA,129.5,"0","0","0","1",18,"0",10.8,1.4,1.74,"Graduate",NA
"1","9773","1",1,122,"1","4",NA,116.8,"1","0","0","0",18,"0",16.2,0.3,-0.92,"Graduate",NA
"1","9003","1",39,160,"1","9","6",160,"0","0","0","1",20,"0",16.2,0.3,-0.92,"Graduate",2
"1","9238","1",1,126,"1","3","5",127.1,"1","0","0","1",19,"0",9.4,-0.8,-3.12,"Graduate",NA
"1","9130","1",1,138,"1","2","6",126.3,"1","0","0","1",18,"0",8.9,1.4,3.51,"Enrolled",NA
"1","9238","1",1,115,"1",NA,NA,112.9,"1","0","0","1",19,"0",12.4,0.5,1.79,"Graduate",NA
"1","9853","1",1,141,"1","1","5",130.2,"1","0","0","0",19,"0",12.7,3.7,-1.7,"Enrolled",1
"1","9130","1",1,100,"41","3","2",100,"0","0","0","0",19,"1",9.4,-0.8,-3.12,"Enrolled",NA
"1","9670","1",1,130,"1",NA,NA,121.6,"0","0","0","0",19,"0",12.4,0.5,1.79,"Graduate",1
"1","9670","1",1,130,"26","2",NA,130,"0","1","0","0",20,"1",8.9,1.4,3.51,"Graduate",NA
"1","9130","1",1,135,"1","9","5",121.7,"1","0","0","1",18,"0",10.8,1.4,1.74,"Graduate",1
"1","9147","1",3,120,"1","4",NA,120,"0","0","0","0",33,"0",12.4,0.5,1.79,"Dropout",NA
"1","9853","1",1,148,"1","4","5",143.5,"0","0","0","1",19,"0",13.9,-0.3,0.79,"Dropout",NA
"1","9556","1",1,136,"1","9","9",128.3,"0","0","0","1",18,"0",15.5,2.8,-4.06,"Graduate",NA
"1","9070","1",1,108,"1","4","3",111.9,"0","0","0","0",19,"0",8.9,1.4,3.51,"Dropout",NA
"1","9003","1",39,140,"1","6","3",140,"0","0","0","0",19,"0",15.5,2.8,-4.06,"Enrolled",NA
"1","9773","1",1,153,"1","2",NA,137.6,"1","0","0","0",18,"0",12.4,0.5,1.79,"Graduate",1
"1","9238","1",1,135,"1","9","5",135,"1","0","0","0",20,"0",10.8,1.4,1.74,"Graduate",NA
"1","9500","1",1,146,"1",NA,NA,133.8,"1","0","0","0",19,"0",9.4,-0.8,-3.12,"Graduate",NA
"1","9773","1",1,130,"1","9","9",126.9,"1","0","1","1",18,"0",9.4,-0.8,-3.12,"Graduate",NA
"1","9254","1",1,113,"1","5","3",106.7,"1","0","1","1",19,"0",13.9,-0.3,0.79,"Dropout",2
"1","8014","0",1,145.7,"22","9","9",145.7,"1","0","0","0",25,"1",13.9,-0.3,0.79,"Graduate",NA
"1","9070","1",1,145,"1","4","4",153.1,"1","0","0","1",20,"0",12.7,3.7,-1.7,"Enrolled",NA
"1","8014","0",1,126,"1","5","5",118.7,"0","0","0","0",19,"0",12.7,3.7,-1.7,"Graduate",2
"1","9991","0",1,160,"1",NA,NA,161.8,"1","0","1","0",33,"0",7.6,2.6,0.32,"Dropout",NA
"1","9119","1",1,134,"1",NA,NA,124.9,"1","0","1","0",18,"0",8.9,1.4,3.51,"Enrolled",NA
"1","9119","1",1,163,"1","5",NA,150.8,"1","0","1","0",18,"0",7.6,2.6,0.32,"Enrolled",1
"1","9147","1",1,130,"26","2","3",130,"0","0","0","0",19,"1",11.1,0.6,2.02,"Graduate",NA
"1","171","1",1,165,"1","2","2",163.6,"1","0","0","0",18,"0",12.4,0.5,1.79,"Enrolled",1
"1","9147","1",1,142,"1",NA,NA,115,"0","0","0","0",19,"0",13.9,-0.3,0.79,"Enrolled",NA
"1","9773","1",1,156,"1","5","10",136.8,"1","0","0","0",18,"0",11.1,0.6,2.02,"Dropout",NA
"1","9853","1",1,141,"1","2",NA,130.9,"1","0","0","0",18,"0",7.6,2.6,0.32,"Graduate",NA
"1","9500","1",1,143,"1",NA,NA,127,"1","0","0","0",18,"0",9.4,-0.8,-3.12,"Graduate",NA
"2","9500","1",19,133.1,"1","2","10",120,"0","0","0","0",37,"0",16.2,0.3,-0.92,"Dropout",NA
"1","9238","1",1,133,"1","2","4",126,"0","0","0","0",20,"0",9.4,-0.8,-3.12,"Enrolled",2
"1","9254","1",1,172,"41","5","5",153.8,"1","0","0","1",20,"1",10.8,1.4,1.74,"Graduate",NA
"1","9238","1",1,140,"26","9","6",140,"0","0","1","0",21,"1",11.1,0.6,2.02,"Graduate",NA
"1","9500","1",1,142,"1","5","4",136.6,"0","0","0","1",18,"0",12.4,0.5,1.79,"Graduate",1
"1","8014","0",1,140,"1","9",NA,105,"0","0","0","0",26,"0",15.5,2.8,-4.06,"Enrolled",NA
"1","9147","1",12,133.1,"1","9",NA,139.4,"0","0","0","0",41,"0",7.6,2.6,0.32,"Enrolled",NA
"1","9773","1",1,148,"1","3","9",140,"1","0","0","1",18,"0",16.2,0.3,-0.92,"Graduate",1
"1","9500","1",1,137,"1","9",NA,130.8,"0","0","0","0",18,"0",9.4,-0.8,-3.12,"Graduate",NA
"1","9500","1",1,143,"1","9","9",138.8,"1","0","0","0",31,"0",11.1,0.6,2.02,"Graduate",1
"1","9238","1",1,133.1,"1","4","10",110,"0","0","0","0",23,"0",12.7,3.7,-1.7,"Graduate",NA
"1","9500","1",1,138,"1","9","9",127.8,"1","0","0","0",19,"0",7.6,2.6,0.32,"Graduate",NA
"1","9773","1",1,138,"1","4","9",134.2,"1","0","0","1",20,"0",11.1,0.6,2.02,"Graduate",NA
"2","8014","0",1,150,"1",NA,"5",143,"0","0","0","0",40,"0",12.7,3.7,-1.7,"Graduate",NA
"1","9085","1",39,120,"1","9","9",120,"1","0","0","0",32,"0",16.2,0.3,-0.92,"Dropout",NA
"1","9254","1",1,110,"1","9",NA,113.2,"1","0","0","0",24,"0",10.8,1.4,1.74,"Dropout",NA
"1","9500","1",1,146,"1","5",NA,135.8,"1","0","0","0",18,"0",7.6,2.6,0.32,"Graduate",1
"1","9238","1",1,148,"1","9","9",143.5,"0","0","0","0",18,"0",10.8,1.4,1.74,"Graduate",1
"1","9238","1",1,145,"1","4",NA,148.9,"1","0","0","1",18,"0",10.8,1.4,1.74,"Graduate",NA
"1","9003","1",1,133.1,"1","4",NA,115.6,"1","0","0","0",27,"0",15.5,2.8,-4.06,"Dropout",NA
"1","9147","1",1,160,"1","9","5",159.3,"0","0","0","0",18,"0",7.6,2.6,0.32,"Graduate",1
"1","9991","0",1,150,"1","9",NA,138.5,"0","0","0","0",26,"0",12.7,3.7,-1.7,"Enrolled",NA
"1","9853","1",1,130,"1","9","4",133.2,"1","0","0","0",19,"0",7.6,2.6,0.32,"Graduate",1
"1","8014","0",1,120,"1",NA,NA,117.6,"1","0","0","0",19,"0",7.6,2.6,0.32,"Graduate",NA
"1","9147","1",1,115,"1","5","5",108.7,"1","0","0","0",21,"0",9.4,-0.8,-3.12,"Enrolled",NA
"1","9147","1",1,133.1,"1","4","6",106,"1","0","0","0",24,"0",12.7,3.7,-1.7,"Enrolled",NA
"1","9853","1",1,120,"1","9","10",122.6,"0","0","0","0",20,"0",12.7,3.7,-1.7,"Dropout",1
"1","9853","1",1,134,"1","5","9",127.4,"1","0","0","0",18,"0",10.8,1.4,1.74,"Enrolled",NA
"1","9003","1",1,133.1,"1","9","9",100,"0","0","0","0",30,"0",11.1,0.6,2.02,"Dropout",NA
"1","9853","1",1,133.1,"1","9","9",95,"1","0","0","0",22,"0",11.1,0.6,2.02,"Enrolled",1
"1","9147","1",3,130,"1","9",NA,130,"0","0","0","0",21,"0",10.8,1.4,1.74,"Graduate",1
"1","9556","1",1,120,"1","4","5",122.8,"0","0","0","0",26,"0",13.9,-0.3,0.79,"Dropout",NA
"1","9147","1",1,115,"1",NA,NA,115,"1","0","0","0",23,"0",9.4,-0.8,-3.12,"Enrolled",1
"1","9070","1",1,135,"1","5","9",145.9,"0","0","0","1",18,"0",16.2,0.3,-0.92,"Graduate",2
"1","9070","1",1,133.1,"1","5","9",143,"1","0","0","0",21,"0",12.7,3.7,-1.7,"Dropout",NA
"1","171","1",1,145,"1","9","9",100,"0","0","0","1",18,"0",13.9,-0.3,0.79,"Dropout",NA
"1","9085","1",1,130,"1","5","5",121.3,"1","0","0","0",21,"0",9.4,-0.8,-3.12,"Enrolled",1
"1","9853","1",1,118,"1",NA,NA,121.2,"1","0","0","0",18,"0",7.6,2.6,0.32,"Enrolled",NA
"1","9853","1",1,138,"1","5","9",125.1,"1","1","0","1",19,"0",12.7,3.7,-1.7,"Dropout",NA
"1","9254","1",1,122,"1","4","9",112.9,"1","0","0","0",22,"0",7.6,2.6,0.32,"Enrolled",NA
"1","9238","1",1,126,"1","5",NA,120.8,"1","0","0","0",19,"0",12.4,0.5,1.79,"Graduate",NA
"1","9085","1",1,121,"1","9",NA,114,"1","0","0","0",19,"0",9.4,-0.8,-3.12,"Dropout",NA
"1","9238","1",1,152,"1",NA,"5",132.1,"1","0","0","0",19,"0",9.4,-0.8,-3.12,"Dropout",1
"2","9085","1",39,160,"1",NA,NA,160,"0","0","0","0",27,"0",9.4,-0.8,-3.12,"Graduate",NA
"1","9085","1",1,134,"1","5","5",134,"1","0","0","0",22,"0",12.7,3.7,-1.7,"Graduate",NA
"1","9773","1",1,128,"1","9",NA,124.2,"1","0","0","0",18,"0",15.5,2.8,-4.06,"Dropout",1
"1","9254","1",1,125,"1","5","5",115.6,"1","0","0","0",20,"0",9.4,-0.8,-3.12,"Graduate",NA
"2","9991","0",1,130,"1","9","9",128.2,"0","0","0","0",34,"0",9.4,-0.8,-3.12,"Dropout",NA
"1","9500","1",1,138,"1","5",NA,132.8,"1","0","0","0",18,"0",13.9,-0.3,0.79,"Graduate",NA
"1","9773","1",1,121,"1","5","5",123.1,"1","0","1","0",20,"0",9.4,-0.8,-3.12,"Graduate",NA
"1","9130","1",1,134,"41","5","5",125.6,"1","0","0","0",20,"1",12.7,3.7,-1.7,"Graduate",1
"1","9991","0",1,130,"1","4","9",115,"0","0","1","0",25,"0",16.2,0.3,-0.92,"Dropout",NA
"1","9119","1",1,126,"1","2","9",123.6,"1","0","1","0",18,"0",8.9,1.4,3.51,"Dropout",NA
"1","9130","1",1,148,"1","9","9",141.7,"0","0","1","0",18,"0",8.9,1.4,3.51,"Dropout",NA
"1","9853","1",1,160,"1","5",NA,139,"1","0","0","1",18,"0",9.4,-0.8,-3.12,"Dropout",NA
"1","9254","1",1,118,"1","5","4",118,"0","0","0","1",19,"0",12.4,0.5,1.79,"Graduate",NA
"1","9853","1",1,150,"1","5","5",142,"1","0","0","1",19,"0",10.8,1.4,1.74,"Dropout",NA
"1","9238","1",1,140,"1","5","5",143.4,"0","0","0","1",21,"0",13.9,-0.3,0.79,"Graduate",2
"1","9070","1",1,100,"1","2","2",115.9,"0","0","0","0",29,"0",9.4,-0.8,-3.12,"Enrolled",NA
"1","9070","1",1,110,"1","9","9",105.1,"1","0","0","1",20,"0",12.4,0.5,1.79,"Graduate",NA
"1","8014","0",42,140,"1",NA,NA,138,"1","0","0","1",21,"0",8.9,1.4,3.51,"Graduate",NA
"1","9991","0",1,133.1,"41","9",NA,114.7,"0","0","0","0",34,"1",10.8,1.4,1.74,"Dropout",1
"1","9773","1",1,140,"22","3","9",130.5,"1","0","0","0",20,"1",12.7,3.7,-1.7,"Graduate",NA
"1","9991","0",1,110,"1","9","9",134.3,"0","0","1","0",24,"0",10.8,1.4,1.74,"Dropout",2
"1","9500","1",1,148,"1","4","3",137.5,"0","0","1","0",18,"0",16.2,0.3,-0.92,"Graduate",2
"1","9500","1",1,137,"1","4","4",125.3,"0","0","1","0",19,"0",7.6,2.6,0.32,"Enrolled",NA
"1","9147","1",1,120,"1",NA,NA,111.3,"0","0","1","1",18,"0",15.5,2.8,-4.06,"Enrolled",2
"1","9991","0",1,120,"1","9","5",144.8,"0","0","1","0",28,"0",10.8,1.4,1.74,"Enrolled",NA
"1","9991","0",1,130,"1","9",NA,152.1,"0","0","1","0",28,"0",11.1,0.6,2.02,"Dropout",NA
"1","9254","1",1,132,"1",NA,"5",126.1,"0","0","1","0",20,"0",7.6,2.6,0.32,"Dropout",2
"1","9500","1",1,130,"1",NA,"4",136,"1","0","1","0",22,"0",9.4,-0.8,-3.12,"Graduate",NA
"1","9500","1",1,128,"1","4","4",124.3,"1","0","1","0",19,"0",10.8,1.4,1.74,"Graduate",NA
"1","9670","1",1,132,"1",NA,"5",129.9,"1","0","1","0",20,"0",12.4,0.5,1.79,"Enrolled",1
"1","9556","1",1,133.1,"1","2","4",136.1,"0","0","1","0",26,"0",12.4,0.5,1.79,"Dropout",2
"1","9254","1",1,120,"1","9","9",115.1,"1","0","1","0",21,"0",9.4,-0.8,-3.12,"Dropout",NA
"1","171","1",1,145,"1","2","2",143.6,"1","0","1","0",18,"0",12.4,0.5,1.79,"Graduate",NA
"1","9147","1",1,127,"1","9",NA,115.8,"1","0","1","0",18,"0",11.1,0.6,2.02,"Graduate",1
"1","171","1",1,135,"1","4",NA,149,"1","0","1","0",22,"0",11.1,0.6,2.02,"Graduate",1
"2","9119","1",19,133.1,"1","9","9",100,"0","0","1","0",36,"0",16.2,0.3,-0.92,"Dropout",2
"1","9773","1",1,125,"1","9","9",133.4,"1","0","1","1",20,"0",13.9,-0.3,0.79,"Graduate",2
"1","9670","1",1,127,"1","2","2",122.8,"0","0","1","0",20,"0",10.8,1.4,1.74,"Dropout",1
"1","9991","0",1,133.1,"1","5","4",151.2,"0","0","1","0",25,"0",12.4,0.5,1.79,"Dropout",NA
"1","9003","1",1,150,"1","6","4",137,"0","0","1","0",35,"0",15.5,2.8,-4.06,"Graduate",NA
"1","171","1",1,133.1,"1",NA,NA,118,"0","0","1","0",22,"0",11.1,0.6,2.02,"Dropout",NA
"1","9070","1",1,150,"1","3",NA,126.4,"0","0","1","0",26,"0",12.4,0.5,1.79,"Enrolled",2
"1","9003","1",39,130,"1","9","5",130,"0","0","1","0",20,"0",16.2,0.3,-0.92,"Dropout",NA
"1","8014","0",12,133.1,"1","9","10",112.5,"0","0","1","0",50,"0",16.2,0.3,-0.92,"Dropout",NA
"1","9500","1",1,125,"1","9",NA,118.3,"0","0","1","0",20,"0",10.8,1.4,1.74,"Dropout",2
"1","9500","1",1,127,"1","2",NA,121.4,"0","0","1","0",20,"0",12.4,0.5,1.79,"Enrolled",NA
"1","9003","1",3,140,"1","2","10",140,"0","0","1","0",35,"0",15.5,2.8,-4.06,"Dropout",NA
"1","9670","1",1,110,"1","4","5",109,"0","0","1","1",19,"0",15.5,2.8,-4.06,"Graduate",NA
"2","9147","1",1,133.1,"1","5",NA,110,"0","0","1","0",43,"0",9.4,-0.8,-3.12,"Dropout",NA
"1","9500","1",1,124,"1","2","1",119.8,"0","0","1","0",19,"0",10.8,1.4,1.74,"Graduate",1
"1","9500","1",1,114,"1","9","9",130,"0","0","1","0",25,"0",12.7,3.7,-1.7,"Graduate",2
"1","171","1",1,155,"1","5","10",167.3,"1","0","1","0",19,"0",13.9,-0.3,0.79,"Graduate",NA
"1","9853","1",1,114,"1","9","9",111.9,"1","0","1","1",20,"0",7.6,2.6,0.32,"Enrolled",1
"1","171","1",1,133.1,"1","5","5",136,"1","0","1","0",22,"0",12.7,3.7,-1.7,"Dropout",NA
"1","9254","1",1,125,"1","3","3",124,"0","0","1","1",19,"0",11.1,0.6,2.02,"Dropout",NA
"2","9991","0",1,120,"1","3","9",132.9,"0","0","1","0",32,"0",13.9,-0.3,0.79,"Dropout",NA
"2","9773","1",38,100,"1","9",NA,154,"1","0","1","0",57,"0",9.4,-0.8,-3.12,"Graduate",NA
"1","9500","1",1,133.1,"1","3","5",115,"0","0","1","0",20,"0",16.2,0.3,-0.92,"Dropout",NA
"1","9991","0",1,120,"1","5","5",96,"1","0","1","0",38,"0",8.9,1.4,3.51,"Dropout",NA
"2","9991","0",1,120,"1","9","3",168.2,"0","0","1","0",45,"0",12.4,0.5,1.79,"Graduate",NA
"2","9773","1",1,110,"1","9","10",140,"0","0","1","0",43,"0",10.8,1.4,1.74,"Dropout",NA
"1","9070","1",1,144,"1","9","9",137.4,"1","0","1","0",19,"0",10.8,1.4,1.74,"Graduate",1
"2","9991","0",19,133.1,"1","4","4",150,"0","0","1","0",49,"0",15.5,2.8,-4.06,"Dropout",NA
"2","9500","1",19,133.1,"1","9",NA,100.5,"1","0","1","0",43,"0",10.8,1.4,1.74,"Enrolled",1
"1","8014","0",1,133.1,"1","9","9",148.5,"0","0","1","0",34,"0",11.1,0.6,2.02,"Dropout",2
"1","9119","1",1,138,"1","5","5",123.3,"1","0","1","0",18,"0",12.4,0.5,1.79,"Enrolled",NA
"2","9991","0",1,120,"1","1","4",138.7,"0","0","1","0",43,"0",10.8,1.4,1.74,"Graduate",NA
"1","9254","1",1,120,"1","9",NA,117.2,"0","0","1","0",21,"0",15.5,2.8,-4.06,"Dropout",NA
"2","9991","0",1,160,"1",NA,NA,114.3,"0","0","1","0",40,"0",7.6,2.6,0.32,"Enrolled",NA
"1","9670","1",1,134,"1","5","5",125.3,"1","0","1","1",19,"0",10.8,1.4,1.74,"Graduate",NA
"1","9254","1",1,133.1,"1","1","1",97,"0","0","1","0",27,"0",10.8,1.4,1.74,"Enrolled",1
"2","9556","1",1,110,"1","9","6",140,"0","0","1","0",43,"0",16.2,0.3,-0.92,"Dropout",NA
"1","9991","0",1,130,"1","9","9",124,"0","0","1","0",31,"0",9.4,-0.8,-3.12,"Graduate",NA
"1","9003","1",39,140,"1",NA,NA,140,"1","0","1","0",26,"0",8.9,1.4,3.51,"Enrolled",1
"1","9991","0",1,150,"1",NA,NA,127,"0","0","1","0",34,"0",8.9,1.4,3.51,"Graduate",NA
"4","9500","1",19,100,"1",NA,NA,110,"0","0","1","0",30,"0",7.6,2.6,0.32,"Graduate",NA
"2","9500","1",19,133.1,"1",NA,NA,170,"0","0","1","0",36,"0",16.2,0.3,-0.92,"Dropout",NA
"1","9991","0",3,120,"1","6",NA,120,"0","0","1","0",46,"0",11.1,0.6,2.02,"Dropout",2
"1","9085","1",1,133.1,"1","5","9",130,"0","0","1","0",22,"0",7.6,2.6,0.32,"Graduate",NA
"1","9003","1",3,130,"1","5","9",130,"0","0","1","0",27,"0",16.2,0.3,-0.92,"Dropout",NA
"1","9119","1",1,126,"1",NA,NA,122.5,"1","0","1","0",20,"0",8.9,1.4,3.51,"Enrolled",NA
"1","9147","1",1,130,"1","9",NA,115.7,"0","0","1","0",20,"0",8.9,1.4,3.51,"Enrolled",2
"1","9119","1",1,140,"1",NA,NA,120,"0","0","1","0",31,"0",12.7,3.7,-1.7,"Dropout",NA
"1","9119","1",1,140,"1","9","9",166,"1","0","1","0",20,"0",9.4,-0.8,-3.12,"Enrolled",NA
"1","9773","1",1,145,"1",NA,NA,132.8,"1","0","1","0",21,"0",10.8,1.4,1.74,"Dropout",NA
"1","9147","1",1,133.1,"1","9",NA,100,"0","0","1","0",21,"0",16.2,0.3,-0.92,"Dropout",NA
"1","9147","1",1,127,"1","9","10",121.8,"0","0","1","0",19,"0",16.2,0.3,-0.92,"Graduate",NA
"1","9147","1",1,114,"1","4","4",109.5,"1","0","1","1",20,"0",8.9,1.4,3.51,"Graduate",1
"1","9003","1",1,140,"1","9","4",138.3,"0","0","1","0",18,"0",12.4,0.5,1.79,"Graduate",NA
"1","9773","1",1,140,"1","4","3",131.6,"0","0","1","1",18,"0",16.2,0.3,-0.92,"Graduate",NA
"1","9500","1",1,120,"1",NA,NA,125.3,"0","0","1","0",30,"0",12.4,0.5,1.79,"Enrolled",NA
"1","9254","1",19,133.1,"1","3","1",101.5,"0","0","1","0",34,"0",15.5,2.8,-4.06,"Dropout",NA
"1","9670","1",1,115,"1",NA,NA,109.1,"0","0","1","0",21,"0",11.1,0.6,2.02,"Enrolled",2
"1","9070","1",39,123.9,"1","9",NA,123.9,"0","0","1","0",20,"0",16.2,0.3,-0.92,"Dropout",NA
"1","9500","1",1,157,"1","9","9",143,"0","0","1","0",18,"0",12.7,3.7,-1.7,"Graduate",NA
"1","171","1",1,127,"1","4","3",126.3,"1","0","1","0",21,"0",16.2,0.3,-0.92,"Dropout",2
"2","9003","1",1,120,"1","2","2",113.3,"0","0","1","0",26,"0",12.4,0.5,1.79,"Dropout",NA
"1","9119","1",1,130,"1",NA,"3",119.9,"1","0","1","0",20,"0",9.4,-0.8,-3.12,"Dropout",NA
"1","9003","1",39,140,"1","1","9",140,"0","0","1","0",25,"0",15.5,2.8,-4.06,"Dropout",NA
"1","9670","1",1,109,"1","4","4",108,"0","0","1","0",19,"0",7.6,2.6,0.32,"Enrolled",2
"1","9147","1",1,143,"1","4","1",100,"1","0","1","0",24,"0",9.4,-0.8,-3.12,"Dropout",1
"1","9130","1",1,125,"1","2","2",132.4,"0","0","1","0",20,"0",7.6,2.6,0.32,"Graduate",NA
"1","9147","1",1,136,"1","9","5",137.1,"0","0","1","0",20,"0",12.7,3.7,-1.7,"Dropout",2
"1","9070","1",1,157,"1","9","6",138.1,"1","0","0","0",18,"0",10.8,1.4,1.74,"Graduate",NA
"4","9556","1",1,160,"1","9","2",130,"0","0","0","0",25,"0",12.7,3.7,-1.7,"Enrolled",2
"1","9254","1",1,116,"1","9","6",109.7,"1","0","0","0",22,"0",11.1,0.6,2.02,"Graduate",NA
"1","8014","0",1,113,"1",NA,"6",128.2,"0","0","0","0",41,"0",9.4,-0.8,-3.12,"Dropout",NA
"1","9147","1",1,130,"1",NA,"9",117.8,"0","0","0","1",19,"0",12.7,3.7,-1.7,"Dropout",NA
"1","9130","1",1,150,"1","3","4",150,"1","0","0","0",21,"0",13.9,-0.3,0.79,"Graduate",NA
"1","9085","1",1,110,"1","5","5",160,"1","0","0","0",30,"0",13.9,-0.3,0.79,"Dropout",NA
"1","9500","1",1,101,"1","9","9",104.5,"1","0","0","1",21,"0",11.1,0.6,2.02,"Graduate",NA
"2","9556","1",1,110,"1","9","9",112.8,"0","0","0","1",26,"0",10.8,1.4,1.74,"Enrolled",NA
"1","9670","1",1,133.1,"41","9","4",100,"0","0","0","0",21,"1",11.1,0.6,2.02,"Graduate",NA
"1","9500","1",1,138,"1","3","4",132.5,"1","0","0","0",18,"0",10.8,1.4,1.74,"Graduate",NA
"1","9085","1",1,138,"1","1","4",123.3,"1","0","0","1",19,"0",12.4,0.5,1.79,"Graduate",NA
"1","9085","1",1,141,"1","9",NA,128.9,"1","0","0","1",18,"0",8.9,1.4,3.51,"Graduate",1
"1","9147","1",1,129,"1","2","2",128.3,"1","0","0","0",19,"0",12.7,3.7,-1.7,"Enrolled",NA
"1","9085","1",1,127,"1","2","5",100,"0","0","0","0",21,"0",13.9,-0.3,0.79,"Enrolled",2
"1","9147","1",1,133,"1","9","3",120.1,"1","0","0","1",18,"0",13.9,-0.3,0.79,"Dropout",NA
"1","9500","1",1,100,"1",NA,NA,160,"1","0","0","1",24,"0",10.8,1.4,1.74,"Graduate",1
"1","9130","1",1,138,"1","2","2",123,"1","0","0","0",21,"0",12.7,3.7,-1.7,"Enrolled",NA
"1","9085","1",39,150,"1","9","9",150,"1","0","0","0",23,"0",16.2,0.3,-0.92,"Graduate",NA
"1","9500","1",1,129,"1","5",NA,124,"1","0","0","1",18,"0",10.8,1.4,1.74,"Graduate",NA
"1","9085","1",1,130,"1","2","9",120,"0","0","0","0",26,"0",11.1,0.6,2.02,"Enrolled",1
"1","9130","1",1,133,"1","5",NA,120.4,"1","0","0","0",20,"0",9.4,-0.8,-3.12,"Graduate",NA
"1","9238","1",1,133,"1","5","5",131.6,"0","0","0","0",18,"0",11.1,0.6,2.02,"Graduate",NA
"1","9238","1",1,107,"1","3","10",104.2,"1","0","0","0",20,"0",11.1,0.6,2.02,"Graduate",1
"1","9500","1",1,131,"1","4","4",122,"1","0","0","0",20,"0",12.7,3.7,-1.7,"Enrolled",NA
"1","9238","1",1,118,"1","4","10",110.7,"1","1","0","0",18,"0",12.7,3.7,-1.7,"Enrolled",1
"1","9773","1",1,136,"1","9","10",121.7,"1","0","0","1",22,"0",12.4,0.5,1.79,"Graduate",NA
"1","9500","1",1,125,"1","9","9",126,"1","0","0","0",20,"0",7.6,2.6,0.32,"Graduate",NA
"1","9500","1",1,137,"1","9","9",128.4,"1","0","0","1",19,"0",13.9,-0.3,0.79,"Graduate",NA
"1","9130","1",1,144,"1","2","4",134.9,"1","0","0","0",18,"0",15.5,2.8,-4.06,"Dropout",1
"1","9147","1",1,146,"1","6","6",143.9,"0","0","0","0",18,"0",13.9,-0.3,0.79,"Graduate",NA
"1","9085","1",1,145,"1","9","9",145,"1","0","0","1",19,"0",10.8,1.4,1.74,"Graduate",1
"1","9070","1",1,126,"1","9","9",132,"1","0","0","1",19,"0",10.8,1.4,1.74,"Graduate",NA
"1","8014","0",1,141,"1",NA,NA,136.1,"0","0","0","0",24,"0",7.6,2.6,0.32,"Graduate",NA
"1","9238","1",1,141,"1","4","4",138.9,"0","0","0","0",21,"0",10.8,1.4,1.74,"Graduate",NA
"1","9238","1",1,133.1,"1","3","3",102,"1","0","0","1",20,"0",11.1,0.6,2.02,"Graduate",1
"1","9254","1",1,133.1,"1","4",NA,123,"0","0","0","1",28,"0",13.9,-0.3,0.79,"Dropout",NA
"1","9853","1",1,127,"1","9",NA,137.5,"1","0","0","0",21,"0",7.6,2.6,0.32,"Graduate",NA
"1","9500","1",1,106,"1",NA,NA,102.2,"1","0","1","0",20,"0",11.1,0.6,2.02,"Enrolled",1
"1","9003","1",1,130,"1","2","6",105.3,"0","0","1","0",36,"0",16.2,0.3,-0.92,"Dropout",2
"2","9991","0",1,110,"1","9","9",130,"0","0","1","0",42,"0",12.7,3.7,-1.7,"Dropout",NA
"2","9991","0",1,150,"1","9",NA,122.5,"0","0","1","0",47,"0",7.6,2.6,0.32,"Dropout",NA
"1","9119","1",1,160,"1","4",NA,112,"0","0","1","0",25,"0",9.4,-0.8,-3.12,"Dropout",2
"1","9670","1",12,170,"1","3","5",110,"0","0","1","1",25,"0",15.5,2.8,-4.06,"Graduate",NA
"2","8014","0",19,133.1,"1","6",NA,149.5,"0","0","1","0",48,"0",12.4,0.5,1.79,"Dropout",2
"1","9991","0",1,120,"1","9",NA,141,"0","0","1","1",32,"0",10.8,1.4,1.74,"Graduate",NA
"1","9991","0",40,130,"1","9",NA,130,"0","0","1","0",38,"0",8.9,1.4,3.51,"Dropout",NA
"1","9238","1",40,130,"1","5","5",130,"0","0","1","0",37,"0",15.5,2.8,-4.06,"Graduate",2
"1","9147","1",1,120,"1","9","9",104,"0","0","1","0",26,"0",10.8,1.4,1.74,"Dropout",2
"1","9085","1",39,110,"1","2","2",110,"0","0","1","0",23,"0",13.9,-0.3,0.79,"Dropout",2
"1","9003","1",39,120,"1","3","5",120,"0","0","1","0",23,"0",15.5,2.8,-4.06,"Enrolled",NA
"1","9003","1",39,130,"1","9","6",130,"0","0","1","0",20,"0",12.4,0.5,1.79,"Enrolled",2
"1","9500","1",4,150,"1","3",NA,127,"1","0","1","0",26,"0",11.1,0.6,2.02,"Dropout",1
"1","8014","0",1,120,"1","9","5",100,"0","0","0","0",45,"0",12.7,3.7,-1.7,"Enrolled",2
"1","8014","0",19,100,"1","5","5",111,"1","0","0","1",26,"0",7.6,2.6,0.32,"Enrolled",NA
"1","8014","0",3,133.1,"1",NA,NA,130,"0","0","0","0",26,"0",7.6,2.6,0.32,"Graduate",NA
"1","9991","0",1,130,"1","9","9",130.1,"0","0","0","0",25,"0",10.8,1.4,1.74,"Enrolled",1
"1","9500","1",1,145,"1","4","4",127.5,"1","0","0","0",18,"0",9.4,-0.8,-3.12,"Graduate",NA
"1","9500","1",3,130,"1",NA,NA,130,"1","0","0","0",27,"0",12.7,3.7,-1.7,"Graduate",NA
"6","8014","0",1,115,"1","5",NA,115,"0","0","0","0",24,"0",10.8,1.4,1.74,"Dropout",1
"1","9147","1",1,124,"1","6","10",126.8,"1","0","0","0",20,"0",15.5,2.8,-4.06,"Graduate",NA
"1","9500","1",1,124,"1","9",NA,116.7,"1","0","0","1",18,"0",15.5,2.8,-4.06,"Dropout",NA
"1","9556","1",1,134,"1",NA,NA,128.5,"1","0","0","1",18,"0",12.7,3.7,-1.7,"Graduate",NA
"1","9500","1",1,137,"1","9","9",127.5,"1","0","0","0",18,"0",9.4,-0.8,-3.12,"Graduate",NA
"1","9500","1",1,124,"1","3",NA,117.5,"1","0","1","0",19,"0",9.4,-0.8,-3.12,"Enrolled",NA
"1","9500","1",1,136,"1","4","4",148.8,"1","0","0","1",19,"0",9.4,-0.8,-3.12,"Graduate",NA
"1","9500","1",1,126,"1","5","10",120.2,"0","0","0","1",19,"0",12.4,0.5,1.79,"Enrolled",NA
"1","9500","1",1,142,"1","9","5",127.3,"1","0","0","0",18,"0",10.8,1.4,1.74,"Graduate",1
"1","171","1",1,141,"1","9","9",136.1,"1","0","0","1",18,"0",12.7,3.7,-1.7,"Enrolled",1
"1","9670","1",1,129,"1","5","5",122.4,"1","0","0","0",19,"0",12.7,3.7,-1.7,"Enrolled",NA
"1","9003","1",3,130,"1","4","9",130,"1","0","0","0",23,"0",15.5,2.8,-4.06,"Graduate",NA
"1","9238","1",1,136,"1","4",NA,121.7,"1","0","0","1",21,"0",13.9,-0.3,0.79,"Graduate",NA
"1","9500","1",1,137,"1","5",NA,122.7,"1","0","0","1",18,"0",16.2,0.3,-0.92,"Graduate",NA
"1","9853","1",1,125,"1","9","9",129.2,"1","0","0","0",20,"0",10.8,1.4,1.74,"Dropout",NA
"1","9773","1",1,119,"1","5","5",105,"1","0","0","0",23,"0",16.2,0.3,-0.92,"Enrolled",NA
"1","9238","1",1,132,"1","9",NA,129.9,"1","0","0","0",20,"0",10.8,1.4,1.74,"Enrolled",NA
"1","9070","1",1,152,"1","5",NA,136.3,"0","0","0","1",18,"0",13.9,-0.3,0.79,"Graduate",NA
"1","8014","0",1,125,"1","9",NA,114.9,"0","0","0","0",29,"0",9.4,-0.8,-3.12,"Graduate",NA
"1","9773","1",9,133.1,"1","5","4",102,"1","0","1","0",28,"0",7.6,2.6,0.32,"Dropout",NA
"1","9670","1",1,120,"1",NA,NA,111.3,"1","0","1","0",19,"0",9.4,-0.8,-3.12,"Enrolled",1
"1","9670","1",1,148,"1",NA,NA,130.9,"0","0","1","0",24,"0",10.8,1.4,1.74,"Dropout",2
"1","171","1",1,133.1,"1","9",NA,100,"0","0","1","1",33,"0",15.5,2.8,-4.06,"Dropout",NA
"1","9147","1",1,115,"1","5",NA,112.9,"1","0","1","0",19,"0",9.4,-0.8,-3.12,"Dropout",NA
"1","9085","1",1,120,"1","9","3",112.7,"0","0","1","0",19,"0",11.1,0.6,2.02,"Graduate",2
"4","8014","0",1,133.1,"1",NA,NA,143,"0","0","1","0",37,"0",12.7,3.7,-1.7,"Graduate",NA
"1","171","1",1,168,"1","9",NA,155.1,"1","0","1","1",18,"0",12.7,3.7,-1.7,"Graduate",2
"4","9991","0",1,130,"1","9","9",127.6,"0","0","1","0",29,"0",7.6,2.6,0.32,"Enrolled",2
"2","9500","1",38,133.1,"1","9","3",146.6,"0","0","1","0",37,"0",13.9,-0.3,0.79,"Graduate",NA
"1","9500","1",1,137,"1","9","9",141,"0","0","1","0",36,"0",12.4,0.5,1.79,"Dropout",NA
"1","9670","1",1,123,"1",NA,NA,120.6,"1","0","1","0",19,"0",8.9,1.4,3.51,"Graduate",1
"1","9500","1",1,150,"1","9","3",110,"1","0","1","1",33,"0",9.4,-0.8,-3.12,"Graduate",NA
"1","9119","1",1,120,"1","5",NA,108.6,"0","0","1","0",34,"0",15.5,2.8,-4.06,"Dropout",NA
"1","9254","1",1,145,"1","3",NA,134.9,"1","0","0","0",18,"0",12.4,0.5,1.79,"Graduate",1
"1","9130","1",39,120,"1","2","4",120,"1","0","0","0",20,"0",12.4,0.5,1.79,"Dropout",NA
"1","9773","1",1,142,"1","4",NA,141.3,"0","0","0","1",19,"0",13.9,-0.3,0.79,"Graduate",NA
"1","9085","1",1,147,"1","9","1",135.6,"1","0","0","0",20,"0",13.9,-0.3,0.79,"Graduate",1
"1","9238","1",1,125,"1","9","9",121.5,"1","0","0","1",19,"0",12.4,0.5,1.79,"Graduate",NA
"1","9500","1",1,126,"1","9","9",125,"1","0","0","0",19,"0",12.4,0.5,1.79,"Graduate",NA
"1","9773","1",1,132,"24","9",NA,119.1,"1","0","0","1",22,"1",9.4,-0.8,-3.12,"Graduate",NA
"1","9670","1",1,122,"1","5",NA,126.6,"1","0","0","0",18,"0",11.1,0.6,2.02,"Enrolled",NA
"1","9773","1",1,123,"1","9","9",116.7,"0","0","0","1",18,"0",12.4,0.5,1.79,"Graduate",NA
"1","9500","1",1,126,"1",NA,NA,120.1,"1","0","0","0",19,"0",12.4,0.5,1.79,"Enrolled",NA
"1","9853","1",1,128,"1","9","9",124.9,"0","0","0","1",19,"0",12.7,3.7,-1.7,"Graduate",NA
"1","9500","1",1,100,"1","1",NA,114,"1","0","0","0",31,"0",7.6,2.6,0.32,"Dropout",1
"1","9500","1",1,140,"1","4","3",131.1,"1","0","0","0",18,"0",11.1,0.6,2.02,"Graduate",NA
"1","9238","1",1,145,"1","9","9",129.3,"0","0","0","1",19,"0",10.8,1.4,1.74,"Graduate",1
"1","171","1",1,143,"1","2","10",129.7,"1","0","0","0",18,"0",13.9,-0.3,0.79,"Graduate",NA
"1","9238","1",1,132,"1","9","5",120.8,"0","0","0","1",19,"0",15.5,2.8,-4.06,"Graduate",NA
"1","9500","1",1,130,"1","9","6",135,"0","0","0","0",19,"0",7.6,2.6,0.32,"Graduate",NA
"1","9147","1",1,129,"1","9",NA,117.8,"0","0","0","1",19,"0",10.8,1.4,1.74,"Enrolled",NA
"2","8014","0",3,124.4,"1",NA,NA,130,"0","0","0","0",30,"0",7.6,2.6,0.32,"Graduate",NA
"1","9773","1",1,127,"1","5","5",117.6,"1","0","0","0",18,"0",16.2,0.3,-0.92,"Enrolled",NA
"1","9500","1",1,144,"1","3","6",130.8,"1","0","0","0",18,"0",12.7,3.7,-1.7,"Graduate",NA
"1","9085","1",1,121,"1","2","3",111.9,"1","0","0","0",21,"0",12.7,3.7,-1.7,"Dropout",1
"1","9238","1",1,150,"1","4","9",145.9,"0","0","0","1",19,"0",13.9,-0.3,0.79,"Graduate",2
"1","9670","1",1,115,"1","4","4",109.1,"1","0","0","1",19,"0",12.4,0.5,1.79,"Enrolled",1
"1","9500","1",1,125,"1","4",NA,120.3,"1","0","0","0",19,"0",13.9,-0.3,0.79,"Enrolled",NA
"1","9130","1",1,117,"1","4","4",113.5,"1","0","0","0",19,"0",8.9,1.4,3.51,"Dropout",1
"1","9670","1",1,121,"1","4",NA,135.4,"1","0","0","1",19,"0",8.9,1.4,3.51,"Graduate",1
"2","9991","0",1,140,"1","9","6",130.2,"0","0","0","1",39,"0",16.2,0.3,-0.92,"Graduate",NA
"1","9070","1",1,129,"1","2","2",136.4,"1","0","0","0",18,"0",7.6,2.6,0.32,"Enrolled",1
"1","171","1",1,130,"1","9","9",126.9,"1","0","0","0",20,"0",12.7,3.7,-1.7,"Dropout",1
"1","9147","1",1,131,"1","3","10",119.8,"1","0","0","0",19,"0",8.9,1.4,3.51,"Graduate",NA
"1","9147","1",1,137,"1","4",NA,124.4,"1","0","0","0",18,"0",11.1,0.6,2.02,"Enrolled",NA
"2","9003","1",1,150,"1","2","2",120,"0","0","0","0",34,"0",11.1,0.6,2.02,"Enrolled",1
"1","9670","1",1,117,"1","9","9",111.8,"0","0","0","0",22,"0",7.6,2.6,0.32,"Enrolled",1
"1","9085","1",1,133.1,"1",NA,NA,130,"1","0","0","0",24,"0",13.9,-0.3,0.79,"Graduate",NA
"2","9147","1",1,130,"1",NA,"10",138,"0","0","0","0",34,"0",7.6,2.6,0.32,"Graduate",1
"2","9991","0",1,110,"1",NA,NA,114.6,"1","0","0","0",46,"0",7.6,2.6,0.32,"Dropout",1
"2","9147","1",1,140,"1","9",NA,108,"0","0","0","0",50,"0",9.4,-0.8,-3.12,"Enrolled",NA
"1","9991","0",1,140,"1","9","5",140,"0","0","0","0",37,"0",15.5,2.8,-4.06,"Dropout",NA
"1","9085","1",1,148,"1","4","9",134.7,"1","0","0","0",18,"0",8.9,1.4,3.51,"Graduate",1
"1","9085","1",1,130,"1","6","6",110,"0","0","0","1",25,"0",11.1,0.6,2.02,"Enrolled",1
"2","9003","1",1,140,"1","9","6",104.8,"0","0","0","0",46,"0",15.5,2.8,-4.06,"Graduate",NA
"2","9070","1",1,160,"1","2","5",126.5,"0","0","0","1",30,"0",13.9,-0.3,0.79,"Graduate",NA
"4","9991","0",1,130,"1","9","9",118.1,"0","0","0","0",37,"0",12.7,3.7,-1.7,"Dropout",NA
"2","9991","0",1,120,"1","9","9",119.9,"0","0","0","0",50,"0",12.7,3.7,-1.7,"Enrolled",NA
"1","9003","1",39,160,"1","9","6",160,"1","0","0","0",20,"0",12.4,0.5,1.79,"Graduate",1
"2","9556","1",12,133.1,"1",NA,NA,100.5,"0","0","0","0",39,"0",11.1,0.6,2.02,"Dropout",NA
"2","9773","1",19,133.1,"1","9","6",110,"0","0","0","0",53,"0",15.5,2.8,-4.06,"Dropout",NA
"2","9147","1",1,100,"1","9","9",100,"1","0","0","0",54,"0",15.5,2.8,-4.06,"Dropout",NA
"1","9085","1",39,140,"1","4","2",140,"1","0","0","0",19,"0",13.9,-0.3,0.79,"Graduate",NA
"1","9773","1",1,109,"1","4","4",109,"1","0","0","0",20,"0",8.9,1.4,3.51,"Dropout",NA
"1","9773","1",1,130,"1","4","5",120.9,"1","0","0","0",18,"0",8.9,1.4,3.51,"Graduate",NA
"1","9003","1",42,130,"1",NA,NA,125.8,"0","0","0","0",21,"0",8.9,1.4,3.51,"Graduate",NA
"1","9070","1",1,164,"1","5","3",161.2,"1","0","0","0",18,"0",13.9,-0.3,0.79,"Graduate",NA
"1","9500","1",1,125,"1","9","10",122,"1","0","0","0",19,"0",11.1,0.6,2.02,"Dropout",1
"1","9500","1",1,137,"1","9","9",127.9,"1","0","0","1",18,"0",11.1,0.6,2.02,"Dropout",NA
"1","9773","1",1,133,"1","3","3",135.8,"1","0","0","0",19,"0",11.1,0.6,2.02,"Graduate",NA
"1","171","1",1,163,"1","4","3",149.7,"1","0","0","1",18,"0",13.9,-0.3,0.79,"Dropout",NA
"1","9670","1",1,160,"1","4","4",137.3,"1","0","0","0",19,"0",12.7,3.7,-1.7,"Graduate",NA
"4","8014","0",12,133.1,"1",NA,NA,106,"1","0","0","0",48,"0",7.6,2.6,0.32,"Enrolled",NA
"4","9238","1",1,120,"1","9","9",110,"0","0","0","0",34,"0",13.9,-0.3,0.79,"Graduate",NA
"1","9085","1",1,140,"1","2","2",146.4,"0","0","0","0",18,"0",7.6,2.6,0.32,"Graduate",1
"2","8014","0",1,140,"1","9","9",121,"0","0","0","0",50,"0",10.8,1.4,1.74,"Graduate",NA
"1","9853","1",1,140,"1","6","6",125.2,"0","0","0","0",41,"0",12.4,0.5,1.79,"Graduate",NA
"1","9773","1",1,115,"1","5","5",119.6,"1","0","0","1",22,"0",7.6,2.6,0.32,"Dropout",1
"4","9147","1",1,140,"1","9","9",142.8,"0","0","0","0",43,"0",7.6,2.6,0.32,"Graduate",1
"2","8014","0",19,133.1,"1",NA,NA,123.5,"0","0","0","0",50,"0",10.8,1.4,1.74,"Dropout",1
"1","9003","1",19,133.1,"1","9","9",100,"0","0","0","0",60,"0",13.9,-0.3,0.79,"Graduate",NA
"2","9147","1",1,110,"1","9","10",140,"0","0","0","0",41,"0",9.4,-0.8,-3.12,"Enrolled",2
"2","9991","0",19,133.1,"1","9","9",150.3,"0","0","0","0",47,"0",7.6,2.6,0.32,"Graduate",NA
"1","171","1",3,116,"1","2","2",128.2,"0","0","0","0",22,"0",11.1,0.6,2.02,"Graduate",1
"2","9500","1",1,110,"1","9","6",114.3,"0","0","0","0",41,"0",10.8,1.4,1.74,"Dropout",NA
"2","9991","0",1,140,"1","5","6",117.3,"0","0","0","0",28,"0",7.6,2.6,0.32,"Enrolled",NA
"5","9254","1",2,120,"1","4","9",120,"0","0","0","0",32,"0",10.8,1.4,1.74,"Graduate",NA
"2","9991","0",12,133.1,"1",NA,NA,110.7,"1","0","0","0",50,"0",7.6,2.6,0.32,"Dropout",1
"1","9147","1",1,160,"1","9","10",118,"0","0","0","0",53,"0",8.9,1.4,3.51,"Enrolled",1
"1","9556","1",1,133.1,"6","4","4",169.2,"0","0","0","0",54,"1",12.4,0.5,1.79,"Dropout",NA
"1","8014","0",1,120,"1","9",NA,106.8,"0","0","0","0",49,"0",13.9,-0.3,0.79,"Enrolled",NA
"2","9853","1",1,133.1,"1","4",NA,100,"0","0","0","0",34,"0",12.7,3.7,-1.7,"Dropout",2
"4","8014","0",1,133.1,"1","5",NA,144.5,"0","0","0","0",45,"0",16.2,0.3,-0.92,"Dropout",NA
"4","8014","0",19,133.1,"1","9",NA,134.5,"0","0","0","1",47,"0",12.4,0.5,1.79,"Graduate",1
"1","9238","1",1,122,"1","5","5",114.3,"1","0","0","0",22,"0",9.4,-0.8,-3.12,"Enrolled",1
"2","9991","0",1,133.1,"1","9","9",113.4,"0","0","0","0",33,"0",12.4,0.5,1.79,"Dropout",NA
"2","8014","0",1,140,"1","9","9",128,"0","0","0","1",43,"0",8.9,1.4,3.51,"Graduate",NA
"1","9003","1",3,120,"1","6","6",120,"0","0","0","0",54,"0",15.5,2.8,-4.06,"Graduate",NA
"1","8014","0",2,130,"1","5",NA,147.5,"0","0","0","0",39,"0",12.7,3.7,-1.7,"Graduate",NA
"2","9991","0",1,120,"1","9","9",120.7,"0","0","0","0",39,"0",7.6,2.6,0.32,"Graduate",1
"1","9853","1",1,153,"1","9","9",153.7,"0","0","0","1",18,"0",15.5,2.8,-4.06,"Graduate",2
"1","9238","1",1,131,"1","9",NA,121.9,"0","0","0","1",19,"0",16.2,0.3,-0.92,"Graduate",NA
"1","9670","1",1,126,"1","9","6",119.4,"1","0","0","1",18,"0",8.9,1.4,3.51,"Graduate",1
"2","8014","0",12,110,"1",NA,NA,157.8,"0","0","0","0",44,"0",7.6,2.6,0.32,"Graduate",NA
"1","9991","0",1,150,"1","3","9",154,"0","0","0","0",27,"0",12.4,0.5,1.79,"Dropout",NA
"1","9670","1",1,131,"1","4",NA,135.9,"1","0","0","1",18,"0",8.9,1.4,3.51,"Graduate",NA
"2","8014","0",1,130,"1",NA,NA,130,"0","0","0","0",45,"0",9.4,-0.8,-3.12,"Dropout",2
"1","9853","1",1,122,"1","9","9",118.9,"1","0","0","0",20,"0",7.6,2.6,0.32,"Graduate",NA
"2","8014","0",1,151,"1","9","9",152.4,"0","0","0","0",40,"0",10.8,1.4,1.74,"Graduate",1
"1","9991","0",1,120,"1","6","6",147.8,"0","0","0","0",40,"0",13.9,-0.3,0.79,"Enrolled",NA
"1","9500","1",1,136,"1","2","2",100,"0","0","0","0",18,"0",13.9,-0.3,0.79,"Graduate",NA
"1","9500","1",1,140,"1","3",NA,129,"1","0","0","0",21,"0",12.7,3.7,-1.7,"Graduate",NA
"1","171","1",1,131,"1","3","3",148.9,"1","0","0","0",20,"0",9.4,-0.8,-3.12,"Graduate",NA
"2","9991","0",2,120,"1","9",NA,120,"0","0","0","0",36,"0",9.4,-0.8,-3.12,"Enrolled",NA
"2","8014","0",3,170,"1","4","4",170,"0","0","0","0",27,"0",9.4,-0.8,-3.12,"Dropout",NA
"2","9556","1",1,100,"6","9","9",130,"0","0","0","0",32,"1",12.7,3.7,-1.7,"Graduate",NA
"1","9238","1",1,116,"1","3","3",119.2,"1","0","0","1",18,"0",8.9,1.4,3.51,"Graduate",NA
"1","8014","0",1,133.1,"1","9",NA,129,"0","0","0","0",37,"0",16.2,0.3,-0.92,"Dropout",2
"1","9773","1",1,136,"1","2","3",132.5,"1","0","0","0",19,"0",10.8,1.4,1.74,"Graduate",1
"4","8014","0",1,160,"1",NA,"5",115,"0","0","0","1",41,"0",10.8,1.4,1.74,"Graduate",1
"2","9500","1",1,140,"1","4","9",128,"0","0","0","1",18,"0",7.6,2.6,0.32,"Graduate",NA
"1","9085","1",1,130,"1",NA,NA,125.1,"0","0","0","0",21,"0",7.6,2.6,0.32,"Graduate",NA
"1","9003","1",1,140,"1","3","9",140,"1","0","0","0",23,"0",12.4,0.5,1.79,"Dropout",1
"1","9773","1",1,123,"1","3","3",120.9,"1","0","0","0",18,"0",13.9,-0.3,0.79,"Dropout",NA
"1","9500","1",1,143,"1","4","4",135.3,"1","0","0","0",18,"0",9.4,-0.8,-3.12,"Graduate",NA
"1","9085","1",1,133.1,"1",NA,NA,125.2,"0","0","0","0",21,"0",7.6,2.6,0.32,"Dropout",NA
"1","9238","1",1,136,"1",NA,NA,135.7,"1","0","0","0",19,"0",7.6,2.6,0.32,"Graduate",NA
"6","9147","1",1,133.1,"1","9","9",110,"0","0","0","0",47,"0",9.4,-0.8,-3.12,"Dropout",NA
"6","8014","0",1,133.1,"1","9","9",119,"0","0","0","1",48,"0",10.8,1.4,1.74,"Enrolled",NA
"2","8014","0",3,110,"1","9","9",110,"0","0","0","0",39,"0",16.2,0.3,-0.92,"Graduate",NA
"1","9500","1",1,118,"1",NA,NA,115.2,"1","0","0","0",19,"0",11.1,0.6,2.02,"Graduate",NA
"1","9991","0",2,110,"1","9","9",112.9,"0","0","0","0",38,"0",9.4,-0.8,-3.12,"Dropout",NA
"5","9003","1",19,133.1,"1","9","9",119.4,"0","0","0","0",27,"0",8.9,1.4,3.51,"Dropout",NA
"1","171","1",1,162,"1","4",NA,152.9,"1","0","0","1",18,"0",12.4,0.5,1.79,"Graduate",NA
"1","8014","0",1,155,"1","4","5",117.5,"0","0","0","0",34,"0",12.7,3.7,-1.7,"Enrolled",NA
"2","9238","1",19,133.1,"1","4","4",98.5,"0","0","0","0",48,"0",15.5,2.8,-4.06,"Dropout",NA
"1","9670","1",1,150,"1",NA,NA,108,"0","0","0","0",25,"0",7.6,2.6,0.32,"Dropout",1
"2","9500","1",1,133.1,"1","6","6",120,"0","0","0","1",32,"0",12.7,3.7,-1.7,"Graduate",NA
"1","9773","1",1,154,"1","9",NA,150.2,"0","0","0","1",18,"0",16.2,0.3,-0.92,"Graduate",NA
"1","8014","0",39,140,"1","4","6",139.2,"0","0","0","0",20,"0",12.4,0.5,1.79,"Graduate",NA
"1","9147","1",1,158,"1","9",NA,130,"1","0","0","0",20,"0",7.6,2.6,0.32,"Graduate",NA
"1","171","1",1,122,"1","9","3",115.7,"1","0","0","0",20,"0",9.4,-0.8,-3.12,"Dropout",NA
"1","9500","1",1,136,"1","4","4",127,"1","0","0","0",19,"0",9.4,-0.8,-3.12,"Enrolled",NA
"1","9991","0",9,133.1,"1",NA,NA,118.1,"1","0","0","0",39,"0",7.6,2.6,0.32,"Dropout",NA
"1","9130","1",1,132,"1",NA,"4",119.1,"1","0","0","0",29,"0",10.8,1.4,1.74,"Dropout",NA
"1","9991","0",1,130,"1","6","6",111.9,"0","0","0","0",36,"0",12.7,3.7,-1.7,"Dropout",NA
"1","9500","1",1,144,"1","9","9",130.5,"1","0","0","0",18,"0",12.7,3.7,-1.7,"Graduate",1
"2","8014","0",12,133.1,"1",NA,NA,135,"0","0","0","0",51,"0",7.6,2.6,0.32,"Dropout",NA
"1","9773","1",1,133.1,"22",NA,NA,130,"0","0","0","0",23,"1",7.6,2.6,0.32,"Dropout",1
"1","9085","1",1,150,"1","6","6",150,"1","0","0","0",21,"0",10.8,1.4,1.74,"Dropout",NA
"1","9853","1",1,150,"1",NA,NA,150.2,"1","0","0","0",28,"0",9.4,-0.8,-3.12,"Dropout",NA
"2","9991","0",1,110,"1","9","3",127.1,"0","0","0","0",34,"0",7.6,2.6,0.32,"Enrolled",NA
"1","8014","0",1,100,"1","6","5",107.5,"0","0","0","0",41,"0",12.7,3.7,-1.7,"Dropout",2
"4","8014","0",3,100,"1","9","9",130,"0","0","0","1",43,"0",9.4,-0.8,-3.12,"Graduate",2
"2","9556","1",1,133.1,"105","9","2",152.8,"1","0","0","0",28,"1",12.4,0.5,1.79,"Enrolled",NA
"1","171","1",1,145,"1","2","4",160.1,"0","0","0","1",19,"0",8.9,1.4,3.51,"Graduate",NA
"1","9003","1",1,130,"1","9","1",140,"0","0","0","0",26,"0",15.5,2.8,-4.06,"Graduate",NA
"1","9500","1",1,118,"1","2","3",110.7,"1","0","0","0",18,"0",12.4,0.5,1.79,"Graduate",NA
"2","9853","1",1,133.1,"1","9","5",138.3,"0","0","0","0",45,"0",11.1,0.6,2.02,"Dropout",1
"1","9853","1",39,150,"1","2",NA,150,"0","0","0","0",19,"0",12.4,0.5,1.79,"Dropout",NA
"1","9670","1",1,113,"1","3","10",112.3,"0","0","0","0",20,"0",11.1,0.6,2.02,"Graduate",NA
"1","9853","1",1,136,"1","5","5",122,"0","0","0","0",18,"0",7.6,2.6,0.32,"Graduate",1
"1","9085","1",1,140,"1","4","2",141.7,"1","0","0","0",27,"0",12.4,0.5,1.79,"Dropout",1
"2","9003","1",1,131,"1","5","5",118.4,"0","0","0","0",20,"0",13.9,-0.3,0.79,"Graduate",NA
"1","9085","1",1,138,"1","4",NA,128.7,"1","0","0","0",18,"0",8.9,1.4,3.51,"Graduate",NA
"2","9670","1",1,100,"1","9","9",100,"0","0","0","0",35,"0",9.4,-0.8,-3.12,"Enrolled",NA
"1","171","1",1,140,"1","9","9",100.8,"0","1","0","0",26,"0",16.2,0.3,-0.92,"Dropout",NA
"4","9238","1",1,120,"1","9","9",125.5,"1","0","0","1",39,"0",12.7,3.7,-1.7,"Graduate",NA
"1","171","1",1,139,"1","9","9",124,"1","0","0","0",18,"0",7.6,2.6,0.32,"Graduate",NA
"1","9500","1",3,130,"1","9","5",130,"0","0","0","0",36,"0",16.2,0.3,-0.92,"Dropout",2
"2","8014","0",3,110,"1","9","9",160.5,"0","0","0","0",38,"0",13.9,-0.3,0.79,"Graduate",NA
"2","9853","1",19,133.1,"1","3",NA,100,"0","0","0","0",45,"0",7.6,2.6,0.32,"Dropout",NA
"5","9254","1",1,133.1,"1","2","2",103,"0","0","0","0",62,"0",10.8,1.4,1.74,"Graduate",NA
"1","9670","1",1,133.1,"1","9","1",103,"1","0","0","1",20,"0",10.8,1.4,1.74,"Graduate",1
"1","9500","1",1,139,"1","9","9",131.5,"1","0","0","0",18,"0",10.8,1.4,1.74,"Graduate",NA
"1","9070","1",1,134,"1","3","4",121.4,"0","0","0","0",18,"0",9.4,-0.8,-3.12,"Dropout",NA
"2","9991","0",3,160,"1","4","9",137.3,"0","0","0","0",23,"0",9.4,-0.8,-3.12,"Graduate",NA
"1","9070","1",1,124,"1","9","9",138.4,"1","0","0","1",19,"0",13.9,-0.3,0.79,"Dropout",NA
"1","9147","1",1,137,"1",NA,"3",131.1,"1","0","0","1",19,"0",8.9,1.4,3.51,"Graduate",NA
"1","9500","1",1,157,"1","3","3",100,"0","0","0","0",18,"0",13.9,-0.3,0.79,"Graduate",NA
"1","9500","1",1,138,"1","2","1",133,"1","0","0","0",18,"0",9.4,-0.8,-3.12,"Enrolled",1
"1","8014","0",1,100,"1",NA,NA,100,"0","0","0","0",41,"0",7.6,2.6,0.32,"Graduate",NA
"1","9670","1",1,130,"1","4","2",159,"0","0","0","1",51,"0",12.4,0.5,1.79,"Graduate",1
"1","9238","1",1,133.1,"1","4","5",120.6,"1","0","0","0",24,"0",16.2,0.3,-0.92,"Graduate",NA
"1","9991","0",3,120,"1","9","5",134,"0","0","0","0",25,"0",16.2,0.3,-0.92,"Dropout",NA
"1","9085","1",1,150,"1","4","4",139.4,"0","0","0","0",18,"0",7.6,2.6,0.32,"Enrolled",NA
"1","9147","1",1,128,"1","9","9",116.5,"1","0","0","0",20,"0",7.6,2.6,0.32,"Graduate",1
"1","171","1",1,124,"1",NA,NA,113.9,"1","1","0","0",19,"0",13.9,-0.3,0.79,"Dropout",1
"5","9991","0",3,130,"1","1","1",130,"0","0","0","0",41,"0",16.2,0.3,-0.92,"Graduate",2
"1","9254","1",1,132,"1","9","9",129.9,"1","0","0","1",19,"0",8.9,1.4,3.51,"Graduate",1
"1","9853","1",12,133.1,"1","3","2",133.7,"0","0","0","0",28,"0",16.2,0.3,-0.92,"Dropout",2
"1","9070","1",1,129,"1","5",NA,124.8,"1","0","0","0",21,"0",12.4,0.5,1.79,"Graduate",NA
"1","9085","1",1,135,"1","1","1",133.6,"1","0","0","0",22,"0",9.4,-0.8,-3.12,"Dropout",1
"1","9773","1",1,138,"1","5",NA,133.5,"1","0","0","0",18,"0",10.8,1.4,1.74,"Graduate",NA
"1","9070","1",1,135,"1","9","9",128,"1","0","0","1",19,"0",10.8,1.4,1.74,"Graduate",NA
"1","9500","1",1,131,"1","5","5",127.2,"1","0","0","1",19,"0",11.1,0.6,2.02,"Graduate",NA
"1","9853","1",3,150,"1","4","5",150,"0","0","0","0",25,"0",10.8,1.4,1.74,"Graduate",NA
"1","9500","1",6,133,"1","2","9",127.8,"1","0","0","1",18,"0",7.6,2.6,0.32,"Graduate",1
"1","9070","1",1,135,"1","9","9",125.2,"1","0","0","0",19,"0",12.7,3.7,-1.7,"Graduate",1
"1","9853","1",1,118,"1","5","4",110,"1","0","0","0",20,"0",10.8,1.4,1.74,"Enrolled",1
"2","8014","0",19,100,"1",NA,NA,100,"0","0","0","0",46,"0",7.6,2.6,0.32,"Graduate",NA
"1","171","1",1,158,"1","3","3",151.4,"1","0","0","0",19,"0",8.9,1.4,3.51,"Graduate",1
"1","9254","1",1,137,"1","9",NA,125.1,"1","0","0","0",18,"0",7.6,2.6,0.32,"Enrolled",NA
"1","9130","1",1,172,"1","9","9",163.3,"1","0","0","1",18,"0",13.9,-0.3,0.79,"Graduate",NA
"1","9500","1",1,123,"1","3","3",118,"1","0","0","1",19,"0",10.8,1.4,1.74,"Graduate",1
"1","9773","1",1,144,"1","3","2",140.2,"1","0","0","0",20,"0",16.2,0.3,-0.92,"Dropout",NA
"2","8014","0",1,140,"1","5","6",128.5,"0","0","0","1",38,"0",9.4,-0.8,-3.12,"Graduate",NA
"1","9773","1",1,136,"1","9",NA,131.5,"1","0","0","0",18,"0",13.9,-0.3,0.79,"Graduate",1
"1","9500","1",1,137,"1","5","5",132.6,"1","0","0","1",18,"0",13.9,-0.3,0.79,"Graduate",NA
"1","9238","1",1,128,"1",NA,"5",122.1,"1","0","0","0",18,"0",13.9,-0.3,0.79,"Graduate",NA
"1","9147","1",1,120,"1","2","2",112,"0","0","0","0",20,"0",15.5,2.8,-4.06,"Enrolled",1
"1","9130","1",1,130,"1","4",NA,133,"1","0","0","0",19,"0",12.4,0.5,1.79,"Graduate",NA
"4","8014","0",1,138,"1",NA,NA,127,"0","0","0","0",37,"0",10.8,1.4,1.74,"Dropout",NA
"1","9500","1",1,148,"1","2","5",130,"0","0","0","0",24,"0",12.7,3.7,-1.7,"Enrolled",2
"1","9500","1",1,139,"1","2","10",136.4,"1","0","0","0",19,"0",15.5,2.8,-4.06,"Graduate",NA
"1","9773","1",1,136,"1","5","3",129,"1","0","0","1",19,"0",13.9,-0.3,0.79,"Dropout",NA
"1","9556","1",1,126,"1","9","4",119,"1","0","0","1",19,"0",16.2,0.3,-0.92,"Dropout",1
"1","9147","1",1,135,"1","9","9",128,"1","0","0","1",18,"0",11.1,0.6,2.02,"Graduate",NA
"1","9500","1",1,122,"1",NA,NA,117.1,"1","0","0","1",18,"0",12.4,0.5,1.79,"Graduate",NA
"1","9147","1",1,137,"1","4","5",136.3,"0","0","0","0",18,"0",8.9,1.4,3.51,"Graduate",NA
"1","9147","1",1,127,"1","4","5",124.6,"1","0","0","1",19,"0",11.1,0.6,2.02,"Enrolled",1
"1","9130","1",1,137,"1","2","9",130.7,"1","0","0","0",18,"0",8.9,1.4,3.51,"Dropout",1
"1","9500","1",1,125,"1","3","6",115.2,"1","0","0","0",20,"0",12.4,0.5,1.79,"Graduate",NA
"1","9085","1",1,141,"1","2","3",130.2,"1","0","0","0",20,"0",15.5,2.8,-4.06,"Graduate",NA
"1","9085","1",1,132,"1","6","6",128.5,"0","0","0","0",18,"0",12.4,0.5,1.79,"Dropout",1
"1","9500","1",1,133.1,"1","9","9",95,"1","0","0","0",20,"0",12.4,0.5,1.79,"Graduate",NA
"1","9670","1",1,132,"1","3","3",119.4,"1","0","0","1",18,"0",8.9,1.4,3.51,"Graduate",NA
"1","9500","1",1,142,"1",NA,NA,123.5,"1","0","0","0",19,"0",12.7,3.7,-1.7,"Dropout",1
"1","9500","1",1,136,"1","5","6",133.9,"1","0","0","0",18,"0",15.5,2.8,-4.06,"Graduate",NA
"1","9085","1",42,150,"1","4",NA,145.2,"1","0","0","0",20,"0",8.9,1.4,3.51,"Graduate",1
"1","9500","1",1,130,"1","1","5",118.8,"0","0","0","0",18,"0",11.1,0.6,2.02,"Graduate",NA
"1","9085","1",1,136,"1","9","9",123.4,"1","0","0","1",19,"0",9.4,-0.8,-3.12,"Graduate",1
"1","9238","1",1,138,"1","1","2",123,"1","0","0","0",19,"0",15.5,2.8,-4.06,"Graduate",NA
"1","9130","1",1,131,"1","5","3",118.4,"0","0","0","0",19,"0",7.6,2.6,0.32,"Graduate",1
"1","9500","1",1,147,"1","2","3",131.6,"0","0","0","0",18,"0",11.1,0.6,2.02,"Graduate",NA
"1","9853","1",1,140,"1","4","10",122.3,"1","0","0","0",19,"0",12.7,3.7,-1.7,"Dropout",NA
"1","171","1",1,152,"1","9","9",151.7,"1","0","0","1",24,"0",11.1,0.6,2.02,"Graduate",NA
"1","171","1",1,169,"1","9",NA,176,"1","0","0","1",18,"0",12.4,0.5,1.79,"Graduate",NA
"1","9500","1",1,149,"1","4","9",133,"1","0","0","1",18,"0",12.7,3.7,-1.7,"Graduate",1
"1","9773","1",1,137,"1","2","3",139.8,"1","1","0","0",18,"0",10.8,1.4,1.74,"Enrolled",NA
"1","9773","1",1,122,"1","4","3",119.6,"1","0","0","0",19,"0",11.1,0.6,2.02,"Dropout",NA
"1","8014","0",1,130,"1","9","6",134,"0","0","0","1",35,"0",8.9,1.4,3.51,"Graduate",1
"1","9147","1",1,145,"1","9","9",132,"1","0","0","0",19,"0",7.6,2.6,0.32,"Graduate",NA
"1","9853","1",3,130,"1","9","9",130,"0","0","0","0",28,"0",7.6,2.6,0.32,"Dropout",1
"1","9500","1",1,157,"1","5","2",141.4,"0","0","0","0",21,"0",13.9,-0.3,0.79,"Graduate",NA
"1","9500","1",1,135,"1","5","5",128.9,"1","0","0","1",19,"0",11.1,0.6,2.02,"Graduate",NA
"1","9238","1",1,123,"1","2","9",118.1,"1","0","0","0",19,"0",8.9,1.4,3.51,"Graduate",NA
"1","9085","1",1,139,"1","2","2",130.6,"0","0","0","0",18,"0",9.4,-0.8,-3.12,"Graduate",1
"1","9254","1",1,136,"1","4","4",122,"1","0","0","0",18,"0",7.6,2.6,0.32,"Graduate",1
"1","9500","1",1,135,"1","2","2",123,"1","0","0","0",19,"0",12.7,3.7,-1.7,"Dropout",1
"1","9670","1",1,126,"1","9","10",126.7,"1","0","0","1",20,"0",8.9,1.4,3.51,"Graduate",1
"1","9773","1",1,122,"1","9","9",126.6,"1","0","0","0",18,"0",8.9,1.4,3.51,"Graduate",NA
"1","9853","1",1,125,"1","9","9",125.4,"0","0","0","0",19,"0",16.2,0.3,-0.92,"Dropout",NA
"1","9773","1",1,134,"1","9","9",136.1,"1","0","0","1",20,"0",12.4,0.5,1.79,"Dropout",NA
"1","9500","1",1,130,"1","9","4",128.8,"1","0","0","0",18,"0",11.1,0.6,2.02,"Enrolled",NA
"1","9670","1",1,110,"1",NA,NA,111.1,"1","0","0","0",18,"0",8.9,1.4,3.51,"Graduate",1
"1","9070","1",1,131,"1","3","3",135.9,"0","0","0","1",21,"0",13.9,-0.3,0.79,"Graduate",NA
"1","9254","1",1,122,"1","9",NA,119.6,"1","0","0","1",19,"0",12.4,0.5,1.79,"Graduate",1
"1","9853","1",1,123,"1","3","9",116.7,"1","0","0","0",19,"0",9.4,-0.8,-3.12,"Graduate",NA
"1","9085","1",1,146,"1","9",NA,126,"0","0","0","0",19,"0",7.6,2.6,0.32,"Enrolled",NA
"1","9773","1",1,137,"1",NA,NA,134.2,"1","0","0","0",18,"0",10.8,1.4,1.74,"Dropout",NA
"1","9147","1",1,130,"1","3","3",123,"0","0","0","1",18,"0",12.7,3.7,-1.7,"Graduate",1
"1","9085","1",1,127,"1","5",NA,123.9,"1","0","0","0",18,"0",10.8,1.4,1.74,"Graduate",NA
"2","9556","1",1,160,"1","9","6",120,"0","0","0","0",31,"0",12.7,3.7,-1.7,"Dropout",NA
"1","9147","1",1,139,"1","2","5",112.3,"1","0","0","0",19,"0",10.8,1.4,1.74,"Enrolled",1
"1","9085","1",1,138,"1","9","9",123,"1","0","0","1",20,"0",13.9,-0.3,0.79,"Graduate",1
"1","9085","1",1,137,"1",NA,NA,122.3,"0","0","0","1",19,"0",7.6,2.6,0.32,"Dropout",NA
"1","9238","1",1,127,"1","9","6",122.8,"0","0","0","1",19,"0",16.2,0.3,-0.92,"Graduate",NA
"5","9130","1",3,160,"1","9","6",160,"0","0","0","0",27,"0",10.8,1.4,1.74,"Dropout",NA
"1","9773","1",1,132,"1","9","6",120.1,"1","0","0","1",18,"0",8.9,1.4,3.51,"Graduate",NA
"1","8014","0",1,126,"1",NA,NA,142.4,"0","0","0","0",32,"0",7.6,2.6,0.32,"Dropout",NA
"1","9500","1",1,133,"1",NA,NA,127.3,"1","0","0","0",18,"0",12.7,3.7,-1.7,"Graduate",NA
"1","9500","1",1,140,"1","9","9",125.5,"1","0","0","1",19,"0",10.8,1.4,1.74,"Graduate",1
"1","9773","1",1,130,"1","5","6",137.4,"0","0","0","0",19,"0",15.5,2.8,-4.06,"Enrolled",2
"1","9254","1",1,129,"1","9","9",122,"1","0","0","0",18,"0",10.8,1.4,1.74,"Dropout",NA
"1","9670","1",1,110,"1","4","4",107.5,"1","0","0","1",18,"0",12.7,3.7,-1.7,"Dropout",NA
"1","9773","1",19,133.1,"1",NA,NA,104,"0","0","0","1",24,"0",11.1,0.6,2.02,"Graduate",1
"1","9238","1",1,132,"1",NA,NA,133.1,"1","0","0","1",19,"0",9.4,-0.8,-3.12,"Graduate",NA
"1","9254","1",1,115,"1","9",NA,113.3,"1","0","0","0",21,"0",11.1,0.6,2.02,"Dropout",NA
"1","9070","1",39,130,"1","4","10",130,"1","0","0","0",19,"0",16.2,0.3,-0.92,"Graduate",NA
"1","9500","1",1,140,"6","5","2",124.3,"1","0","0","0",19,"1",12.4,0.5,1.79,"Enrolled",1
"1","9556","1",1,140,"1","9",NA,105,"1","0","0","1",36,"0",8.9,1.4,3.51,"Graduate",1
"1","9085","1",12,133.1,"1","10","9",144,"0","0","1","0",51,"0",12.4,0.5,1.79,"Dropout",NA
"1","9670","1",1,121,"1","5","5",111.9,"1","0","1","1",20,"0",10.8,1.4,1.74,"Enrolled",1
"1","8014","0",38,133.1,"1","4","4",107.5,"0","0","1","0",29,"0",8.9,1.4,3.51,"Dropout",2
"1","9238","1",39,130,"1","4","5",127.4,"0","0","1","0",27,"0",13.9,-0.3,0.79,"Dropout",NA
"1","9119","1",1,130,"1","9","4",149,"1","0","1","0",33,"0",7.6,2.6,0.32,"Enrolled",NA
"2","9147","1",2,120,"1","9","9",120,"0","0","1","0",57,"0",9.4,-0.8,-3.12,"Dropout",NA
"1","9670","1",1,132,"1",NA,NA,143.6,"1","0","1","0",20,"0",13.9,-0.3,0.79,"Enrolled",NA
"1","9670","1",1,100,"1","4","4",120,"0","0","1","0",26,"0",9.4,-0.8,-3.12,"Dropout",2
"1","9119","1",1,130,"1","9","2",128,"0","0","1","0",27,"0",13.9,-0.3,0.79,"Enrolled",NA
"1","9670","1",1,129,"1","4","9",118.2,"0","0","1","0",19,"0",9.4,-0.8,-3.12,"Graduate",NA
"1","9085","1",39,160,"1","4",NA,160,"1","0","1","0",23,"0",12.4,0.5,1.79,"Dropout",1
"1","9991","0",1,120,"1","5","5",152.4,"0","0","1","0",27,"0",10.8,1.4,1.74,"Graduate",2
"1","9500","1",1,122,"1","3","5",116.6,"1","0","1","1",20,"0",12.4,0.5,1.79,"Graduate",1
"1","9070","1",1,143,"1",NA,"5",141.6,"0","0","0","1",19,"0",10.8,1.4,1.74,"Graduate",1
"1","9130","1",1,110,"1","2","9",105.5,"1","0","0","0",19,"0",11.1,0.6,2.02,"Dropout",NA
"1","9070","1",1,124,"1","9","3",116.3,"1","0","0","0",20,"0",16.2,0.3,-0.92,"Graduate",NA
"2","9147","1",3,110,"1","9","9",110,"0","0","0","0",33,"0",11.1,0.6,2.02,"Enrolled",NA
"1","9991","0",1,130,"1","9","9",119.5,"1","0","0","0",22,"0",7.6,2.6,0.32,"Graduate",NA
"1","9147","1",1,139,"1","4","4",125,"1","0","0","0",18,"0",7.6,2.6,0.32,"Graduate",NA
"5","9500","1",3,140,"1","9","9",160,"0","0","0","0",27,"0",12.7,3.7,-1.7,"Graduate",NA
"1","9991","0",1,150,"1","9",NA,150,"0","0","0","0",27,"0",15.5,2.8,-4.06,"Dropout",NA
"1","9238","1",1,123,"1","9","9",115,"1","0","0","0",19,"0",11.1,0.6,2.02,"Graduate",1
"1","9853","1",1,128,"1","9",NA,128.4,"1","0","0","1",20,"0",9.4,-0.8,-3.12,"Enrolled",1
"1","8014","0",1,100,"1","6","10",112.8,"0","0","0","1",23,"0",12.7,3.7,-1.7,"Graduate",NA
"1","9500","1",1,148,"1",NA,"3",131,"1","0","0","1",22,"0",7.6,2.6,0.32,"Graduate",NA
"1","9254","1",1,130,"1",NA,NA,121.6,"1","0","0","1",18,"0",12.7,3.7,-1.7,"Dropout",1
"1","9238","1",1,118,"1","9","9",110,"0","0","0","1",18,"0",12.4,0.5,1.79,"Graduate",NA
"1","8014","0",1,120,"1","9","9",148.5,"0","0","0","1",31,"0",10.8,1.4,1.74,"Graduate",NA
"1","9773","1",1,119,"1","9","9",118.3,"0","0","0","0",19,"0",15.5,2.8,-4.06,"Dropout",NA
"1","9238","1",1,138,"1","9","9",135.9,"1","0","0","0",19,"0",7.6,2.6,0.32,"Enrolled",NA
"1","8014","0",1,127,"1","4",NA,115.8,"0","0","0","0",24,"0",10.8,1.4,1.74,"Dropout",1
"1","9500","1",1,134,"1","3","10",121.2,"0","0","0","0",19,"0",15.5,2.8,-4.06,"Graduate",2
"1","9147","1",1,133,"1","4","5",136.2,"1","0","0","0",19,"0",7.6,2.6,0.32,"Graduate",NA
"1","9670","1",1,133.1,"1","9","9",100.2,"1","0","0","0",26,"0",16.2,0.3,-0.92,"Dropout",1
"1","171","1",1,180,"41","9","9",152.7,"1","0","1","0",27,"1",7.6,2.6,0.32,"Dropout",1
"1","9238","1",1,129,"1","4",NA,123.1,"1","0","0","0",19,"0",11.1,0.6,2.02,"Graduate",NA
"2","9085","1",1,120,"1","1","4",130,"0","0","0","0",29,"0",9.4,-0.8,-3.12,"Dropout",NA
"1","9500","1",1,141,"1","4","5",125,"1","0","0","1",18,"0",9.4,-0.8,-3.12,"Graduate",1
"1","9500","1",1,118,"1","9","10",113.1,"1","0","0","0",19,"0",11.1,0.6,2.02,"Graduate",NA
"1","9773","1",1,127,"1","4","5",121.1,"1","0","0","0",18,"0",15.5,2.8,-4.06,"Enrolled",NA
"1","9147","1",1,177,"1","3","9",162.3,"0","0","0","1",18,"0",15.5,2.8,-4.06,"Graduate",2
"1","171","1",1,132,"1","1","4",132,"1","0","0","0",19,"0",12.7,3.7,-1.7,"Dropout",1
"1","9500","1",1,133,"1","4","4",130.7,"1","0","0","0",19,"0",12.4,0.5,1.79,"Graduate",NA
"1","9254","1",1,124,"1","4","4",122.3,"1","0","0","0",19,"0",13.9,-0.3,0.79,"Dropout",NA
"1","9670","1",1,143,"1","2","9",144.1,"1","0","0","0",19,"0",10.8,1.4,1.74,"Enrolled",NA
"1","9773","1",1,128,"1","9",NA,118.2,"0","0","0","0",19,"0",12.7,3.7,-1.7,"Graduate",NA
"1","9238","1",1,138,"1","5",NA,133.5,"0","0","0","1",19,"0",8.9,1.4,3.51,"Graduate",NA
"1","9500","1",1,144,"1",NA,"9",126.8,"1","0","0","0",18,"0",9.4,-0.8,-3.12,"Dropout",NA
"1","9773","1",1,122,"1","9",NA,121,"1","0","0","0",20,"0",13.9,-0.3,0.79,"Graduate",NA
"1","9254","1",1,111,"1","3","10",117.7,"0","0","0","0",20,"0",9.4,-0.8,-3.12,"Graduate",NA
"1","9085","1",1,133.1,"1","1","1",115,"1","0","0","0",21,"0",12.7,3.7,-1.7,"Enrolled",NA
"2","9991","0",2,120,"1","6","3",129.2,"0","0","0","0",31,"0",9.4,-0.8,-3.12,"Dropout",2
"1","9556","1",1,135,"1",NA,"9",125.8,"0","0","0","1",20,"0",12.7,3.7,-1.7,"Graduate",NA
"1","9670","1",1,125,"1",NA,NA,118.4,"1","0","0","1",19,"0",7.6,2.6,0.32,"Enrolled",NA
"1","9500","1",1,147,"1","9","9",142,"1","0","0","0",18,"0",7.6,2.6,0.32,"Graduate",1
"1","9500","1",1,137,"1",NA,NA,126.7,"1","0","0","1",19,"0",16.2,0.3,-0.92,"Graduate",NA
"1","9238","1",1,117,"1",NA,NA,109.3,"0","0","0","0",30,"0",9.4,-0.8,-3.12,"Graduate",NA
"1","9238","1",1,126,"1","9",NA,116.9,"1","0","0","0",21,"0",12.7,3.7,-1.7,"Enrolled",1
"1","9147","1",1,128,"1","9","5",121.7,"1","0","0","0",19,"0",12.4,0.5,1.79,"Graduate",1
"1","9147","1",1,115,"1","4","9",117.1,"1","0","0","0",22,"0",7.6,2.6,0.32,"Graduate",1
"1","9773","1",1,121,"1","4","9",114.4,"0","0","0","1",18,"0",11.1,0.6,2.02,"Graduate",NA
"1","9238","1",1,134,"1","3","4",133,"1","0","0","0",18,"0",12.7,3.7,-1.7,"Graduate",1
"1","9500","1",1,126,"1","9",NA,118.8,"1","0","0","1",19,"0",12.7,3.7,-1.7,"Graduate",NA
"1","9130","1",1,151,"1","2","4",151,"1","0","0","0",18,"0",16.2,0.3,-0.92,"Graduate",NA
"1","9500","1",1,122,"1","4","4",119.6,"1","0","0","0",21,"0",13.9,-0.3,0.79,"Enrolled",NA
"1","9500","1",1,141,"1","2","10",135.4,"1","0","0","0",18,"0",13.9,-0.3,0.79,"Enrolled",NA
"1","171","1",1,138,"1","4","3",149.9,"1","0","0","0",20,"0",11.1,0.6,2.02,"Graduate",NA
"1","9085","1",1,133,"1","9",NA,120.1,"1","0","0","0",18,"0",12.7,3.7,-1.7,"Graduate",NA
"1","9085","1",3,150,"1","4",NA,173.3,"1","0","0","0",25,"0",13.9,-0.3,0.79,"Graduate",NA
"1","9773","1",1,136,"1","4","3",126.2,"0","0","0","0",19,"0",16.2,0.3,-0.92,"Graduate",NA
"1","9853","1",1,129,"1","2",NA,126.9,"1","0","0","1",19,"0",7.6,2.6,0.32,"Enrolled",1
"1","9085","1",1,128,"1","9","10",157.4,"1","0","0","0",26,"0",8.9,1.4,3.51,"Graduate",NA
"1","9147","1",1,131,"1","4","5",120.2,"1","0","0","0",21,"0",12.4,0.5,1.79,"Graduate",NA
"1","9147","1",1,130,"1","2","9",124.8,"0","0","0","0",19,"0",13.9,-0.3,0.79,"Dropout",NA
"1","9500","1",1,150,"1","9","9",130.3,"0","0","0","1",19,"0",12.7,3.7,-1.7,"Graduate",2
"1","9238","1",1,165,"1","9",NA,152.4,"1","0","0","1",18,"0",16.2,0.3,-0.92,"Graduate",NA
"2","9991","0",1,133.1,"1","9",NA,113.5,"0","0","0","1",32,"0",10.8,1.4,1.74,"Graduate",1
"1","9238","1",1,126,"1","5","5",125.7,"0","0","0","1",18,"0",15.5,2.8,-4.06,"Graduate",NA
"1","9500","1",1,101,"1","3","4",102.4,"0","0","0","0",20,"0",12.4,0.5,1.79,"Enrolled",1
"1","9147","1",1,125,"1",NA,NA,125.7,"0","0","0","0",20,"0",15.5,2.8,-4.06,"Enrolled",2
"4","9670","1",1,100,"1","4","10",120,"0","0","0","1",39,"0",9.4,-0.8,-3.12,"Graduate",2
"1","9130","1",1,117,"1","9","9",109.3,"1","0","0","0",20,"0",12.7,3.7,-1.7,"Enrolled",NA
"1","171","1",1,159,"1","4","4",162.2,"1","0","0","0",18,"0",12.4,0.5,1.79,"Dropout",NA
"1","9773","1",1,177,"1",NA,NA,155.7,"0","0","0","1",18,"0",8.9,1.4,3.51,"Graduate",NA
"1","171","1",1,156,"1","2","2",147.7,"1","0","0","0",21,"0",8.9,1.4,3.51,"Graduate",1
"1","9500","1",1,125,"1","3",NA,115.6,"1","0","0","0",18,"0",16.2,0.3,-0.92,"Enrolled",1
"1","9147","1",1,130,"1","9","9",117.8,"0","0","0","0",18,"0",7.6,2.6,0.32,"Enrolled",NA
"1","9003","1",1,125,"1","4",NA,125,"1","0","0","0",21,"0",15.5,2.8,-4.06,"Graduate",NA
"1","9147","1",1,127,"1","5","5",129.8,"1","0","0","0",22,"0",7.6,2.6,0.32,"Dropout",1
"1","9254","1",1,121,"1","4","4",123.1,"1","0","1","0",21,"0",7.6,2.6,0.32,"Enrolled",NA
"1","9070","1",1,135,"1","9","9",122.8,"1","0","1","1",20,"0",10.8,1.4,1.74,"Enrolled",NA
"1","171","1",1,125,"1","9","9",117.3,"1","0","1","1",21,"0",10.8,1.4,1.74,"Graduate",1
"1","9254","1",1,138,"41","9","9",126.5,"1","0","0","1",20,"1",8.9,1.4,3.51,"Graduate",NA
"1","9500","1",1,136,"1","9","9",123,"1","0","0","0",19,"0",10.8,1.4,1.74,"Graduate",NA
"1","9238","1",1,142,"1","5",NA,127.7,"0","0","0","1",20,"0",13.9,-0.3,0.79,"Graduate",NA
"1","9085","1",1,129,"1","9","9",117.5,"1","0","0","0",19,"0",12.7,3.7,-1.7,"Graduate",1
"1","9085","1",1,134,"1","2",NA,128.4,"1","0","0","1",18,"0",9.4,-0.8,-3.12,"Graduate",NA
"1","9853","1",1,123,"1","2","3",124.1,"1","0","0","0",18,"0",15.5,2.8,-4.06,"Dropout",1
"1","9991","0",1,150,"1","9",NA,140.9,"0","1","0","0",24,"0",10.8,1.4,1.74,"Dropout",1
"1","9254","1",1,129,"1","4","2",126.2,"0","0","0","1",21,"0",8.9,1.4,3.51,"Dropout",NA
"1","9500","1",1,134,"1",NA,NA,120.5,"1","0","1","1",18,"0",15.5,2.8,-4.06,"Graduate",2
"1","9147","1",1,127,"1","4",NA,121.1,"1","0","1","1",20,"0",11.1,0.6,2.02,"Graduate",1
"1","9853","1",1,123,"1","9","2",123.7,"1","0","0","0",20,"0",10.8,1.4,1.74,"Dropout",NA
"1","9254","1",1,127,"1","5",NA,116.9,"1","0","0","0",18,"0",12.4,0.5,1.79,"Dropout",NA
"1","9556","1",1,133.1,"1","9","6",100,"1","0","0","1",25,"0",8.9,1.4,3.51,"Graduate",NA
"1","9238","1",1,131,"1","5",NA,120.2,"1","0","0","1",19,"0",13.9,-0.3,0.79,"Enrolled",NA
"2","33","1",1,120,"1","9","5",153.8,"0","0","1","0",35,"0",11.1,0.6,2.02,"Dropout",NA
"1","9500","1",1,133,"1","9","5",120.1,"1","0","0","1",19,"0",13.9,-0.3,0.79,"Graduate",1
"1","9670","1",1,133,"1","9","9",128.1,"1","0","1","1",18,"0",13.9,-0.3,0.79,"Dropout",2
"1","9500","1",1,143,"1","3","10",126.8,"0","0","1","0",19,"0",10.8,1.4,1.74,"Graduate",NA
"1","9500","1",1,140,"1","9",NA,125.7,"1","0","1","1",19,"0",7.6,2.6,0.32,"Enrolled",1
"1","9070","1",1,157,"1","3","3",146.2,"0","0","1","0",18,"0",12.4,0.5,1.79,"Graduate",NA
"1","9130","1",19,133.1,"1","9","2",140,"1","0","1","0",24,"0",16.2,0.3,-0.92,"Dropout",NA
"1","8014","0",1,145,"6",NA,NA,134.5,"1","0","1","0",25,"1",9.4,-0.8,-3.12,"Graduate",2
"1","9119","1",1,130,"1","9","3",137,"1","0","1","0",28,"0",7.6,2.6,0.32,"Enrolled",NA
"1","9085","1",1,111,"1","5","9",107.5,"0","0","1","1",19,"0",11.1,0.6,2.02,"Graduate",NA
"1","9119","1",1,116,"1","9",NA,112.2,"0","0","1","0",19,"0",16.2,0.3,-0.92,"Dropout",NA
"1","9130","1",10,133.1,"1",NA,NA,128.2,"0","0","1","1",30,"0",9.4,-0.8,-3.12,"Dropout",2
"1","9500","1",1,135,"1","4","5",126.8,"1","0","1","0",19,"0",15.5,2.8,-4.06,"Dropout",NA
"1","9147","1",1,145,"1","4","4",132.1,"1","0","1","0",21,"0",11.1,0.6,2.02,"Dropout",NA
"1","171","1",1,118,"1","3","5",110,"0","0","1","0",19,"0",13.9,-0.3,0.79,"Dropout",NA
"1","9003","1",1,130,"1","9","5",100,"0","0","1","0",29,"0",13.9,-0.3,0.79,"Dropout",NA
"1","9670","1",1,115,"1","9","9",114.3,"0","0","1","0",18,"0",12.4,0.5,1.79,"Dropout",2
"1","9147","1",1,122,"1","4","5",116.4,"0","0","1","0",21,"0",15.5,2.8,-4.06,"Enrolled",NA
"1","9070","1",1,120,"1","3","1",116.9,"0","0","1","0",20,"0",13.9,-0.3,0.79,"Dropout",2
"1","9991","0",1,120,"1","5","3",128.2,"0","0","1","0",24,"0",12.4,0.5,1.79,"Enrolled",NA
"1","9773","1",1,120,"1","2","5",127,"1","0","1","0",18,"0",8.9,1.4,3.51,"Dropout",NA
"1","9003","1",1,140,"1","4","2",140,"1","0","1","0",23,"0",15.5,2.8,-4.06,"Enrolled",NA
"1","9147","1",1,127,"1","1","6",120,"1","0","1","0",19,"0",8.9,1.4,3.51,"Graduate",NA
"1","9254","1",3,110,"1","3","3",110,"0","0","1","0",35,"0",16.2,0.3,-0.92,"Dropout",NA
"1","9500","1",1,148,"1","9","9",127,"1","0","1","0",20,"0",10.8,1.4,1.74,"Graduate",1
"2","9238","1",42,170,"1",NA,NA,159.5,"0","0","1","0",33,"0",8.9,1.4,3.51,"Dropout",2
"1","9773","1",1,146,"1","4","1",135.2,"1","0","1","0",18,"0",9.4,-0.8,-3.12,"Graduate",1
"1","9773","1",1,127,"1","4","4",122.8,"1","0","1","0",20,"0",12.4,0.5,1.79,"Enrolled",NA
"1","9773","1",1,125,"1","2","3",118,"1","0","1","0",19,"0",13.9,-0.3,0.79,"Dropout",NA
"1","9773","1",1,139,"1","4","4",123.6,"1","0","1","0",18,"0",7.6,2.6,0.32,"Dropout",NA
"1","9991","0",1,133.1,"1",NA,"9",111,"0","0","1","0",28,"0",8.9,1.4,3.51,"Dropout",NA
"1","9147","1",1,146,"1","1","5",144.6,"0","0","1","0",18,"0",16.2,0.3,-0.92,"Graduate",2
"1","9773","1",1,109,"1","3","3",111.8,"1","0","1","0",25,"0",15.5,2.8,-4.06,"Dropout",NA
"1","9238","1",1,135,"1","4","6",122.1,"0","1","1","0",19,"0",8.9,1.4,3.51,"Dropout",NA
"1","9070","1",1,122,"1","5","5",119.9,"0","0","1","0",18,"0",9.4,-0.8,-3.12,"Graduate",2
"1","9003","1",3,130,"1","6","2",130,"1","0","1","0",29,"0",13.9,-0.3,0.79,"Graduate",2
"1","171","1",1,124,"1","3","2",118.4,"1","0","1","0",18,"0",7.6,2.6,0.32,"Enrolled",NA
"1","9254","1",1,115,"1","4","5",112.6,"0","0","1","1",20,"0",8.9,1.4,3.51,"Graduate",NA
"1","9003","1",39,150,"1","2","6",150,"0","0","1","0",20,"0",15.5,2.8,-4.06,"Dropout",2
"1","9070","1",1,170,"1","2","2",165.8,"1","0","1","0",18,"0",9.4,-0.8,-3.12,"Graduate",NA
"1","9254","1",1,102,"1","2","2",101.7,"1","0","1","1",21,"0",12.4,0.5,1.79,"Graduate",NA
"1","9254","1",1,140,"1","2","2",124.3,"0","0","1","0",18,"0",9.4,-0.8,-3.12,"Dropout",NA
"1","9119","1",1,135,"1",NA,NA,122.1,"1","0","1","0",20,"0",7.6,2.6,0.32,"Graduate",NA
"1","8014","0",1,148,"1","9","9",134.7,"0","0","0","0",23,"0",15.5,2.8,-4.06,"Enrolled",NA
"1","9991","0",1,140,"1","9",NA,154.5,"0","0","0","0",26,"0",16.2,0.3,-0.92,"Dropout",2
"1","9670","1",1,147,"1",NA,NA,128.8,"0","0","0","0",19,"0",9.4,-0.8,-3.12,"Dropout",2
"1","9556","1",1,140,"1","9","9",106,"1","0","0","1",24,"0",8.9,1.4,3.51,"Dropout",NA
"1","9670","1",1,157,"1","9",NA,146.2,"1","0","0","1",20,"0",11.1,0.6,2.02,"Graduate",1
"1","9991","0",1,120,"1","9","3",116.9,"1","0","0","0",26,"0",10.8,1.4,1.74,"Dropout",1
"1","9147","1",12,133.1,"1",NA,"9",118.2,"0","0","0","0",31,"0",10.8,1.4,1.74,"Dropout",1
"2","9500","1",1,140,"1","9","10",105.7,"1","0","0","0",27,"0",9.4,-0.8,-3.12,"Graduate",NA
"1","9085","1",1,130,"1","9","9",126.9,"0","0","0","0",24,"0",11.1,0.6,2.02,"Graduate",NA
"1","9085","1",39,150,"1",NA,NA,150,"1","0","0","0",23,"0",8.9,1.4,3.51,"Enrolled",NA
"1","9500","1",1,115,"1","9",NA,108.4,"1","0","0","1",20,"0",13.9,-0.3,0.79,"Graduate",1
"1","9500","1",1,118,"1","5","5",114.2,"1","0","0","0",20,"0",11.1,0.6,2.02,"Graduate",1
"1","9500","1",1,130,"1","9","4",140,"1","0","0","0",24,"0",12.7,3.7,-1.7,"Graduate",NA
"2","9147","1",1,130,"1","9","9",142.5,"0","0","0","0",39,"0",11.1,0.6,2.02,"Enrolled",NA
"1","9773","1",1,130,"1","3","9",126.5,"1","0","0","0",18,"0",12.7,3.7,-1.7,"Graduate",1
"1","9085","1",1,120,"1","9","9",111.3,"0","0","0","0",20,"0",11.1,0.6,2.02,"Dropout",1
"1","9500","1",1,130,"1","4","3",125.1,"1","0","0","0",18,"0",15.5,2.8,-4.06,"Graduate",NA
"1","9500","1",1,141,"1","9",NA,126.3,"1","0","0","0",19,"0",15.5,2.8,-4.06,"Graduate",1
"1","9085","1",1,138,"1","4","9",142.2,"1","0","0","0",18,"0",10.8,1.4,1.74,"Graduate",NA
"1","9670","1",1,113,"1","9","9",110.2,"1","0","0","0",22,"0",7.6,2.6,0.32,"Enrolled",NA
"1","9500","1",1,135,"1","4","4",127,"1","0","0","0",18,"0",11.1,0.6,2.02,"Graduate",1
"1","9238","1",1,137,"1","4","9",128.6,"0","0","0","1",18,"0",12.4,0.5,1.79,"Graduate",NA
"4","9991","0",1,133.1,"1","9","9",130.4,"0","0","0","0",30,"0",12.7,3.7,-1.7,"Enrolled",2
"2","9238","1",12,100,"1","9","9",134.4,"0","0","0","0",34,"0",7.6,2.6,0.32,"Graduate",NA
"1","8014","0",19,133.1,"1","9","9",100,"0","0","0","0",38,"0",13.9,-0.3,0.79,"Dropout",2
"1","9500","1",1,142,"1",NA,NA,133,"1","0","0","1",19,"0",9.4,-0.8,-3.12,"Graduate",NA
"1","9853","1",1,140,"1","5",NA,126.7,"1","0","0","0",19,"0",10.8,1.4,1.74,"Dropout",NA
"1","9773","1",1,129,"1","4",NA,129,"0","0","0","0",21,"0",10.8,1.4,1.74,"Dropout",NA
"1","9773","1",1,141,"1","2","2",133.7,"1","0","0","1",18,"0",11.1,0.6,2.02,"Graduate",1
"1","9085","1",1,118,"1","4",NA,122.2,"1","0","0","1",20,"0",13.9,-0.3,0.79,"Graduate",NA
"1","9147","1",1,131,"1","5","5",128.9,"0","0","0","1",18,"0",16.2,0.3,-0.92,"Graduate",NA
"1","9070","1",1,161,"1","5","5",154.4,"1","0","0","0",18,"0",16.2,0.3,-0.92,"Graduate",NA
"1","9556","1",2,130,"1","9","9",130,"1","0","0","1",36,"0",12.7,3.7,-1.7,"Dropout",NA
"1","9147","1",1,121,"1","6",NA,113,"1","0","0","1",18,"0",13.9,-0.3,0.79,"Graduate",1
"1","9130","1",6,133.1,"1","4",NA,123.3,"1","0","0","1",21,"0",7.6,2.6,0.32,"Dropout",NA
"1","9130","1",39,130,"1","9","2",130,"1","0","0","1",21,"0",13.9,-0.3,0.79,"Dropout",NA
"1","9085","1",1,133.1,"41","4","2",101.3,"0","0","0","0",18,"1",11.1,0.6,2.02,"Graduate",NA
"1","9670","1",1,120,"1","4","5",113.7,"1","0","0","0",18,"0",9.4,-0.8,-3.12,"Graduate",NA
"1","9500","1",1,140,"1","9",NA,138.8,"1","0","0","0",19,"0",7.6,2.6,0.32,"Graduate",1
"2","9003","1",19,133.1,"1","9","4",140,"0","0","0","0",29,"0",11.1,0.6,2.02,"Graduate",1
"1","9147","1",39,130,"1","9","3",130,"0","0","0","1",20,"0",11.1,0.6,2.02,"Graduate",NA
"1","9500","1",1,140,"1","9","9",132.5,"1","0","0","0",18,"0",7.6,2.6,0.32,"Graduate",NA
"1","9085","1",1,124,"1","4","10",117.4,"1","0","0","0",19,"0",10.8,1.4,1.74,"Graduate",NA
"1","9147","1",1,115,"1","3",NA,109.8,"1","0","0","1",19,"0",8.9,1.4,3.51,"Graduate",NA
"1","8014","0",1,100,"1","9","4",116.5,"0","0","0","0",37,"0",8.9,1.4,3.51,"Dropout",NA
"1","9085","1",1,162,"1","9","9",165.2,"1","0","0","1",18,"0",10.8,1.4,1.74,"Graduate",NA
"1","9853","1",1,121,"1",NA,NA,113,"1","0","0","0",21,"0",12.7,3.7,-1.7,"Dropout",NA
"1","9238","1",1,125,"1",NA,NA,123.3,"0","0","0","1",19,"0",12.4,0.5,1.79,"Graduate",1
"1","9670","1",1,123,"1","3","1",116.7,"0","0","0","0",19,"0",9.4,-0.8,-3.12,"Graduate",NA
"2","9991","0",39,140,"1","9","5",110,"0","0","0","1",35,"0",12.7,3.7,-1.7,"Enrolled",2
"2","9500","1",1,133.1,"1","9",NA,118.9,"0","0","0","0",30,"0",13.9,-0.3,0.79,"Dropout",2
"1","9773","1",1,120,"1",NA,NA,103.6,"1","0","0","0",27,"0",9.4,-0.8,-3.12,"Dropout",NA
"2","9254","1",1,136,"1","9","9",122.7,"0","0","0","1",45,"0",7.6,2.6,0.32,"Dropout",1
"2","8014","0",1,133.1,"1","9","9",113.5,"0","0","0","1",50,"0",12.7,3.7,-1.7,"Graduate",NA
"4","9147","1",1,110,"1","9","9",128.2,"0","0","0","0",41,"0",9.4,-0.8,-3.12,"Graduate",NA
"1","9500","1",1,120,"1","9","6",120,"1","0","0","0",26,"0",7.6,2.6,0.32,"Enrolled",NA
"1","9003","1",19,133.1,"1","9","9",130,"0","0","0","0",44,"0",11.1,0.6,2.02,"Dropout",NA
"5","9147","1",40,110,"1","9","9",110,"0","0","0","0",23,"0",15.5,2.8,-4.06,"Graduate",2
"1","33","1",1,130,"1","9","9",117.7,"0","0","0","0",34,"0",11.1,0.6,2.02,"Dropout",NA
"1","9147","1",1,102,"1","9","9",99.6,"1","0","0","1",21,"0",11.1,0.6,2.02,"Graduate",NA
"1","9147","1",1,127,"21","3","3",117.9,"1","0","0","0",22,"1",7.6,2.6,0.32,"Dropout",NA
"4","8014","0",1,133.1,"1","9",NA,113,"0","0","0","1",32,"0",16.2,0.3,-0.92,"Graduate",NA
"1","9556","1",1,137,"41",NA,NA,124.4,"1","0","0","0",20,"1",15.5,2.8,-4.06,"Graduate",1
"2","8014","0",3,130,"1",NA,NA,140,"0","0","0","0",59,"0",10.8,1.4,1.74,"Dropout",NA
"2","9147","1",42,130,"1",NA,NA,132.4,"0","0","0","0",30,"0",8.9,1.4,3.51,"Enrolled",NA
"1","9254","1",1,131,"1","9","9",124,"1","0","0","1",18,"0",9.4,-0.8,-3.12,"Graduate",NA
"2","9991","0",1,162,"1","9","6",132,"0","0","1","0",25,"0",7.6,2.6,0.32,"Enrolled",NA
"4","9991","0",1,140,"1","5","5",149.8,"0","0","1","0",36,"0",12.7,3.7,-1.7,"Graduate",NA
"1","9556","1",43,160,"1","9","9",160,"0","0","1","0",36,"0",11.1,0.6,2.02,"Dropout",2
"1","9670","1",1,117,"1",NA,"1",114.6,"0","0","1","0",19,"0",10.8,1.4,1.74,"Dropout",NA
"1","9991","0",1,150,"1","4","6",120,"0","0","1","0",25,"0",9.4,-0.8,-3.12,"Graduate",NA
"1","9003","1",19,133.1,"1","9",NA,100,"0","0","1","0",35,"0",15.5,2.8,-4.06,"Graduate",NA
"1","9238","1",1,125,"1","5","5",128.5,"0","0","1","0",20,"0",16.2,0.3,-0.92,"Dropout",NA
"1","9003","1",1,130,"1","9",NA,113,"1","0","1","0",35,"0",15.5,2.8,-4.06,"Dropout",2
"1","9238","1",1,170,"1",NA,NA,150.8,"1","0","0","0",27,"0",7.6,2.6,0.32,"Dropout",NA
"1","9500","1",1,132,"1","9","5",130.8,"1","0","0","0",18,"0",10.8,1.4,1.74,"Enrolled",1
"1","9500","1",1,133.1,"1","9","10",114.5,"0","0","0","0",23,"0",16.2,0.3,-0.92,"Enrolled",2
"1","8014","0",1,120,"1","5","10",114.8,"1","0","0","0",19,"0",10.8,1.4,1.74,"Graduate",1
"1","9500","1",1,126,"1",NA,NA,126.2,"1","0","0","1",18,"0",11.1,0.6,2.02,"Enrolled",NA
"1","9500","1",1,130,"1","3",NA,129,"0","0","0","0",26,"0",12.4,0.5,1.79,"Dropout",NA
"1","9238","1",1,133.1,"1","9",NA,110.5,"0","0","0","0",19,"0",16.2,0.3,-0.92,"Graduate",NA
"1","9500","1",1,141,"1",NA,NA,132.5,"1","0","0","0",19,"0",12.7,3.7,-1.7,"Dropout",NA
"1","171","1",1,138,"1","5","1",130.7,"1","0","0","0",18,"0",13.9,-0.3,0.79,"Dropout",1
"1","9500","1",1,130,"1","9",NA,130.4,"1","0","0","1",19,"0",11.1,0.6,2.02,"Graduate",NA
"1","9500","1",1,128,"1","9",NA,124.3,"1","0","0","1",19,"0",15.5,2.8,-4.06,"Graduate",NA
"1","9085","1",1,135,"1","9","9",132.6,"1","0","0","1",19,"0",10.8,1.4,1.74,"Graduate",NA
"1","8014","0",39,150,"1","9",NA,146.7,"0","0","0","1",21,"0",12.4,0.5,1.79,"Graduate",NA
"1","9773","1",1,135,"1","3","5",130.1,"1","0","0","0",18,"0",15.5,2.8,-4.06,"Graduate",1
"2","9254","1",3,120,"1","9","3",120,"1","0","0","0",33,"0",9.4,-0.8,-3.12,"Graduate",NA
"1","8014","0",3,120,"1","5","3",121.3,"0","0","0","0",32,"0",12.7,3.7,-1.7,"Graduate",NA
"1","9500","1",1,140,"1","1","4",133.3,"1","0","0","1",17,"0",9.4,-0.8,-3.12,"Graduate",1
"2","9500","1",1,140,"1","9",NA,110.5,"0","0","0","0",31,"0",12.7,3.7,-1.7,"Dropout",2
"2","8014","0",1,140,"1","9",NA,102.5,"0","0","0","1",32,"0",15.5,2.8,-4.06,"Graduate",2
"1","9085","1",1,156,"1","3",NA,150.9,"1","0","0","0",18,"0",11.1,0.6,2.02,"Dropout",1
"1","9070","1",12,133.1,"1","3",NA,106.6,"0","0","0","0",31,"0",8.9,1.4,3.51,"Enrolled",NA
"1","9254","1",1,120,"1","9","10",118.3,"0","0","1","0",20,"0",8.9,1.4,3.51,"Enrolled",NA
"1","9991","0",1,100,"1","1","1",117.9,"0","0","1","0",40,"0",10.8,1.4,1.74,"Dropout",NA
"2","9991","0",1,120,"1","9","9",135,"1","0","1","0",32,"0",7.6,2.6,0.32,"Graduate",NA
"1","9119","1",3,120,"1","1","1",120,"0","0","1","0",40,"0",12.7,3.7,-1.7,"Dropout",NA
"1","171","1",1,172,"1","4","9",167.1,"0","0","1","1",18,"0",16.2,0.3,-0.92,"Graduate",2
"1","9991","0",1,120,"1","9","9",115.8,"0","0","1","0",28,"0",12.7,3.7,-1.7,"Dropout",2
"1","9070","1",1,137,"1","3","1",141.2,"1","0","1","0",19,"0",9.4,-0.8,-3.12,"Graduate",NA
"1","9773","1",1,117,"1","5","9",118.4,"0","0","1","1",19,"0",15.5,2.8,-4.06,"Graduate",NA
"1","9147","1",1,142,"1",NA,NA,134.3,"0","1","1","0",21,"0",10.8,1.4,1.74,"Dropout",NA
"1","9147","1",1,135,"1",NA,"4",128.7,"1","0","1","0",22,"0",7.6,2.6,0.32,"Dropout",NA
"1","9119","1",1,115,"1","3","3",116.1,"1","0","1","0",18,"0",12.4,0.5,1.79,"Dropout",1
"1","171","1",1,110,"1","5","2",100,"1","0","1","0",27,"0",9.4,-0.8,-3.12,"Dropout",NA
"1","171","1",1,123,"1","2","2",118.8,"0","0","1","0",19,"0",8.9,1.4,3.51,"Enrolled",1
"2","9991","0",1,140,"1","9","9",130,"1","0","1","0",30,"0",9.4,-0.8,-3.12,"Graduate",2
"1","9130","1",39,150,"1","4","1",150,"0","0","1","0",28,"0",16.2,0.3,-0.92,"Dropout",NA
"5","9119","1",1,120,"1","9","9",116,"0","0","1","1",34,"0",9.4,-0.8,-3.12,"Enrolled",2
"1","9147","1",1,110,"1","4","4",99,"0","0","1","0",21,"0",10.8,1.4,1.74,"Enrolled",NA
"1","9238","1",1,133,"1","9","9",132,"0","0","1","1",20,"0",16.2,0.3,-0.92,"Graduate",NA
"1","9254","1",1,110,"1","9","9",125,"0","0","1","0",31,"0",7.6,2.6,0.32,"Dropout",NA
"1","9119","1",1,126,"1","9","9",116.2,"0","0","1","0",21,"0",7.6,2.6,0.32,"Dropout",NA
"1","9670","1",19,133.1,"1",NA,NA,100,"1","0","1","0",27,"0",7.6,2.6,0.32,"Dropout",NA
"1","9773","1",1,136,"1","9","9",132.9,"1","0","1","0",19,"0",7.6,2.6,0.32,"Graduate",1
"1","9773","1",1,129,"1","2",NA,132.5,"1","0","1","0",21,"0",10.8,1.4,1.74,"Enrolled",1
"1","9003","1",39,140,"1","4","4",140,"1","0","1","0",21,"0",16.2,0.3,-0.92,"Dropout",2
"1","9670","1",1,160,"1",NA,NA,100.1,"0","0","1","0",35,"0",7.6,2.6,0.32,"Dropout",2
"1","9085","1",1,133.1,"1",NA,NA,128.2,"0","0","1","0",28,"0",7.6,2.6,0.32,"Dropout",2
"1","9670","1",1,140,"1","4","3",133.4,"0","0","1","0",24,"0",10.8,1.4,1.74,"Enrolled",NA
"1","9773","1",1,142,"1","5","10",136.1,"1","0","1","0",19,"0",9.4,-0.8,-3.12,"Dropout",NA
"1","9670","1",1,138,"1","4",NA,123,"0","0","1","0",20,"0",13.9,-0.3,0.79,"Enrolled",NA
"1","9070","1",1,131,"1","4","4",130.3,"1","0","1","1",20,"0",16.2,0.3,-0.92,"Graduate",2
"1","9119","1",1,160,"1","9","6",153.7,"0","0","1","0",19,"0",9.4,-0.8,-3.12,"Enrolled",2
"1","9085","1",1,110,"1","5","6",142.5,"0","0","1","0",37,"0",8.9,1.4,3.51,"Dropout",NA
"1","9254","1",1,124,"1","9",NA,114.6,"1","0","1","0",19,"0",7.6,2.6,0.32,"Dropout",NA
"1","9500","1",1,120,"1","9",NA,108.5,"0","0","1","0",36,"0",13.9,-0.3,0.79,"Dropout",2
"1","9147","1",12,133.1,"1","9","9",140,"0","0","1","0",29,"0",9.4,-0.8,-3.12,"Dropout",NA
"1","9003","1",1,133.1,"1","9","4",120,"0","0","1","0",30,"0",13.9,-0.3,0.79,"Graduate",NA
"1","9670","1",19,133.1,"1","3","10",120,"0","0","1","0",32,"0",11.1,0.6,2.02,"Dropout",2
"1","8014","0",1,123,"1","2","9",127.6,"1","0","1","0",26,"0",10.8,1.4,1.74,"Enrolled",NA
"2","9003","1",39,140,"1","4",NA,140,"0","0","1","0",37,"0",16.2,0.3,-0.92,"Dropout",2
"1","9119","1",1,138.7,"1","4","3",111.3,"0","0","1","0",27,"0",13.9,-0.3,0.79,"Dropout",2
"1","9773","1",1,131,"1","5",NA,131,"1","0","1","1",18,"0",13.9,-0.3,0.79,"Graduate",2
"1","9500","1",1,149,"1","9","9",139.5,"0","0","1","1",18,"0",9.4,-0.8,-3.12,"Graduate",2
"2","9003","1",19,133.1,"1","4","1",110,"0","0","1","0",32,"0",15.5,2.8,-4.06,"Dropout",NA
"1","9119","1",39,130,"1","3","4",130,"0","0","1","0",20,"0",12.4,0.5,1.79,"Enrolled",2
"1","9003","1",1,120,"1","1","2",115,"0","0","1","0",22,"0",16.2,0.3,-0.92,"Dropout",2
"4","9500","1",1,133.1,"1","3","3",154.3,"0","0","0","0",32,"0",12.4,0.5,1.79,"Dropout",1
"1","9147","1",1,143,"1","9","9",135,"1","0","0","0",21,"0",7.6,2.6,0.32,"Enrolled",NA
"1","9670","1",1,126,"1","4",NA,115.2,"0","0","0","0",19,"0",10.8,1.4,1.74,"Dropout",NA
"1","9773","1",1,125,"1","9","9",130.6,"1","0","0","1",18,"0",8.9,1.4,3.51,"Graduate",NA
"1","9147","1",1,123,"1","9",NA,117.4,"1","0","0","1",18,"0",8.9,1.4,3.51,"Graduate",1
"1","9147","1",2,150,"1","2","5",150,"1","0","0","0",38,"0",15.5,2.8,-4.06,"Dropout",1
"1","9853","1",1,132,"1",NA,NA,131.3,"1","0","0","0",21,"0",7.6,2.6,0.32,"Dropout",1
"1","9238","1",1,133,"1","5","5",120.4,"0","0","0","0",21,"0",9.4,-0.8,-3.12,"Dropout",NA
"1","9991","0",1,122,"1","9","3",113.6,"0","0","1","0",26,"0",7.6,2.6,0.32,"Enrolled",NA
"1","9500","1",1,137,"1","9","3",125,"1","0","0","0",19,"0",7.6,2.6,0.32,"Graduate",NA
"1","9500","1",1,145,"1","9","9",132.3,"1","0","0","1",19,"0",10.8,1.4,1.74,"Enrolled",NA
"1","9254","1",1,150,"1","9","10",142.7,"0","0","0","0",18,"0",7.6,2.6,0.32,"Dropout",NA
"1","9147","1",3,130,"1","9","9",130,"0","0","0","0",25,"0",12.7,3.7,-1.7,"Dropout",2
"1","9500","1",1,136,"1","5","4",120.8,"1","0","0","0",19,"0",7.6,2.6,0.32,"Graduate",NA
"1","9254","1",1,131,"1","9","9",130.3,"1","0","0","1",18,"0",13.9,-0.3,0.79,"Graduate",1
"1","9147","1",1,130,"1","9",NA,119.9,"0","0","0","1",19,"0",13.9,-0.3,0.79,"Graduate",NA
"1","9238","1",1,108,"1","9",NA,110.5,"1","0","0","1",22,"0",12.4,0.5,1.79,"Graduate",NA
"1","9003","1",39,160,"1","6","6",160,"1","0","0","0",21,"0",15.5,2.8,-4.06,"Graduate",1
"1","9085","1",1,113,"1","9","9",118.6,"1","0","0","1",21,"0",8.9,1.4,3.51,"Graduate",NA
"1","9853","1",1,113,"1","3",NA,112.3,"0","0","0","1",20,"0",11.1,0.6,2.02,"Graduate",NA
"2","9147","1",1,137,"1","9","9",124.4,"0","0","0","0",19,"0",10.8,1.4,1.74,"Enrolled",NA
"1","9500","1",1,148,"1","9","3",125,"1","0","0","0",18,"0",7.6,2.6,0.32,"Graduate",NA
"1","9500","1",1,130,"1","9",NA,105.8,"0","0","0","0",26,"0",13.9,-0.3,0.79,"Dropout",NA
"1","9147","1",2,133.1,"1",NA,NA,121.5,"1","0","0","0",31,"0",7.6,2.6,0.32,"Dropout",1
"1","9238","1",1,138,"1","9",NA,134.2,"1","0","0","1",18,"0",11.1,0.6,2.02,"Graduate",NA
"4","9147","1",3,130,"1","5","5",130,"0","0","0","0",35,"0",11.1,0.6,2.02,"Dropout",NA
"1","9085","1",1,127,"1","9","9",122.8,"1","0","0","0",19,"0",12.7,3.7,-1.7,"Enrolled",NA
"1","9238","1",1,115,"1",NA,NA,108.7,"0","0","0","1",19,"0",15.5,2.8,-4.06,"Graduate",NA
"1","9500","1",1,147,"1","4","3",136.7,"0","0","0","0",18,"0",11.1,0.6,2.02,"Graduate",NA
"1","9085","1",1,132,"1","4","9",119.1,"0","0","0","0",20,"0",12.4,0.5,1.79,"Graduate",NA
"1","171","1",1,146,"1","9","5",151.3,"1","0","0","1",19,"0",8.9,1.4,3.51,"Graduate",NA
"1","9238","1",1,109,"1","5","5",108.3,"0","0","0","1",21,"0",10.8,1.4,1.74,"Enrolled",NA
"1","9853","1",1,133,"1","9","9",127.4,"0","0","0","1",18,"0",16.2,0.3,-0.92,"Graduate",NA
"1","9500","1",1,124,"1","4","9",124,"0","0","0","0",23,"0",9.4,-0.8,-3.12,"Graduate",2
"1","9070","1",1,133.1,"1","9","9",155,"0","0","0","1",21,"0",16.2,0.3,-0.92,"Graduate",NA
"1","9147","1",1,121,"1","9","9",114,"0","0","0","1",19,"0",11.1,0.6,2.02,"Graduate",NA
"1","9147","1",1,129,"1","3",NA,118.9,"1","0","0","0",19,"0",10.8,1.4,1.74,"Enrolled",NA
"1","9085","1",42,160,"1","4","9",160,"1","0","0","0",20,"0",8.9,1.4,3.51,"Graduate",NA
"1","9147","1",1,131,"1","2","9",126.1,"0","0","0","0",18,"0",16.2,0.3,-0.92,"Enrolled",NA
"1","9500","1",1,150,"1","9",NA,136.5,"1","0","0","1",18,"0",9.4,-0.8,-3.12,"Graduate",NA
"2","9500","1",1,130,"1","4","4",122.3,"0","0","0","0",19,"0",7.6,2.6,0.32,"Graduate",1
"1","9070","1",1,133.1,"1","5","5",128,"0","0","0","1",21,"0",9.4,-0.8,-3.12,"Graduate",NA
"1","9238","1",1,154,"1","9","9",156.5,"1","1","0","1",18,"0",12.7,3.7,-1.7,"Graduate",1
"1","9670","1",1,126,"1",NA,NA,125.7,"0","0","0","0",20,"0",15.5,2.8,-4.06,"Enrolled",NA
"1","9773","1",1,150,"1","9","5",143,"0","0","0","0",18,"0",12.7,3.7,-1.7,"Graduate",2
"1","9500","1",1,141,"1","9",NA,131.9,"1","0","0","1",18,"0",15.5,2.8,-4.06,"Graduate",1
"2","9991","0",1,134,"1","9","9",113.7,"0","0","0","0",32,"0",9.4,-0.8,-3.12,"Enrolled",NA
"1","171","1",1,146,"1","3","3",155.1,"1","0","0","0",18,"0",13.9,-0.3,0.79,"Graduate",NA
"1","9853","1",1,134,"1","9","9",121.1,"1","0","0","0",19,"0",10.8,1.4,1.74,"Enrolled",NA
"1","9500","1",1,139,"1","9","3",130.3,"1","0","0","1",18,"0",9.4,-0.8,-3.12,"Graduate",NA
"1","9500","1",1,136,"1","4","5",123.3,"0","0","0","0",18,"0",9.4,-0.8,-3.12,"Dropout",NA
"1","9773","1",1,110,"1","3","5",117.4,"1","0","0","0",20,"0",11.1,0.6,2.02,"Graduate",NA
"1","9670","1",1,135,"1","4","4",140.3,"1","0","0","0",19,"0",12.4,0.5,1.79,"Enrolled",NA
"1","9500","1",1,129,"1","9","5",120,"1","0","0","0",19,"0",10.8,1.4,1.74,"Graduate",1
"1","9147","1",1,139,"1",NA,"5",133.4,"0","0","0","0",18,"0",9.4,-0.8,-3.12,"Enrolled",NA
"1","9500","1",1,137,"1","4",NA,126.7,"1","0","0","0",18,"0",15.5,2.8,-4.06,"Dropout",1
"1","9500","1",1,138,"1",NA,NA,129.3,"1","0","0","1",18,"0",12.4,0.5,1.79,"Graduate",1
"1","9500","1",1,136,"1","2","9",125.7,"1","0","0","0",20,"0",11.1,0.6,2.02,"Enrolled",NA
"1","9773","1",1,143,"1","2","5",144.8,"0","0","0","0",19,"0",16.2,0.3,-0.92,"Enrolled",NA
"1","9254","1",1,133.1,"1","3","3",98.6,"0","0","0","0",21,"0",12.7,3.7,-1.7,"Dropout",NA
"1","9853","1",1,136,"1","9","9",126.9,"1","0","0","1",19,"0",11.1,0.6,2.02,"Graduate",NA
"1","9238","1",1,139,"1","4","9",146.7,"1","0","0","1",20,"0",15.5,2.8,-4.06,"Graduate",1
"1","9500","1",1,125,"1","9","4",117,"0","0","0","1",21,"0",9.4,-0.8,-3.12,"Graduate",2
"1","9085","1",39,130,"1","9","6",130,"1","0","0","0",23,"0",11.1,0.6,2.02,"Dropout",NA
"1","9238","1",1,137,"1","5",NA,125.8,"0","0","0","1",18,"0",12.7,3.7,-1.7,"Dropout",NA
"2","9991","0",3,130,"1","1","10",160,"0","0","0","0",30,"0",12.7,3.7,-1.7,"Dropout",1
"1","9085","1",1,130,"1","4","1",134.2,"1","0","0","0",20,"0",9.4,-0.8,-3.12,"Dropout",NA
"2","9147","1",1,160,"1","9","9",96,"0","0","0","0",29,"0",10.8,1.4,1.74,"Dropout",NA
"1","9147","1",1,100,"1","5","5",101.8,"1","0","0","0",24,"0",10.8,1.4,1.74,"Enrolled",1
"1","9238","1",1,136,"1","4","3",125.2,"1","0","0","0",20,"0",7.6,2.6,0.32,"Graduate",NA
"1","8014","0",1,117,"1","9","9",100,"0","0","0","0",27,"0",13.9,-0.3,0.79,"Dropout",NA
"2","9147","1",3,140,"1","9","9",140,"0","0","0","0",23,"0",7.6,2.6,0.32,"Dropout",1
"1","9070","1",1,132,"1",NA,NA,120,"0","0","0","1",23,"0",11.1,0.6,2.02,"Graduate",NA
"1","9500","1",1,147,"1","4","4",134.3,"1","0","0","0",18,"0",12.7,3.7,-1.7,"Graduate",1
"1","9773","1",1,158,"1","9",NA,144.7,"1","0","0","1",19,"0",12.7,3.7,-1.7,"Graduate",NA
"1","9500","1",1,142,"1","4","9",131.9,"1","0","0","0",19,"0",13.9,-0.3,0.79,"Dropout",NA
"1","9773","1",1,143,"1",NA,NA,136.7,"1","0","0","1",18,"0",11.1,0.6,2.02,"Dropout",NA
"1","9070","1",1,135,"1","4",NA,129.8,"1","0","0","0",19,"0",9.4,-0.8,-3.12,"Graduate",1
"1","9773","1",1,160,"1","4",NA,146.5,"0","0","0","1",18,"0",13.9,-0.3,0.79,"Graduate",NA
"1","9991","0",1,120,"1","9",NA,122.5,"1","0","0","0",29,"0",9.4,-0.8,-3.12,"Enrolled",1
"1","9556","1",19,133.1,"1","3",NA,117.8,"0","0","0","0",24,"0",13.9,-0.3,0.79,"Graduate",2
"1","9556","1",1,133.1,"1","9",NA,106,"1","0","0","0",19,"0",8.9,1.4,3.51,"Dropout",NA
"1","9556","1",1,133,"1","4","9",119,"0","0","0","0",19,"0",12.7,3.7,-1.7,"Enrolled",2
"1","9670","1",1,120,"1","4",NA,115.1,"0","0","0","0",19,"0",10.8,1.4,1.74,"Enrolled",1
"1","9254","1",1,106,"1","9",NA,116.9,"1","0","0","0",20,"0",11.1,0.6,2.02,"Graduate",NA
"1","9773","1",1,148,"1","9","9",141.7,"0","0","0","0",18,"0",10.8,1.4,1.74,"Graduate",NA
"1","9070","1",1,134,"1","3","3",127.7,"1","0","0","0",18,"0",13.9,-0.3,0.79,"Dropout",NA
"1","9500","1",1,130,"1","9","5",122.1,"1","0","0","1",19,"0",12.4,0.5,1.79,"Graduate",1
"1","9085","1",1,150,"1","2","1",153.5,"1","0","0","0",19,"0",13.9,-0.3,0.79,"Dropout",NA
"1","171","1",1,141,"1","5",NA,141.4,"1","0","0","1",18,"0",13.9,-0.3,0.79,"Graduate",NA
"1","9773","1",1,140,"1","9","6",135.8,"1","0","0","1",19,"0",10.8,1.4,1.74,"Graduate",NA
"1","9500","1",1,138,"1","2","2",127.5,"1","0","0","1",18,"0",16.2,0.3,-0.92,"Graduate",NA
"1","9991","0",1,130,"1","9","9",151.6,"0","0","0","0",24,"0",16.2,0.3,-0.92,"Enrolled",NA
"1","9500","1",1,133.1,"1","5","6",121.4,"0","0","0","0",28,"0",13.9,-0.3,0.79,"Enrolled",NA
"1","9500","1",1,133,"1","4","4",100,"0","0","0","0",20,"0",12.7,3.7,-1.7,"Graduate",NA
"1","9500","1",1,150,"1","9","9",131.5,"1","0","0","1",19,"0",12.7,3.7,-1.7,"Graduate",NA
"1","9147","1",1,117,"1","9","9",109.3,"0","0","0","0",22,"0",9.4,-0.8,-3.12,"Dropout",NA
"1","9238","1",1,145,"1","6","5",127.9,"1","0","0","0",19,"0",12.7,3.7,-1.7,"Graduate",1
"1","9238","1",3,140,"1","9","9",140,"1","0","0","0",36,"0",16.2,0.3,-0.92,"Graduate",NA
"1","9003","1",39,160,"1","9",NA,160,"0","0","0","1",19,"0",15.5,2.8,-4.06,"Graduate",NA
"1","9238","1",1,125,"1","1","1",119.8,"0","0","0","0",18,"0",16.2,0.3,-0.92,"Graduate",NA
"4","9991","0",12,133.1,"1","9","9",153,"0","0","0","0",40,"0",7.6,2.6,0.32,"Dropout",NA
"1","9500","1",1,139,"1","9",NA,125,"1","0","0","1",19,"0",7.6,2.6,0.32,"Graduate",NA
"4","9500","1",1,130,"1","9","9",103.7,"0","0","0","0",38,"0",10.8,1.4,1.74,"Enrolled",1
"1","9085","1",3,120,"1",NA,NA,120,"0","0","0","0",32,"0",15.5,2.8,-4.06,"Dropout",2
"1","9853","1",1,160,"1","9","9",146,"1","0","0","0",19,"0",9.4,-0.8,-3.12,"Enrolled",1
"1","9070","1",1,120,"1","4","4",116.9,"1","0","0","0",19,"0",8.9,1.4,3.51,"Graduate",NA
"2","9147","1",1,130,"1","9","9",117.9,"0","0","0","0",35,"0",10.8,1.4,1.74,"Dropout",NA
"1","9147","1",1,124,"1","3","10",128.6,"1","0","0","0",20,"0",7.6,2.6,0.32,"Enrolled",1
"1","9853","1",1,150,"1","3","4",135,"0","0","0","0",29,"0",12.7,3.7,-1.7,"Graduate",2
"1","9991","0",1,140,"1","9","9",124.6,"0","0","0","0",29,"0",15.5,2.8,-4.06,"Enrolled",2
"1","9500","1",1,135,"1",NA,NA,124,"1","0","0","1",19,"0",9.4,-0.8,-3.12,"Enrolled",NA
"1","9500","1",1,143,"1",NA,"9",129.5,"1","0","0","1",18,"0",10.8,1.4,1.74,"Graduate",NA
"2","8014","0",19,100,"1",NA,"10",111.3,"0","0","0","0",25,"0",7.6,2.6,0.32,"Graduate",NA
"4","8014","0",19,133.1,"1","9","9",95,"0","0","0","0",50,"0",8.9,1.4,3.51,"Dropout",NA
"2","9147","1",1,133.1,"1",NA,NA,131.8,"0","0","0","0",24,"0",7.6,2.6,0.32,"Dropout",NA
"1","9119","1",1,132,"1","5","3",119.1,"0","0","0","0",18,"0",9.4,-0.8,-3.12,"Dropout",2
"1","9085","1",1,131,"1",NA,NA,125.4,"1","0","0","0",20,"0",15.5,2.8,-4.06,"Graduate",1
"1","9003","1",1,147,"1","4","9",140.7,"1","0","0","1",20,"0",15.5,2.8,-4.06,"Graduate",NA
"1","9991","0",1,141,"1","9","9",131.9,"0","0","0","0",21,"0",9.4,-0.8,-3.12,"Dropout",NA
"1","9238","1",1,160,"1","9","3",124,"0","0","1","0",28,"0",10.8,1.4,1.74,"Enrolled",2
"1","9254","1",1,135,"1","9",NA,139.2,"0","0","1","1",19,"0",12.4,0.5,1.79,"Graduate",NA
"1","9500","1",1,133,"1","9",NA,121.8,"0","0","1","1",18,"0",9.4,-0.8,-3.12,"Graduate",NA
"1","171","1",1,142,"1","9","9",132.9,"0","0","1","0",22,"0",12.7,3.7,-1.7,"Graduate",NA
"1","9003","1",39,130,"1","9","10",130,"0","0","1","0",25,"0",15.5,2.8,-4.06,"Dropout",NA
"2","9500","1",1,133.1,"1","9","9",130.1,"0","0","1","0",37,"0",11.1,0.6,2.02,"Dropout",NA
"1","9500","1",1,133.1,"1",NA,NA,124.5,"0","0","1","0",38,"0",11.1,0.6,2.02,"Dropout",NA
"2","9670","1",1,130,"1","9","9",162.3,"0","0","1","0",36,"0",13.9,-0.3,0.79,"Dropout",NA
"1","9500","1",1,149,"1","9","9",137.8,"1","0","1","0",18,"0",12.7,3.7,-1.7,"Graduate",NA
"1","9670","1",1,130,"1",NA,NA,119.5,"0","0","1","0",19,"0",9.4,-0.8,-3.12,"Dropout",NA
"1","9130","1",1,150,"1","4","10",110,"0","0","1","0",24,"0",9.4,-0.8,-3.12,"Dropout",2
"1","9238","1",1,106,"1","3","3",105,"0","0","1","0",20,"0",11.1,0.6,2.02,"Graduate",NA
"1","171","1",1,162,"1","9","9",142.8,"1","0","1","0",21,"0",12.7,3.7,-1.7,"Dropout",NA
"2","9991","0",1,120,"1","9","9",128.2,"1","0","1","0",32,"0",7.6,2.6,0.32,"Dropout",NA
"2","9991","0",19,133.1,"1",NA,NA,120,"0","0","1","0",39,"0",12.7,3.7,-1.7,"Dropout",NA
"1","9119","1",3,130,"1","9","9",130,"0","0","1","0",33,"0",12.7,3.7,-1.7,"Dropout",2
"1","9670","1",1,128,"1","5",NA,121.7,"0","0","1","1",20,"0",9.4,-0.8,-3.12,"Graduate",NA
"1","9003","1",1,124,"1","9",NA,116,"0","0","1","0",19,"0",16.2,0.3,-0.92,"Graduate",NA
"2","9991","0",1,133.1,"1","5",NA,133.2,"0","0","1","0",43,"0",13.9,-0.3,0.79,"Dropout",2
"2","9991","0",1,114,"1",NA,NA,116.7,"0","0","1","0",49,"0",16.2,0.3,-0.92,"Dropout",2
"1","9773","1",1,140,"1","5",NA,126.4,"1","0","1","1",18,"0",12.7,3.7,-1.7,"Graduate",2
"1","9003","1",1,160,"1",NA,NA,140,"0","0","1","0",27,"0",11.1,0.6,2.02,"Enrolled",NA
"1","9147","1",1,122,"1","9","9",120.3,"1","0","1","1",19,"0",8.9,1.4,3.51,"Dropout",1
"1","9070","1",1,140,"1","9","10",118,"0","0","1","1",45,"0",16.2,0.3,-0.92,"Dropout",2
"1","9670","1",1,160,"1","9","9",149.5,"1","0","1","0",19,"0",13.9,-0.3,0.79,"Graduate",NA
"1","9003","1",39,130,"1","9","6",130,"0","0","1","1",21,"0",13.9,-0.3,0.79,"Graduate",NA
"1","9670","1",1,141,"1","5","9",126.3,"0","0","1","1",18,"0",13.9,-0.3,0.79,"Graduate",2
"1","9147","1",1,127,"1","5",NA,116.2,"0","0","1","0",18,"0",9.4,-0.8,-3.12,"Dropout",NA
"1","9254","1",1,126,"1","5","1",126,"0","0","1","0",29,"0",9.4,-0.8,-3.12,"Dropout",NA
"1","9670","1",1,131,"1","4","9",122.3,"0","0","1","0",19,"0",9.4,-0.8,-3.12,"Graduate",NA
"1","9147","1",1,130,"1","9",NA,119.5,"1","0","1","1",18,"0",12.4,0.5,1.79,"Enrolled",1
"1","9070","1",39,130,"1","9","9",131.8,"0","0","1","1",22,"0",12.4,0.5,1.79,"Graduate",NA
"1","9500","1",1,140,"1","4","3",130.7,"1","0","1","1",18,"0",11.1,0.6,2.02,"Dropout",NA
"1","9130","1",39,140,"1","4",NA,140,"0","0","1","0",20,"0",13.9,-0.3,0.79,"Enrolled",2
"1","171","1",1,140,"1","1","1",129.5,"1","0","1","0",20,"0",10.8,1.4,1.74,"Dropout",NA
"4","9670","1",19,133.1,"1","9",NA,130,"0","0","1","1",29,"0",11.1,0.6,2.02,"Dropout",2
"1","9670","1",1,120,"1",NA,"4",114,"1","0","1","0",29,"0",7.6,2.6,0.32,"Dropout",NA
"1","9773","1",1,121,"1","4","5",121,"1","0","1","0",23,"0",9.4,-0.8,-3.12,"Enrolled",NA
"1","171","1",1,123,"1","2","9",116.4,"1","0","1","0",19,"0",10.8,1.4,1.74,"Dropout",NA
"1","9119","1",1,136,"1","9","9",121.7,"1","0","1","0",18,"0",7.6,2.6,0.32,"Dropout",1
"2","9254","1",1,136,"1",NA,NA,130,"1","0","1","0",22,"0",7.6,2.6,0.32,"Dropout",1
"1","9991","0",1,120,"1","9","9",120,"1","0","1","0",34,"0",10.8,1.4,1.74,"Dropout",NA
"1","9991","0",4,160,"1","2","1",125,"0","0","1","0",26,"0",13.9,-0.3,0.79,"Graduate",NA
"1","171","1",1,125,"1",NA,"9",134.1,"1","0","1","0",24,"0",11.1,0.6,2.02,"Dropout",NA
"1","9670","1",1,146,"1","9",NA,149.5,"1","0","1","1",17,"0",11.1,0.6,2.02,"Graduate",NA
"1","9670","1",1,117,"1","4","4",113.2,"0","0","1","0",21,"0",9.4,-0.8,-3.12,"Enrolled",2
"2","9991","0",1,150,"1","4","2",146,"0","0","1","0",34,"0",12.7,3.7,-1.7,"Enrolled",NA
"1","9003","1",39,140,"1","6",NA,140,"1","0","1","0",19,"0",12.4,0.5,1.79,"Graduate",1
"2","9003","1",1,111,"1","4","2",162.4,"0","0","1","0",49,"0",8.9,1.4,3.51,"Dropout",NA
"1","9500","1",1,120,"1","4","5",136.6,"0","0","1","0",23,"0",13.9,-0.3,0.79,"Dropout",NA
"1","9119","1",1,111,"1","9",NA,111,"1","0","1","0",18,"0",12.4,0.5,1.79,"Dropout",NA
"1","9500","1",1,118,"1","4","10",115.7,"0","0","1","0",20,"0",13.9,-0.3,0.79,"Enrolled",NA
"1","9670","1",1,106,"1","2","3",105.7,"1","0","1","0",19,"0",8.9,1.4,3.51,"Graduate",1
"1","9003","1",39,120,"1","2","6",128.2,"1","0","1","0",24,"0",16.2,0.3,-0.92,"Enrolled",NA
"1","9147","1",1,151,"1","4",NA,137,"1","0","1","0",18,"0",8.9,1.4,3.51,"Graduate",NA
"2","9254","1",19,133.1,"1",NA,NA,120,"0","0","1","0",45,"0",9.4,-0.8,-3.12,"Dropout",2
"1","9991","0",1,120,"1",NA,NA,120.5,"1","0","1","0",30,"0",7.6,2.6,0.32,"Dropout",NA
"1","9991","0",39,120,"1","4","10",118.1,"0","0","1","0",28,"0",8.9,1.4,3.51,"Dropout",2
"1","9991","0",1,110,"1","9","9",139,"0","0","1","0",40,"0",12.7,3.7,-1.7,"Dropout",NA
"1","9147","1",19,133.1,"1","4","10",116.3,"0","0","1","0",32,"0",10.8,1.4,1.74,"Dropout",NA
"1","9254","1",1,118,"1","5","5",120.5,"1","0","1","0",19,"0",7.6,2.6,0.32,"Dropout",NA
"1","9070","1",1,139,"1","3","9",134.9,"1","0","1","0",20,"0",16.2,0.3,-0.92,"Graduate",2
"1","9119","1",1,130,"1","4","2",123,"0","0","1","0",18,"0",9.4,-0.8,-3.12,"Dropout",2
"1","9670","1",1,132,"1","9","9",122.9,"0","0","1","0",20,"0",10.8,1.4,1.74,"Dropout",NA
"1","9991","0",1,100,"1","9","4",140,"0","0","1","0",39,"0",15.5,2.8,-4.06,"Enrolled",2
"1","9085","1",1,120,"1","4",NA,122.5,"0","0","1","0",19,"0",11.1,0.6,2.02,"Enrolled",NA
"1","9991","0",12,133.1,"1","9","9",121.5,"0","0","1","0",38,"0",7.6,2.6,0.32,"Enrolled",NA
"1","9500","1",1,156,"1","4","9",132.3,"1","0","1","1",18,"0",7.6,2.6,0.32,"Graduate",NA
"1","9500","1",1,143,"1","9","6",131.5,"1","0","1","1",18,"0",13.9,-0.3,0.79,"Graduate",2
"2","9130","1",9,133.1,"1",NA,NA,128.2,"0","0","1","0",28,"0",7.6,2.6,0.32,"Dropout",NA
"1","9670","1",1,140,"1","9","9",148,"1","0","1","0",31,"0",12.7,3.7,-1.7,"Dropout",2
"1","9500","1",1,127,"1","3","9",121.5,"0","0","1","0",23,"0",7.6,2.6,0.32,"Graduate",2
"1","9500","1",1,135,"1",NA,NA,135.4,"1","0","1","0",21,"0",11.1,0.6,2.02,"Enrolled",NA
"1","9238","1",19,133.1,"1","9","9",139,"0","0","1","0",33,"0",16.2,0.3,-0.92,"Dropout",NA
"1","9147","1",1,120,"1","5","3",113.4,"0","0","1","0",22,"0",12.7,3.7,-1.7,"Dropout",NA
"1","9119","1",39,150,"1","9","9",150,"1","0","1","0",20,"0",12.4,0.5,1.79,"Dropout",NA
"1","9670","1",1,123,"1","3","3",122,"0","0","1","0",19,"0",8.9,1.4,3.51,"Enrolled",NA
"1","9085","1",39,150,"1","4","1",150,"1","0","1","0",20,"0",16.2,0.3,-0.92,"Graduate",2
"1","9254","1",12,133.1,"1","5",NA,119.3,"1","0","1","0",25,"0",9.4,-0.8,-3.12,"Enrolled",NA
"1","9003","1",1,130,"1","9","4",140,"0","0","1","0",25,"0",13.9,-0.3,0.79,"Dropout",NA
"1","9070","1",1,140,"1","2","10",125,"1","0","1","0",19,"0",9.4,-0.8,-3.12,"Enrolled",2
"1","9670","1",1,141,"1","2","4",140.7,"1","0","1","0",20,"0",7.6,2.6,0.32,"Graduate",1
"2","9500","1",19,133.1,"1","4","4",100,"0","0","1","0",33,"0",16.2,0.3,-0.92,"Enrolled",2
"1","9773","1",1,146,"1","5","5",146.7,"1","0","1","0",19,"0",7.6,2.6,0.32,"Graduate",1
"1","9130","1",19,133.1,"1",NA,NA,96,"0","0","1","0",31,"0",7.6,2.6,0.32,"Dropout",NA
"1","9119","1",39,160,"1","2","3",160,"0","0","1","0",24,"0",8.9,1.4,3.51,"Dropout",NA
"1","9119","1",39,130,"1","3","4",130,"0","0","1","0",23,"0",15.5,2.8,-4.06,"Dropout",NA
"2","9991","0",1,160,"1","1","2",130,"0","0","1","1",26,"0",9.4,-0.8,-3.12,"Dropout",2
"2","9070","1",2,140,"1","6","6",140,"1","0","1","0",38,"0",16.2,0.3,-0.92,"Graduate",NA
"1","9119","1",1,126,"1",NA,"3",116.6,"1","0","1","1",20,"0",8.9,1.4,3.51,"Graduate",NA
"1","9119","1",1,118,"1","9","9",120.5,"1","0","1","0",20,"0",12.4,0.5,1.79,"Graduate",NA
"1","9085","1",19,133.1,"1","2","5",103,"0","0","1","0",25,"0",10.8,1.4,1.74,"Dropout",NA
"1","9070","1",1,121,"1",NA,NA,111.9,"1","0","1","0",19,"0",8.9,1.4,3.51,"Graduate",1
"1","9119","1",1,148,"1","4","5",148.7,"0","0","1","0",18,"0",8.9,1.4,3.51,"Graduate",NA
"1","9991","0",12,133.1,"1","9","9",120,"0","0","1","0",28,"0",10.8,1.4,1.74,"Dropout",NA
"1","9119","1",1,140,"1","9","9",125.7,"1","0","1","0",18,"0",9.4,-0.8,-3.12,"Enrolled",2
"1","9254","1",1,132,"1","9","9",120.1,"1","0","1","1",20,"0",8.9,1.4,3.51,"Graduate",NA
"1","9130","1",1,140,"1","3","3",127.8,"0","0","1","0",18,"0",11.1,0.6,2.02,"Graduate",NA
"1","9147","1",1,112,"1","3","3",106.4,"1","0","1","0",19,"0",12.4,0.5,1.79,"Graduate",NA
"1","9500","1",1,100,"1","9","9",100,"0","0","1","0",24,"0",12.7,3.7,-1.7,"Dropout",NA
"1","9085","1",1,126,"1","5","5",123.9,"1","0","1","0",21,"0",10.8,1.4,1.74,"Dropout",NA
"1","9670","1",1,150,"1","4",NA,139.5,"0","0","1","1",20,"0",12.7,3.7,-1.7,"Graduate",NA
"1","9003","1",39,150,"1","9",NA,150,"1","0","1","0",21,"0",13.9,-0.3,0.79,"Graduate",2
"2","9556","1",1,144,"1",NA,NA,139.8,"0","0","1","0",24,"0",10.8,1.4,1.74,"Graduate",NA
"1","9991","0",1,133.1,"1","9","9",154.4,"0","0","1","0",27,"0",10.8,1.4,1.74,"Dropout",2
"1","9147","1",1,120,"1","9","9",115.5,"1","0","1","0",19,"0",8.9,1.4,3.51,"Enrolled",1
"1","8014","0",1,133.1,"1","4",NA,119,"0","0","1","0",39,"0",8.9,1.4,3.51,"Graduate",NA
"1","33","1",1,133.1,"1","9","9",96.1,"0","0","1","0",25,"0",12.4,0.5,1.79,"Dropout",NA
"1","171","1",3,130,"1","9","2",130,"0","0","1","0",18,"0",9.4,-0.8,-3.12,"Dropout",NA
"1","9070","1",1,133,"1","9","2",128.8,"0","0","1","0",19,"0",10.8,1.4,1.74,"Graduate",NA
"1","9773","1",1,124,"1","9",NA,126.8,"0","0","1","1",21,"0",13.9,-0.3,0.79,"Graduate",NA
"1","9991","0",40,130,"1","4","2",130,"0","0","1","0",27,"0",8.9,1.4,3.51,"Dropout",NA
"1","9147","1",1,124,"1","5","3",116.7,"1","0","1","0",19,"0",7.6,2.6,0.32,"Enrolled",NA
"1","9500","1",1,132,"1","2",NA,125.5,"1","0","1","0",18,"0",10.8,1.4,1.74,"Enrolled",NA
"1","9670","1",3,110,"1","3","3",110,"1","0","1","0",27,"0",9.4,-0.8,-3.12,"Dropout",NA
"1","9773","1",1,127,"1",NA,"3",133.7,"1","0","1","0",18,"0",12.7,3.7,-1.7,"Dropout",1
"1","9130","1",1,130,"1","9","1",117.6,"0","0","1","0",19,"0",9.4,-0.8,-3.12,"Enrolled",NA
"1","9003","1",39,140,"1","9","10",140,"0","0","1","0",19,"0",13.9,-0.3,0.79,"Dropout",NA
"1","9003","1",39,150,"1","1","1",150,"0","0","1","0",22,"0",15.5,2.8,-4.06,"Enrolled",NA
"1","9238","1",1,133,"1","4","5",133.7,"1","0","0","0",18,"0",10.8,1.4,1.74,"Graduate",NA
"1","9773","1",1,109,"1","9","3",137,"1","0","0","1",18,"0",10.8,1.4,1.74,"Graduate",NA
"1","9147","1",1,133.1,"1","2","1",128.2,"0","0","0","0",23,"0",9.4,-0.8,-3.12,"Dropout",NA
"1","171","1",1,133,"1","9","5",129.2,"1","0","1","0",20,"0",9.4,-0.8,-3.12,"Dropout",NA
"1","9773","1",1,134,"1","3","3",129.5,"1","0","1","0",18,"0",16.2,0.3,-0.92,"Graduate",2
"1","9773","1",1,125,"1","9",NA,129.6,"1","0","1","0",18,"0",12.4,0.5,1.79,"Graduate",NA
"1","9119","1",1,135,"1",NA,NA,121.7,"1","0","1","0",18,"0",8.9,1.4,3.51,"Enrolled",NA
"1","9773","1",1,132,"1","9","9",141.8,"1","0","1","0",20,"0",12.7,3.7,-1.7,"Graduate",2
"1","9773","1",1,135,"1","2","4",129.8,"1","0","1","0",20,"0",15.5,2.8,-4.06,"Graduate",NA
"1","9070","1",39,100,"1","4","4",106,"0","0","1","0",21,"0",12.4,0.5,1.79,"Dropout",2
"1","171","1",1,144,"1","9","4",121.6,"0","0","1","0",22,"0",13.9,-0.3,0.79,"Enrolled",2
"1","9119","1",1,125,"1","5","4",121.5,"1","0","1","0",20,"0",11.1,0.6,2.02,"Dropout",NA
"1","171","1",1,133.1,"1","9","9",117,"0","0","1","0",19,"0",15.5,2.8,-4.06,"Enrolled",NA
"1","9119","1",39,130,"1","9","5",130,"1","0","1","0",19,"0",12.4,0.5,1.79,"Enrolled",NA
"1","9670","1",1,117,"1","4","4",117.7,"1","0","1","0",20,"0",8.9,1.4,3.51,"Graduate",NA
"1","9085","1",39,140,"1","5",NA,140,"1","0","1","0",19,"0",12.4,0.5,1.79,"Dropout",1
"1","9119","1",1,132,"1","3","3",133.1,"1","0","1","0",19,"0",11.1,0.6,2.02,"Dropout",NA
"1","9119","1",1,133.1,"41","2","2",100,"0","0","1","0",24,"1",8.9,1.4,3.51,"Enrolled",2
"1","9670","1",1,132,"1","5","4",119.1,"0","0","1","0",18,"0",10.8,1.4,1.74,"Dropout",NA
"1","9119","1",1,148,"1","9",NA,129.8,"0","0","1","1",18,"0",8.9,1.4,3.51,"Enrolled",2
"1","9238","1",1,133,"1","9",NA,131.3,"1","0","0","0",18,"0",8.9,1.4,3.51,"Dropout",NA
"1","9773","1",1,143,"1",NA,NA,136.7,"1","0","0","0",18,"0",8.9,1.4,3.51,"Graduate",1
"1","9238","1",1,143,"1","9","9",126.2,"1","0","0","1",21,"0",12.4,0.5,1.79,"Graduate",NA
"1","9085","1",1,133.1,"41","9","9",109.6,"0","0","0","0",18,"1",11.1,0.6,2.02,"Dropout",NA
"1","9500","1",1,141,"1","3","3",131.9,"1","0","0","1",18,"0",11.1,0.6,2.02,"Graduate",NA
"1","9238","1",1,140,"1","9","9",140.7,"1","0","0","1",18,"0",10.8,1.4,1.74,"Graduate",1
"1","8014","0",1,134,"1","2","4",120.7,"1","0","0","0",23,"0",13.9,-0.3,0.79,"Dropout",NA
"1","9147","1",1,118,"1","2","4",113.8,"1","0","0","0",21,"0",8.9,1.4,3.51,"Graduate",1
"1","9238","1",1,135,"1",NA,"5",121,"0","0","0","0",20,"0",9.4,-0.8,-3.12,"Enrolled",2
"1","8014","0",1,119,"1",NA,NA,112.4,"1","0","0","0",26,"0",7.6,2.6,0.32,"Dropout",1
"1","9773","1",1,145,"1","4","4",131,"1","0","0","1",18,"0",7.6,2.6,0.32,"Enrolled",NA
"1","171","1",1,143,"1","9","9",142.7,"1","0","0","0",18,"0",16.2,0.3,-0.92,"Dropout",NA
"1","9670","1",1,123,"1","9",NA,125.5,"0","0","0","1",19,"0",8.9,1.4,3.51,"Graduate",NA
"1","9500","1",1,108,"1","9","3",107.8,"1","0","0","1",20,"0",13.9,-0.3,0.79,"Graduate",NA
"1","9773","1",1,117,"1",NA,NA,110.4,"1","0","0","0",19,"0",16.2,0.3,-0.92,"Dropout",NA
"1","9238","1",39,140,"1",NA,NA,136.1,"1","0","0","0",21,"0",12.4,0.5,1.79,"Enrolled",1
"1","9254","1",1,170,"1","4","6",138.3,"0","0","0","0",33,"0",10.8,1.4,1.74,"Graduate",NA
"1","9085","1",1,157,"1","4","6",142.3,"0","0","0","0",18,"0",7.6,2.6,0.32,"Graduate",NA
"1","9500","1",6,141,"1","9","4",145,"0","0","0","0",21,"0",7.6,2.6,0.32,"Graduate",NA
"1","9773","1",1,125,"1","2","3",125.7,"1","0","0","0",19,"0",8.9,1.4,3.51,"Graduate",1
"4","9853","1",19,133.1,"1","9","9",108,"0","0","0","0",33,"0",8.9,1.4,3.51,"Enrolled",NA
"2","9500","1",1,143,"1","5","5",128.7,"1","0","0","0",18,"0",15.5,2.8,-4.06,"Graduate",NA
"1","9670","1",1,142,"1","4","4",128,"0","0","0","1",18,"0",11.1,0.6,2.02,"Graduate",NA
"1","9773","1",1,150,"1","4","4",146.5,"1","0","0","1",20,"0",11.1,0.6,2.02,"Graduate",NA
"1","9254","1",1,112,"1","6","6",106.1,"1","0","0","0",20,"0",11.1,0.6,2.02,"Dropout",NA
"1","8014","0",1,133.1,"1","1","1",118,"0","0","0","1",20,"0",10.8,1.4,1.74,"Graduate",NA
"1","9085","1",1,125,"1","4","9",117,"1","0","0","1",19,"0",10.8,1.4,1.74,"Graduate",NA
"1","9238","1",1,121,"1",NA,NA,115.4,"1","0","0","1",19,"0",13.9,-0.3,0.79,"Graduate",NA
"1","9238","1",1,133.1,"1","2","3",117,"1","0","0","0",21,"0",11.1,0.6,2.02,"Graduate",NA
"1","9085","1",1,133.1,"1","4","2",144.9,"1","0","0","0",26,"0",12.4,0.5,1.79,"Enrolled",NA
"1","9238","1",1,135,"1",NA,"6",127,"0","0","0","0",21,"0",16.2,0.3,-0.92,"Dropout",NA
"1","9500","1",1,132,"1","5","5",118,"1","0","0","0",18,"0",12.7,3.7,-1.7,"Graduate",1
"5","9853","1",19,133.1,"1","9",NA,118,"0","0","0","0",27,"0",12.4,0.5,1.79,"Dropout",NA
"1","9070","1",1,135,"1","3","9",126.4,"1","0","0","1",20,"0",15.5,2.8,-4.06,"Graduate",1
"1","9670","1",39,110,"1",NA,"10",110,"0","0","0","0",21,"0",16.2,0.3,-0.92,"Enrolled",NA
"1","9556","1",1,133,"1","9","9",124.4,"1","0","0","1",18,"0",15.5,2.8,-4.06,"Graduate",1
"1","9085","1",39,140,"1","9","9",140,"1","0","0","0",20,"0",16.2,0.3,-0.92,"Enrolled",1
"1","9773","1",1,135,"1","4","10",129.4,"1","0","0","0",18,"0",11.1,0.6,2.02,"Graduate",NA
"1","9238","1",39,140,"1","3","5",141.7,"0","0","0","1",20,"0",13.9,-0.3,0.79,"Graduate",NA
"1","9085","1",1,144,"1","4","10",132.1,"1","0","0","1",19,"0",12.7,3.7,-1.7,"Graduate",1
"1","9500","1",1,122,"1","9","2",116.8,"1","0","0","0",20,"0",13.9,-0.3,0.79,"Graduate",NA
"1","9991","0",1,143,"1","5",NA,135,"0","0","0","1",20,"0",10.8,1.4,1.74,"Graduate",NA
"1","9085","1",39,150,"1","5","5",150,"0","0","0","0",20,"0",12.7,3.7,-1.7,"Enrolled",NA
"1","9238","1",1,124,"1",NA,"10",116,"1","0","0","0",19,"0",13.9,-0.3,0.79,"Dropout",NA
"1","9773","1",1,156,"1",NA,NA,155,"0","0","0","0",18,"0",8.9,1.4,3.51,"Graduate",NA
"1","9085","1",1,142,"1","9","10",127,"1","0","0","0",18,"0",10.8,1.4,1.74,"Graduate",NA
"1","9500","1",1,142,"1","9",NA,130.8,"1","0","0","1",19,"0",13.9,-0.3,0.79,"Graduate",NA
"1","9500","1",1,126,"1","5","9",121.8,"1","0","0","0",19,"0",12.4,0.5,1.79,"Dropout",NA
"1","9003","1",19,133.1,"1","9","4",140,"0","0","1","0",43,"0",16.2,0.3,-0.92,"Enrolled",2
"2","9070","1",1,170,"1",NA,"4",148.5,"0","0","1","0",47,"0",9.4,-0.8,-3.12,"Dropout",NA
"1","9147","1",1,130,"1",NA,NA,109.8,"1","0","1","0",23,"0",7.6,2.6,0.32,"Dropout",1
"1","9238","1",1,133,"41","9","9",119.7,"1","0","0","1",19,"1",8.9,1.4,3.51,"Graduate",NA
"1","9500","1",1,122,"1","2","2",122,"1","0","0","0",20,"0",12.7,3.7,-1.7,"Graduate",NA
"1","171","1",1,138,"1","4","4",147.5,"1","0","0","1",19,"0",8.9,1.4,3.51,"Graduate",NA
"1","9085","1",1,163,"14","9","9",150.8,"1","0","0","0",19,"1",15.5,2.8,-4.06,"Graduate",NA
"1","9085","1",39,150,"1","4",NA,150,"1","0","0","0",19,"0",13.9,-0.3,0.79,"Graduate",1
"1","8014","0",19,133.1,"1",NA,NA,131.5,"0","0","0","1",39,"0",11.1,0.6,2.02,"Graduate",NA
"1","9070","1",1,144,"1","3","5",127.2,"1","0","0","1",20,"0",10.8,1.4,1.74,"Graduate",NA
"1","9070","1",1,118,"1","9","3",111,"1","0","0","0",21,"0",7.6,2.6,0.32,"Graduate",1
"1","9238","1",1,101,"24","9",NA,119.9,"1","0","0","0",22,"1",9.4,-0.8,-3.12,"Graduate",1
"1","9773","1",1,133,"1","5",NA,133.7,"1","0","0","0",19,"0",7.6,2.6,0.32,"Dropout",NA
"1","9670","1",1,133.1,"1",NA,NA,140,"1","0","0","0",22,"0",13.9,-0.3,0.79,"Graduate",NA
"1","9853","1",1,124,"1","3","3",113.9,"1","0","0","1",19,"0",12.7,3.7,-1.7,"Graduate",1
"1","171","1",1,127,"1","9","9",120.7,"1","0","1","0",18,"0",7.6,2.6,0.32,"Dropout",NA
"5","9147","1",1,133.1,"1","9","9",119.8,"0","0","1","0",26,"0",11.1,0.6,2.02,"Enrolled",NA
"1","9991","0",1,110,"1","9","9",121.8,"0","0","1","0",36,"0",12.7,3.7,-1.7,"Dropout",NA
"1","171","1",1,110,"1","5","5",117.7,"1","0","1","1",20,"0",12.4,0.5,1.79,"Graduate",NA
"2","9147","1",1,160,"1","9",NA,110,"0","0","1","0",30,"0",15.5,2.8,-4.06,"Dropout",NA
"1","9003","1",1,120,"1","4","10",134.4,"0","0","1","0",24,"0",15.5,2.8,-4.06,"Dropout",NA
"1","9147","1",1,133.1,"1",NA,NA,125.3,"0","0","1","0",26,"0",7.6,2.6,0.32,"Dropout",2
"1","9147","1",1,132,"1","9",NA,119.1,"0","0","1","0",19,"0",13.9,-0.3,0.79,"Dropout",NA
"5","9238","1",1,130,"1","9","10",146,"0","0","1","0",34,"0",12.4,0.5,1.79,"Graduate",NA
"1","9130","1",1,130,"1","1","1",130,"1","0","1","0",33,"0",9.4,-0.8,-3.12,"Enrolled",NA
"1","9147","1",1,129,"1","9","4",122,"1","0","1","0",19,"0",9.4,-0.8,-3.12,"Graduate",NA
"1","9119","1",1,130,"1","4","5",118.1,"1","0","1","0",26,"0",8.9,1.4,3.51,"Dropout",NA
"1","9670","1",1,140,"1",NA,NA,105.2,"0","0","1","0",29,"0",16.2,0.3,-0.92,"Dropout",NA
"1","9119","1",1,131,"1","9",NA,123.3,"1","0","1","1",19,"0",8.9,1.4,3.51,"Dropout",NA
"1","171","1",1,129,"1","9","9",124.8,"1","0","1","0",18,"0",12.7,3.7,-1.7,"Dropout",NA
"1","9991","0",19,133.1,"1","9","9",149.4,"0","0","1","0",29,"0",11.1,0.6,2.02,"Dropout",2
"1","9254","1",1,112,"1","9","9",108.5,"0","0","1","0",21,"0",9.4,-0.8,-3.12,"Graduate",NA
"1","9254","1",1,119,"1","4","10",125,"0","0","1","0",19,"0",10.8,1.4,1.74,"Enrolled",NA
"1","9500","1",1,133.1,"1","5","10",101,"0","0","1","0",20,"0",15.5,2.8,-4.06,"Graduate",2
"1","9085","1",1,123,"1","2","5",112.9,"0","0","1","0",18,"0",7.6,2.6,0.32,"Dropout",2
"1","9070","1",1,131,"1","5","5",120.2,"1","0","1","0",18,"0",15.5,2.8,-4.06,"Enrolled",NA
"1","9147","1",1,120,"1",NA,NA,111.6,"0","0","1","1",21,"0",10.8,1.4,1.74,"Enrolled",2
"1","9147","1",1,125,"1","4","2",134.1,"1","0","1","0",20,"0",8.9,1.4,3.51,"Dropout",NA
"1","9119","1",1,133.1,"1","9","9",101.6,"0","0","1","1",30,"0",12.7,3.7,-1.7,"Dropout",2
"1","9670","1",1,121,"1","4","1",111.9,"1","0","1","0",19,"0",13.9,-0.3,0.79,"Graduate",NA
"1","9147","1",1,148,"1","9","6",118.4,"1","0","1","0",30,"0",8.9,1.4,3.51,"Dropout",NA
"1","9147","1",1,139,"1","5","5",127.1,"1","0","1","1",22,"0",12.7,3.7,-1.7,"Graduate",NA
"1","171","1",1,125,"1","5","10",120.5,"1","0","1","0",22,"0",12.4,0.5,1.79,"Graduate",1
"1","9070","1",1,128,"1","9","10",136.1,"1","0","1","0",19,"0",11.1,0.6,2.02,"Dropout",NA
"1","9670","1",1,132,"1","5","3",124,"1","0","1","0",21,"0",7.6,2.6,0.32,"Dropout",NA
"1","9085","1",1,137,"1",NA,NA,141.6,"0","0","1","0",21,"0",7.6,2.6,0.32,"Graduate",NA
"1","171","1",39,160,"1","9","9",160,"1","0","1","1",21,"0",15.5,2.8,-4.06,"Dropout",2
"1","9147","1",1,120,"1","4",NA,110,"0","0","1","0",27,"0",15.5,2.8,-4.06,"Dropout",NA
"1","33","1",1,134,"1","1","1",100,"1","0","1","0",32,"0",13.9,-0.3,0.79,"Dropout",NA
"1","9670","1",12,133.1,"1","9","3",120,"0","0","1","0",40,"0",15.5,2.8,-4.06,"Dropout",NA
"1","9147","1",1,116,"1","5","3",124.8,"1","0","1","0",20,"0",7.6,2.6,0.32,"Enrolled",1
"1","9130","1",39,140,"1","2","10",140,"1","0","1","0",20,"0",12.7,3.7,-1.7,"Dropout",2
"1","171","1",1,140,"1","9","9",124.3,"1","0","1","0",18,"0",7.6,2.6,0.32,"Graduate",NA
"1","9147","1",1,122,"1","1",NA,118.9,"0","0","1","0",21,"0",12.7,3.7,-1.7,"Dropout",NA
"1","9670","1",1,141,"1","5",NA,130.2,"0","0","1","0",18,"0",12.7,3.7,-1.7,"Dropout",NA
"1","9003","1",1,120,"1",NA,NA,120,"0","0","1","0",19,"0",16.2,0.3,-0.92,"Enrolled",2
"5","9070","1",3,140,"1",NA,NA,140,"0","0","1","0",30,"0",15.5,2.8,-4.06,"Dropout",2
"1","9003","1",12,133.1,"1","9","1",130,"0","0","1","0",29,"0",15.5,2.8,-4.06,"Dropout",2
"1","9119","1",1,137,"1","4","4",130.4,"1","0","1","0",18,"0",7.6,2.6,0.32,"Dropout",NA
"1","9670","1",1,122,"1","9","9",116.1,"1","0","1","1",18,"0",9.4,-0.8,-3.12,"Dropout",NA
"1","9003","1",39,130,"1","3","10",130,"0","0","1","0",22,"0",15.5,2.8,-4.06,"Dropout",NA
"1","9991","0",1,140,"1","5","5",124.3,"1","0","1","0",27,"0",12.7,3.7,-1.7,"Dropout",2
"1","9670","1",1,125,"1","9",NA,125,"1","0","1","0",20,"0",10.8,1.4,1.74,"Graduate",NA
"1","8014","0",2,110,"1","9","10",110,"0","0","1","0",42,"0",11.1,0.6,2.02,"Graduate",2
"1","9003","1",1,133.1,"1","4",NA,115,"0","0","1","0",21,"0",15.5,2.8,-4.06,"Graduate",NA
"1","9500","1",1,132,"1",NA,NA,129.6,"0","1","1","0",23,"0",16.2,0.3,-0.92,"Graduate",NA
"1","9070","1",1,122,"1","9","9",128.8,"1","0","1","0",21,"0",8.9,1.4,3.51,"Dropout",1
"1","171","1",1,155,"1","1","1",144.2,"1","0","1","0",19,"0",12.7,3.7,-1.7,"Graduate",1
"2","9238","1",1,120,"1",NA,NA,134,"0","0","1","1",40,"0",8.9,1.4,3.51,"Dropout",NA
"1","9147","1",1,129,"1","9","5",112,"0","0","1","0",22,"0",12.7,3.7,-1.7,"Dropout",NA
"1","9500","1",1,144,"1","9","9",128.8,"1","0","1","0",19,"0",7.6,2.6,0.32,"Graduate",NA
"1","9119","1",1,130,"1","9","9",134,"0","0","1","1",24,"0",12.7,3.7,-1.7,"Enrolled",2
"1","9254","1",1,133.1,"1","2","4",125,"0","0","1","0",21,"0",12.7,3.7,-1.7,"Enrolled",2
"1","9119","1",1,133,"1","9","3",123.2,"1","0","1","0",18,"0",8.9,1.4,3.51,"Graduate",NA
"1","9119","1",1,131,"1","9",NA,118.4,"0","0","1","0",18,"0",7.6,2.6,0.32,"Dropout",NA
"1","9670","1",1,133.1,"1","3","10",116.2,"0","0","1","0",24,"0",11.1,0.6,2.02,"Dropout",2
"1","9119","1",1,133.1,"1","9","3",123,"0","0","1","1",28,"0",9.4,-0.8,-3.12,"Enrolled",NA
"1","9670","1",1,118,"1",NA,"9",113.5,"1","0","0","1",19,"0",12.4,0.5,1.79,"Graduate",NA
"1","9085","1",40,120,"1","4","2",125,"0","0","0","0",28,"0",11.1,0.6,2.02,"Enrolled",NA
"1","9853","1",1,133.1,"1","4",NA,134.8,"1","0","0","0",18,"0",7.6,2.6,0.32,"Dropout",1
"1","171","1",1,145,"1","4","3",149.9,"1","0","0","0",19,"0",16.2,0.3,-0.92,"Graduate",1
"1","9500","1",1,125,"1","4","4",119.8,"1","0","0","1",19,"0",9.4,-0.8,-3.12,"Graduate",NA
"1","9130","1",1,125,"1","3","2",125,"1","0","0","0",21,"0",10.8,1.4,1.74,"Graduate",NA
"1","9500","1",1,148,"1","4","5",135.1,"1","0","0","0",18,"0",13.9,-0.3,0.79,"Dropout",1
"1","9070","1",1,139,"1","1","5",138.3,"1","0","0","0",19,"0",9.4,-0.8,-3.12,"Graduate",1
"1","9500","1",1,130,"1",NA,NA,122.5,"1","0","0","0",19,"0",10.8,1.4,1.74,"Graduate",1
"1","9070","1",1,148,"1","2","10",148,"1","0","0","0",20,"0",15.5,2.8,-4.06,"Graduate",NA
"1","9773","1",1,130,"1","9","4",126.2,"1","0","0","0",18,"0",12.7,3.7,-1.7,"Graduate",NA
"1","9500","1",6,134,"1","9","9",129.8,"1","0","0","0",20,"0",7.6,2.6,0.32,"Graduate",NA
"1","9085","1",19,133.1,"1",NA,NA,104,"0","0","0","0",26,"0",10.8,1.4,1.74,"Dropout",NA
"1","9500","1",1,137,"1","3","4",126.7,"1","0","0","0",18,"0",13.9,-0.3,0.79,"Dropout",NA
"1","8014","0",1,130,"1","9","9",120,"0","0","0","0",58,"0",9.4,-0.8,-3.12,"Graduate",NA
"1","9500","1",1,137,"1","4","3",124.6,"0","0","0","0",18,"0",15.5,2.8,-4.06,"Graduate",NA
"1","9085","1",1,130,"1","4","3",130,"1","0","0","0",20,"0",12.4,0.5,1.79,"Enrolled",NA
"1","9991","0",1,140,"1","6",NA,127.3,"0","0","0","0",20,"0",11.1,0.6,2.02,"Dropout",NA
"1","9147","1",1,150,"1","9","9",122,"1","0","0","0",29,"0",9.4,-0.8,-3.12,"Graduate",NA
"1","9238","1",3,130,"1","4","10",125.1,"0","0","0","0",27,"0",16.2,0.3,-0.92,"Dropout",NA
"1","9085","1",1,133.1,"1","5",NA,110,"1","0","0","1",21,"0",11.1,0.6,2.02,"Graduate",1
"1","9238","1",1,134,"1","4","9",129.8,"0","0","0","1",20,"0",15.5,2.8,-4.06,"Graduate",2
"1","9238","1",1,125,"1","3",NA,114.9,"0","0","0","1",19,"0",11.1,0.6,2.02,"Graduate",1
"1","9500","1",1,141,"1","6","6",125.6,"1","0","0","1",22,"0",11.1,0.6,2.02,"Graduate",NA
"1","9070","1",1,138,"1","9",NA,125.1,"1","0","0","1",19,"0",15.5,2.8,-4.06,"Graduate",1
"1","9773","1",1,116,"1","9",NA,115.7,"1","0","0","0",19,"0",12.4,0.5,1.79,"Dropout",NA
"1","9853","1",1,122,"1","2","2",112.6,"1","0","0","0",23,"0",7.6,2.6,0.32,"Enrolled",1
"1","9773","1",1,131,"1","4","4",127.2,"1","0","0","1",18,"0",12.4,0.5,1.79,"Dropout",NA
"1","9130","1",39,140,"1","4",NA,140,"0","0","0","0",19,"0",12.7,3.7,-1.7,"Dropout",NA
"1","9003","1",39,140,"1","4","3",140,"1","0","0","0",20,"0",12.4,0.5,1.79,"Graduate",1
"1","9238","1",1,127,"1","9",NA,120.4,"1","0","0","1",19,"0",11.1,0.6,2.02,"Graduate",NA
"1","9085","1",19,133.1,"1","9","9",100,"1","0","0","1",26,"0",13.9,-0.3,0.79,"Dropout",NA
"1","9238","1",1,117,"1","4",NA,113.5,"1","0","0","1",18,"0",11.1,0.6,2.02,"Graduate",NA
"1","9085","1",1,150,"1","4","9",132.1,"1","0","0","0",29,"0",12.7,3.7,-1.7,"Dropout",NA
"1","9003","1",39,160,"1","2","6",160,"1","0","0","0",20,"0",16.2,0.3,-0.92,"Graduate",NA
"1","9070","1",1,128,"1",NA,"3",126.3,"1","0","0","0",19,"0",15.5,2.8,-4.06,"Graduate",NA
"1","9085","1",39,160,"1","4","4",160,"1","0","0","0",23,"0",12.4,0.5,1.79,"Enrolled",NA
"1","9556","1",1,126,"1","3","2",100,"0","0","0","0",25,"0",10.8,1.4,1.74,"Enrolled",NA
"1","9500","1",1,135,"1","1","1",125.8,"1","0","0","0",18,"0",10.8,1.4,1.74,"Graduate",1
"1","9070","1",1,139,"1","4",NA,142.2,"1","0","0","1",19,"0",9.4,-0.8,-3.12,"Graduate",1
"1","9853","1",1,125,"1","5","5",119.4,"1","0","0","0",18,"0",12.4,0.5,1.79,"Graduate",1
"1","9500","1",1,106,"1","4","4",106.4,"1","0","0","1",19,"0",12.4,0.5,1.79,"Enrolled",NA
"1","8014","0",40,120,"1","9","3",120,"0","0","0","0",36,"0",8.9,1.4,3.51,"Dropout",1
"1","9003","1",39,150,"1","4","9",150,"0","0","1","1",20,"0",15.5,2.8,-4.06,"Enrolled",2
"1","171","1",1,130,"41","2","3",148.6,"1","0","1","0",20,"1",11.1,0.6,2.02,"Dropout",NA
"1","9238","1",1,116,"1","9",NA,108.7,"1","0","1","0",18,"0",11.1,0.6,2.02,"Dropout",1
"1","9003","1",39,130,"1","4","6",130,"0","0","1","0",19,"0",12.4,0.5,1.79,"Enrolled",NA
"1","9238","1",1,140,"1","4","2",124.6,"1","0","1","0",20,"0",8.9,1.4,3.51,"Dropout",1
"1","9500","1",1,134,"1","4",NA,131,"1","0","1","0",18,"0",15.5,2.8,-4.06,"Graduate",2
"1","9130","1",39,130,"1","3","6",130,"1","0","1","0",20,"0",12.4,0.5,1.79,"Dropout",NA
"1","9119","1",1,122,"1",NA,"3",116.1,"1","0","1","0",24,"0",9.4,-0.8,-3.12,"Dropout",NA
"1","9773","1",1,128,"1","5",NA,125.6,"1","0","1","0",19,"0",8.9,1.4,3.51,"Dropout",1
"1","9119","1",1,130,"1",NA,"9",121.3,"1","0","1","0",18,"0",7.6,2.6,0.32,"Dropout",NA
"1","9119","1",1,113,"1","2",NA,107.4,"1","0","1","0",18,"0",8.9,1.4,3.51,"Graduate",NA
"1","9254","1",1,126,"1","4","4",116.9,"0","0","1","0",18,"0",8.9,1.4,3.51,"Graduate",NA
"1","9670","1",1,135,"1","1",NA,123.5,"1","0","1","0",22,"0",16.2,0.3,-0.92,"Dropout",NA
"1","9670","1",1,141,"1","9","9",130.5,"0","0","1","0",19,"0",11.1,0.6,2.02,"Graduate",2
"2","9085","1",12,133.1,"1","5","3",140,"1","0","0","0",32,"0",13.9,-0.3,0.79,"Dropout",NA
"1","9853","1",1,133.1,"1",NA,"3",117.1,"1","0","0","1",21,"0",7.6,2.6,0.32,"Dropout",1
"1","9500","1",1,144,"1","6","6",127.5,"1","0","0","1",19,"0",12.7,3.7,-1.7,"Graduate",1
"4","8014","0",1,140,"1","9","9",126,"0","0","0","1",39,"0",12.7,3.7,-1.7,"Graduate",NA
"1","8014","0",10,100,"1",NA,NA,113,"1","0","0","0",30,"0",7.6,2.6,0.32,"Graduate",NA
"1","9147","1",1,135,"1","5","5",130.1,"1","0","0","0",18,"0",9.4,-0.8,-3.12,"Dropout",NA
"2","9991","0",1,130,"1","9","9",110,"1","0","0","0",38,"0",7.6,2.6,0.32,"Dropout",NA
"1","9070","1",1,147,"1","5",NA,135.8,"1","0","0","0",20,"0",9.4,-0.8,-3.12,"Graduate",NA
"1","8014","0",19,149,"1",NA,NA,126.3,"0","0","0","0",55,"0",7.6,2.6,0.32,"Graduate",1
"4","9070","1",2,130,"1",NA,NA,130,"0","0","0","0",53,"0",7.6,2.6,0.32,"Dropout",1
"2","8014","0",1,120,"1",NA,NA,104,"0","0","0","0",54,"0",7.6,2.6,0.32,"Dropout",NA
"1","9500","1",1,125,"1","9",NA,123.6,"1","0","0","1",18,"0",7.6,2.6,0.32,"Enrolled",1
"1","8014","0",1,133.1,"1","9",NA,121,"0","0","0","0",44,"0",8.9,1.4,3.51,"Dropout",NA
"1","9238","1",1,149,"1","9","6",130.5,"1","0","0","0",28,"0",10.8,1.4,1.74,"Graduate",NA
"1","8014","0",43,180,"1","9","4",180,"0","0","0","0",37,"0",8.9,1.4,3.51,"Graduate",1
"1","9238","1",1,110,"1",NA,NA,112.5,"1","0","0","0",20,"0",7.6,2.6,0.32,"Graduate",NA
"1","9500","1",1,131,"1","3","2",126.1,"1","0","0","0",18,"0",15.5,2.8,-4.06,"Enrolled",NA
"1","9238","1",1,117,"1","9","9",111.8,"1","0","1","0",19,"0",8.9,1.4,3.51,"Dropout",NA
"1","9003","1",1,120,"1","5","9",131.4,"1","0","1","1",23,"0",15.5,2.8,-4.06,"Graduate",2
"1","9238","1",1,160,"1","6","6",144.3,"0","0","1","0",22,"0",13.9,-0.3,0.79,"Dropout",2
"1","9254","1",1,100,"1","3","5",115,"0","0","1","0",24,"0",11.1,0.6,2.02,"Dropout",NA
"1","9003","1",39,140,"1","4","2",120,"1","0","1","0",22,"0",12.4,0.5,1.79,"Enrolled",NA
"1","9003","1",1,160,"1","5","6",168.6,"0","0","1","0",26,"0",13.9,-0.3,0.79,"Dropout",2
"1","9773","1",1,141,"1","5","5",127.7,"1","0","1","0",18,"0",9.4,-0.8,-3.12,"Graduate",2
"1","9130","1",39,130,"1","9","9",150,"0","0","1","0",24,"0",11.1,0.6,2.02,"Dropout",NA
"1","9119","1",1,142,"1","4","3",129.8,"1","0","1","0",18,"0",10.8,1.4,1.74,"Enrolled",1
"1","171","1",1,130,"1",NA,NA,135.6,"1","0","1","0",26,"0",11.1,0.6,2.02,"Dropout",1
"1","9254","1",19,133.1,"1","9","4",100,"0","0","1","0",27,"0",16.2,0.3,-0.92,"Dropout",NA
"1","9003","1",39,140,"1","9","6",140,"1","0","1","1",20,"0",12.4,0.5,1.79,"Graduate",2
"1","9119","1",1,129,"1","4","10",124.1,"1","0","1","0",19,"0",7.6,2.6,0.32,"Dropout",NA
"1","9085","1",1,148,"1","4","9",131.6,"0","0","1","1",18,"0",11.1,0.6,2.02,"Dropout",NA
"1","9500","1",1,143,"1","4","4",129,"1","0","1","0",18,"0",10.8,1.4,1.74,"Graduate",NA
"1","9670","1",1,128,"1","9","9",135.7,"1","0","1","0",19,"0",10.8,1.4,1.74,"Enrolled",NA
"1","9070","1",1,100,"1","9","9",108,"1","0","1","0",34,"0",7.6,2.6,0.32,"Enrolled",1
"1","9238","1",1,116,"1",NA,"10",110.8,"1","0","1","0",19,"0",16.2,0.3,-0.92,"Dropout",NA
"1","9773","1",1,128,"1","4","4",124.5,"0","0","1","1",19,"0",9.4,-0.8,-3.12,"Graduate",NA
"2","9003","1",1,120,"1","1","4",100,"0","0","1","0",30,"0",15.5,2.8,-4.06,"Dropout",NA
"1","9773","1",1,121,"1","9","3",123.8,"0","0","1","0",22,"0",10.8,1.4,1.74,"Dropout",NA
"1","9147","1",1,137,"1","1","9",131.4,"0","0","1","0",19,"0",15.5,2.8,-4.06,"Dropout",NA
"1","9147","1",1,115,"1","9",NA,118.5,"0","0","1","0",21,"0",7.6,2.6,0.32,"Dropout",NA
"1","171","1",1,129,"1","9","9",122,"1","0","1","0",22,"0",7.6,2.6,0.32,"Dropout",1
"1","9254","1",1,125,"1","9","9",122.9,"0","0","1","1",19,"0",10.8,1.4,1.74,"Enrolled",NA
"1","9238","1",1,125,"1",NA,NA,118.7,"0","0","1","0",20,"0",15.5,2.8,-4.06,"Enrolled",2
"1","9003","1",19,133.1,"1","2",NA,100,"1","0","1","0",35,"0",13.9,-0.3,0.79,"Dropout",NA
"1","9147","1",1,131,"1","9","9",135.9,"1","0","1","0",20,"0",7.6,2.6,0.32,"Dropout",NA
"1","9130","1",1,133.1,"1","4","5",138.4,"0","0","1","0",21,"0",7.6,2.6,0.32,"Graduate",NA
"1","9085","1",12,133.1,"1",NA,NA,128.2,"0","0","1","0",27,"0",7.6,2.6,0.32,"Dropout",NA
"1","9773","1",1,114,"1","9","5",107.4,"1","0","1","0",26,"0",9.4,-0.8,-3.12,"Dropout",2
"1","9773","1",1,127,"1","3","3",129.8,"0","0","1","0",20,"0",10.8,1.4,1.74,"Dropout",NA
"1","9003","1",1,130,"1","6","6",100,"0","0","1","0",28,"0",15.5,2.8,-4.06,"Dropout",2
"1","9773","1",1,121,"1","9",NA,113,"1","0","1","0",19,"0",11.1,0.6,2.02,"Graduate",NA
"1","9991","0",1,120,"1","9","9",107,"0","0","1","0",47,"0",12.7,3.7,-1.7,"Dropout",NA
"4","9773","1",12,120,"1","4","9",130,"0","0","1","0",55,"0",10.8,1.4,1.74,"Dropout",2
"1","9003","1",1,120,"1","5","9",120,"1","0","1","0",39,"0",16.2,0.3,-0.92,"Dropout",2
"2","9003","1",1,120,"1","9","9",120.5,"1","0","1","0",35,"0",15.5,2.8,-4.06,"Dropout",NA
"1","9238","1",1,133.1,"1",NA,"4",120.5,"0","0","1","0",32,"0",7.6,2.6,0.32,"Dropout",NA
"1","9773","1",1,124,"1","2","9",137,"1","0","1","0",20,"0",8.9,1.4,3.51,"Graduate",1
"1","9254","1",1,150,"1","9","9",115,"0","0","1","0",36,"0",12.7,3.7,-1.7,"Graduate",2
"1","9991","0",19,133.1,"1","9","10",142.7,"0","0","1","1",34,"0",16.2,0.3,-0.92,"Graduate",NA
"1","9670","1",1,116,"1",NA,"2",116.7,"1","0","1","0",21,"0",9.4,-0.8,-3.12,"Dropout",NA
"1","9991","0",1,133.1,"1","3","10",136.1,"0","0","1","1",42,"0",13.9,-0.3,0.79,"Dropout",NA
"1","9003","1",19,133.1,"1","9",NA,134.3,"0","0","1","0",25,"0",12.4,0.5,1.79,"Dropout",NA
"1","9773","1",1,167,"1","6",NA,153,"1","0","1","1",18,"0",8.9,1.4,3.51,"Dropout",NA
"1","9773","1",1,140,"1","9","9",132,"0","0","1","1",18,"0",12.7,3.7,-1.7,"Graduate",NA
"1","9238","1",1,124,"1","9",NA,129.6,"1","0","1","0",19,"0",7.6,2.6,0.32,"Graduate",NA
"1","9085","1",1,110,"1","4","6",105,"0","0","1","0",34,"0",13.9,-0.3,0.79,"Dropout",2
"1","9773","1",1,150,"1","4","5",130.8,"0","0","1","0",20,"0",10.8,1.4,1.74,"Dropout",NA
"1","9500","1",1,123,"1",NA,NA,119.7,"0","0","1","0",20,"0",13.9,-0.3,0.79,"Dropout",NA
"1","9500","1",1,152,"1","4","9",132.5,"0","0","1","0",21,"0",10.8,1.4,1.74,"Graduate",2
"1","9003","1",39,130,"1","3","10",130,"1","0","1","0",19,"0",12.4,0.5,1.79,"Graduate",NA
"1","9085","1",1,133.1,"1","4","4",120,"0","0","1","0",31,"0",9.4,-0.8,-3.12,"Dropout",NA
"1","9670","1",1,133.1,"1","4","5",150,"0","0","1","0",21,"0",11.1,0.6,2.02,"Graduate",NA
"1","9147","1",1,124,"1","9","9",115.6,"0","0","1","1",20,"0",13.9,-0.3,0.79,"Graduate",NA
"1","9500","1",6,119.1,"1","4","10",119.1,"0","0","1","0",22,"0",7.6,2.6,0.32,"Graduate",NA
"1","9070","1",1,128,"1","3","3",123.5,"1","1","1","0",19,"0",9.4,-0.8,-3.12,"Dropout",NA
"1","9130","1",1,133.1,"1",NA,"1",120,"1","0","1","0",41,"0",12.7,3.7,-1.7,"Dropout",NA
"1","9500","1",19,133.1,"1",NA,NA,110,"1","0","1","0",27,"0",7.6,2.6,0.32,"Dropout",NA
"1","9500","1",1,145,"1","4","10",131.4,"0","0","0","0",19,"0",13.9,-0.3,0.79,"Dropout",NA
"1","9500","1",1,141,"24","4","3",126.8,"1","0","0","1",20,"1",9.4,-0.8,-3.12,"Graduate",NA
"1","9500","1",6,118.9,"1","5","9",118.9,"1","0","0","1",19,"0",7.6,2.6,0.32,"Graduate",NA
"2","9991","0",1,160,"1","9","9",160,"0","0","0","0",35,"0",15.5,2.8,-4.06,"Graduate",NA
"1","9773","1",1,111,"1",NA,"3",115.9,"1","0","0","0",22,"0",13.9,-0.3,0.79,"Graduate",NA
"1","9254","1",1,111,"1","5",NA,109.3,"1","0","0","1",20,"0",11.1,0.6,2.02,"Graduate",NA
"1","9670","1",1,123,"1","9","9",113.9,"1","0","0","0",18,"0",10.8,1.4,1.74,"Dropout",1
"1","9238","1",1,133,"1","9","9",121.8,"1","0","0","1",18,"0",12.4,0.5,1.79,"Graduate",NA
"1","9500","1",3,140,"1","9","5",140,"0","0","0","0",30,"0",10.8,1.4,1.74,"Graduate",NA
"1","9238","1",1,122,"1","9",NA,114.7,"0","0","0","1",18,"0",11.1,0.6,2.02,"Graduate",NA
"1","9254","1",1,128,"1",NA,NA,120,"1","0","0","1",20,"0",12.4,0.5,1.79,"Enrolled",NA
"1","9238","1",1,108,"1","9","9",107.3,"0","1","0","1",19,"0",12.4,0.5,1.79,"Enrolled",1
"1","9085","1",1,139,"1","5","3",136.2,"0","0","0","0",19,"0",7.6,2.6,0.32,"Graduate",1
"1","9556","1",1,130,"1","3",NA,119.5,"1","0","0","1",21,"0",15.5,2.8,-4.06,"Graduate",NA
"1","9853","1",1,133.1,"1",NA,NA,106,"1","0","0","0",21,"0",8.9,1.4,3.51,"Enrolled",NA
"1","9670","1",1,130,"1","9","9",124.1,"1","0","0","0",18,"0",8.9,1.4,3.51,"Enrolled",NA
"1","9147","1",1,143,"1","5",NA,133.2,"1","0","0","1",18,"0",12.7,3.7,-1.7,"Graduate",NA
"4","9085","1",1,110,"1",NA,NA,110,"0","0","0","0",35,"0",9.4,-0.8,-3.12,"Dropout",NA
"1","9500","1",1,120,"41","9","6",114.8,"1","0","0","0",21,"1",11.1,0.6,2.02,"Enrolled",NA
"1","9500","1",1,140,"1","9",NA,130,"1","0","1","1",18,"0",7.6,2.6,0.32,"Graduate",NA
"1","9070","1",1,125,"1","5","5",122.6,"1","0","1","0",22,"0",9.4,-0.8,-3.12,"Enrolled",2
"1","9500","1",1,134,"1","9","6",133.5,"1","0","1","1",20,"0",15.5,2.8,-4.06,"Graduate",NA
"2","9254","1",1,130,"1","4",NA,120,"1","0","0","0",34,"0",9.4,-0.8,-3.12,"Graduate",NA
"2","9147","1",3,120,"1","9","9",120,"0","0","0","0",33,"0",10.8,1.4,1.74,"Enrolled",1
"1","9500","1",1,142,"1","9","9",137.3,"1","0","0","1",22,"0",7.6,2.6,0.32,"Graduate",NA
"1","9254","1",1,127,"1","9","6",123.5,"1","0","0","1",20,"0",7.6,2.6,0.32,"Enrolled",NA
"2","9147","1",1,140,"1","6","10",131.8,"0","0","0","0",35,"0",10.8,1.4,1.74,"Enrolled",NA
"2","9147","1",1,140,"1","4",NA,130,"1","0","0","0",39,"0",9.4,-0.8,-3.12,"Dropout",NA
"1","9500","1",1,142,"1","9","5",128,"1","0","0","0",19,"0",11.1,0.6,2.02,"Dropout",NA
"4","9254","1",1,120,"1","9",NA,95,"0","0","0","1",36,"0",10.8,1.4,1.74,"Graduate",NA
"1","9500","1",1,124,"1","9","9",116,"1","0","0","1",21,"0",12.7,3.7,-1.7,"Graduate",NA
"1","9238","1",1,157,"1","1","5",136.7,"1","0","0","0",22,"0",9.4,-0.8,-3.12,"Enrolled",1
"2","9238","1",1,126.6,"1","9",NA,107.5,"0","0","0","1",42,"0",11.1,0.6,2.02,"Graduate",1
"1","9119","1",1,110,"1",NA,NA,108.4,"1","0","0","0",34,"0",10.8,1.4,1.74,"Dropout",1
"1","9773","1",1,144,"1","4","4",130.7,"1","0","0","0",20,"0",7.6,2.6,0.32,"Enrolled",NA
"2","8014","0",39,160,"1","9","10",155.9,"0","0","0","0",33,"0",13.9,-0.3,0.79,"Graduate",NA
"1","9254","1",1,105,"1","9","6",106.1,"1","0","0","0",20,"0",13.9,-0.3,0.79,"Graduate",1
"1","9670","1",1,130,"1",NA,"5",128.6,"1","0","0","0",19,"0",7.6,2.6,0.32,"Graduate",1
"2","9991","0",3,140,"1","9","4",140,"0","0","0","0",34,"0",16.2,0.3,-0.92,"Dropout",NA
"1","9147","1",1,138,"1","9","6",145,"1","0","0","0",18,"0",7.6,2.6,0.32,"Graduate",NA
"1","8014","0",1,120,"1","6","6",113,"0","0","0","1",24,"0",10.8,1.4,1.74,"Graduate",NA
"1","9853","1",1,135,"1","9",NA,137.1,"1","0","0","0",18,"0",7.6,2.6,0.32,"Graduate",1
"1","9670","1",1,119,"1","10","6",119.7,"1","0","0","0",20,"0",7.6,2.6,0.32,"Enrolled",NA
"1","9500","1",1,121,"1","4","3",120.5,"1","0","0","0",21,"0",10.8,1.4,1.74,"Graduate",NA
"1","9238","1",1,126,"1","9","5",125.7,"1","0","0","1",19,"0",9.4,-0.8,-3.12,"Graduate",NA
"1","9500","1",1,132,"1","5",NA,125.5,"0","0","0","1",19,"0",15.5,2.8,-4.06,"Graduate",NA
"1","9238","1",1,128,"1","5","5",124.5,"1","0","0","1",18,"0",12.4,0.5,1.79,"Graduate",NA
"4","8014","0",1,160,"1","5","5",126,"0","0","0","1",38,"0",13.9,-0.3,0.79,"Graduate",NA
"1","171","1",1,125,"1","5","4",136.2,"1","0","1","0",21,"0",8.9,1.4,3.51,"Enrolled",NA
"1","9147","1",1,127,"25","9","10",124.2,"1","0","1","0",23,"1",15.5,2.8,-4.06,"Enrolled",2
"1","9500","1",1,147,"1","4","3",138.5,"1","0","0","0",19,"0",9.4,-0.8,-3.12,"Graduate",NA
"1","9773","1",1,130,"1","5","3",122.3,"1","0","0","0",18,"0",13.9,-0.3,0.79,"Dropout",1
"1","171","1",1,134,"1","5","5",126,"1","0","0","1",18,"0",9.4,-0.8,-3.12,"Graduate",NA
"1","9003","1",1,140,"1","9","6",135.4,"1","0","0","0",24,"0",12.4,0.5,1.79,"Enrolled",NA
"1","9773","1",1,151,"2","5","9",146.5,"0","0","0","1",18,"1",12.7,3.7,-1.7,"Graduate",2
"1","9130","1",1,132,"1","4","9",121.9,"1","0","0","0",18,"0",13.9,-0.3,0.79,"Graduate",NA
"1","9991","0",40,130,"1",NA,"3",130,"0","0","0","0",26,"0",11.1,0.6,2.02,"Graduate",NA
"1","9147","1",1,126,"1","9","9",115.2,"0","0","0","0",19,"0",12.4,0.5,1.79,"Enrolled",NA
"1","9670","1",1,119,"1","9","9",115.2,"1","0","0","1",19,"0",12.7,3.7,-1.7,"Dropout",NA
"1","9254","1",1,123,"1","5","5",125.1,"0","0","0","0",19,"0",16.2,0.3,-0.92,"Enrolled",2
"1","9130","1",1,106,"1","9","9",108,"1","0","0","0",20,"0",9.4,-0.8,-3.12,"Dropout",1
"1","9254","1",1,121,"1","9","9",125.9,"1","0","0","0",22,"0",9.4,-0.8,-3.12,"Enrolled",1
"1","9500","1",1,138,"1","5","5",128,"1","0","0","0",19,"0",11.1,0.6,2.02,"Graduate",NA
"1","9500","1",1,118,"1","5","10",113.5,"1","0","0","0",20,"0",12.4,0.5,1.79,"Graduate",NA
"2","9147","1",1,120,"1","5","5",124.6,"0","0","0","0",36,"0",10.8,1.4,1.74,"Enrolled",1
"1","9853","1",19,133.1,"1","9","4",116,"1","0","0","0",29,"0",11.1,0.6,2.02,"Dropout",NA
"1","9238","1",1,141,"1","2","2",124.9,"1","0","0","0",19,"0",12.7,3.7,-1.7,"Graduate",NA
"5","9147","1",1,180,"1","4",NA,140.5,"0","0","0","0",24,"0",13.9,-0.3,0.79,"Dropout",NA
"5","9003","1",1,180,"1","4",NA,179.6,"0","0","0","0",27,"0",8.9,1.4,3.51,"Dropout",1
"1","9773","1",1,115,"1","9",NA,116.1,"1","0","0","1",18,"0",13.9,-0.3,0.79,"Graduate",NA
"1","171","1",1,142,"1","2","6",139.4,"1","0","0","1",18,"0",15.5,2.8,-4.06,"Graduate",1
"1","9556","1",1,135,"1","3",NA,129,"1","0","0","0",21,"0",12.7,3.7,-1.7,"Dropout",1
"2","9670","1",1,150,"1","9","4",135.6,"0","0","0","1",43,"0",12.4,0.5,1.79,"Graduate",1
"1","9147","1",1,153,"1","9","10",147.8,"0","0","0","1",18,"0",16.2,0.3,-0.92,"Graduate",2
"1","9085","1",1,153,"1","9","9",138,"1","0","0","1",21,"0",8.9,1.4,3.51,"Dropout",NA
"1","9147","1",3,150,"1","1",NA,150,"0","0","0","0",26,"0",9.4,-0.8,-3.12,"Dropout",2
"1","9500","1",1,144,"1","9","4",130.8,"1","0","0","1",19,"0",12.7,3.7,-1.7,"Graduate",NA
"1","9085","1",1,130,"1",NA,NA,122.6,"0","0","0","0",18,"0",7.6,2.6,0.32,"Graduate",NA
"1","9773","1",1,125,"1","2","1",119.1,"1","0","0","0",22,"0",9.4,-0.8,-3.12,"Dropout",1
"1","9500","1",19,133.1,"1","4","10",111.8,"1","0","0","0",27,"0",11.1,0.6,2.02,"Dropout",NA
"1","9147","1",1,133,"1","9","10",125,"1","0","0","0",18,"0",9.4,-0.8,-3.12,"Graduate",NA
"1","9085","1",1,140,"1",NA,"9",129.9,"0","0","0","0",19,"0",9.4,-0.8,-3.12,"Graduate",NA
"1","9500","1",1,133,"1","3","10",131.1,"1","0","0","0",18,"0",13.9,-0.3,0.79,"Graduate",1
"1","9085","1",1,154,"1","4","4",141.4,"0","0","0","1",19,"0",11.1,0.6,2.02,"Graduate",1
"1","9085","1",1,133.1,"1","9","9",120,"0","0","0","0",32,"0",11.1,0.6,2.02,"Dropout",NA
"1","9500","1",1,168,"1","9","4",133.4,"1","0","0","0",23,"0",15.5,2.8,-4.06,"Graduate",NA
"1","9500","1",1,132,"1","4","3",127.3,"1","0","0","0",20,"0",7.6,2.6,0.32,"Graduate",NA
"1","171","1",1,133.1,"1","5","5",131.8,"1","0","0","0",20,"0",8.9,1.4,3.51,"Graduate",NA
"1","9238","1",1,120,"1","4","5",114.8,"1","0","0","0",19,"0",16.2,0.3,-0.92,"Dropout",NA
"1","9500","1",1,150,"1","5","5",132.8,"1","0","0","1",18,"0",9.4,-0.8,-3.12,"Graduate",1
"1","9003","1",39,140,"1","9","4",140,"0","0","0","0",21,"0",15.5,2.8,-4.06,"Dropout",NA
"1","9500","1",1,103,"1","9","9",108.3,"0","0","0","1",20,"0",11.1,0.6,2.02,"Enrolled",1
"1","9085","1",39,150,"1","2","4",150,"1","0","0","0",22,"0",12.4,0.5,1.79,"Graduate",NA
"1","9991","0",39,160,"1","9","9",160,"0","0","0","0",26,"0",12.7,3.7,-1.7,"Graduate",NA
"1","9070","1",1,131,"1","3","3",131.7,"1","0","0","0",20,"0",12.7,3.7,-1.7,"Graduate",NA
"1","9500","1",1,114,"1","5","3",112.6,"1","0","0","0",19,"0",16.2,0.3,-0.92,"Graduate",NA
"1","9991","0",1,120,"1","9","9",111.1,"0","0","0","0",31,"0",7.6,2.6,0.32,"Graduate",NA
"1","9500","1",1,140,"1","9",NA,127.5,"1","0","0","1",20,"0",15.5,2.8,-4.06,"Graduate",NA
"1","9085","1",1,130,"1",NA,NA,120.2,"1","0","0","0",20,"0",10.8,1.4,1.74,"Graduate",1
"1","9500","1",1,121,"1","5","5",118.9,"1","0","0","0",21,"0",16.2,0.3,-0.92,"Graduate",1
"1","9500","1",1,130,"1","9",NA,119.9,"1","0","0","0",18,"0",12.4,0.5,1.79,"Graduate",NA
"1","9500","1",1,141,"1","9","4",127.3,"1","0","0","1",19,"0",7.6,2.6,0.32,"Graduate",NA
"1","9853","1",1,131,"1","3",NA,127.9,"1","0","0","1",18,"0",13.9,-0.3,0.79,"Graduate",NA
"4","9773","1",38,133.1,"1",NA,"9",133,"0","0","0","0",40,"0",16.2,0.3,-0.92,"Enrolled",2
"1","9238","1",1,117,"1","4",NA,114.6,"0","0","0","1",18,"0",13.9,-0.3,0.79,"Graduate",2
"1","9085","1",1,151,"1","2","2",144.5,"1","0","0","0",18,"0",8.9,1.4,3.51,"Graduate",NA
"1","9500","1",1,131,"1","4","3",125.4,"1","0","0","0",19,"0",15.5,2.8,-4.06,"Graduate",NA
"1","9238","1",1,145,"1","9",NA,145,"0","0","0","1",19,"0",12.4,0.5,1.79,"Graduate",1
"1","9003","1",1,135,"1","9","6",138.1,"0","0","0","0",28,"0",8.9,1.4,3.51,"Dropout",NA
"1","9070","1",1,119,"1","9",NA,124.6,"1","0","0","0",20,"0",7.6,2.6,0.32,"Graduate",1
"1","9773","1",1,122,"1","9","9",130.8,"1","0","0","0",18,"0",9.4,-0.8,-3.12,"Graduate",1
"1","9500","1",1,155,"1","4","3",140.5,"1","0","0","0",18,"0",7.6,2.6,0.32,"Graduate",1
"1","9085","1",1,123,"1","9","9",124.1,"1","0","0","1",20,"0",9.4,-0.8,-3.12,"Graduate",NA
"1","9238","1",1,130,"1","9","4",118.4,"0","0","0","0",28,"0",16.2,0.3,-0.92,"Graduate",2
"1","9853","1",1,133.1,"41",NA,NA,128.2,"0","0","0","0",23,"1",8.9,1.4,3.51,"Graduate",NA
"1","9853","1",1,114,"1","5","5",109.5,"1","0","0","0",19,"0",16.2,0.3,-0.92,"Dropout",1
"1","9238","1",1,137,"1",NA,NA,131.1,"1","0","0","1",18,"0",8.9,1.4,3.51,"Graduate",NA
"1","9773","1",1,161,"22","9","9",137.9,"0","0","0","1",20,"1",10.8,1.4,1.74,"Graduate",NA
"1","171","1",1,133.1,"1","2","4",128.2,"1","0","0","0",20,"0",11.1,0.6,2.02,"Graduate",1
"2","9991","0",1,133.1,"1","9","9",126.5,"0","0","0","0",27,"0",7.6,2.6,0.32,"Dropout",NA
"1","9853","1",1,128,"1","9","9",120,"1","0","0","0",18,"0",12.7,3.7,-1.7,"Dropout",NA
"4","9556","1",19,133.1,"1","4","6",123,"0","0","0","1",37,"0",10.8,1.4,1.74,"Graduate",NA
"4","9500","1",40,130,"1","4","6",130,"0","0","0","0",42,"0",12.4,0.5,1.79,"Dropout",NA
"1","9500","1",1,147,"1","4",NA,141.1,"1","0","0","0",20,"0",13.9,-0.3,0.79,"Dropout",NA
"2","9119","1",1,140,"1","9","9",140,"0","0","1","0",34,"0",15.5,2.8,-4.06,"Dropout",2
"1","9119","1",1,140,"1","3","2",133.6,"1","0","1","0",22,"0",10.8,1.4,1.74,"Dropout",NA
"2","9254","1",19,133.1,"1","9","5",123.5,"0","0","1","0",39,"0",12.4,0.5,1.79,"Graduate",2
"1","9500","1",1,141,"1","9","9",136.3,"1","0","1","1",18,"0",7.6,2.6,0.32,"Graduate",NA
"1","9070","1",1,128,"1","9","9",123.5,"1","0","1","1",21,"0",8.9,1.4,3.51,"Graduate",NA
"2","9085","1",1,150,"1",NA,"10",112,"0","0","1","0",34,"0",10.8,1.4,1.74,"Dropout",NA
"1","9003","1",39,160,"1","9","9",160,"0","0","1","1",22,"0",16.2,0.3,-0.92,"Graduate",2
"1","9003","1",1,133.1,"1","4",NA,110,"0","0","1","0",31,"0",16.2,0.3,-0.92,"Dropout",NA
"1","9853","1",1,128,"1","5","9",116.8,"1","0","1","0",19,"0",10.8,1.4,1.74,"Dropout",1
"1","9254","1",1,114,"1","5","9",109.5,"0","0","1","0",19,"0",10.8,1.4,1.74,"Dropout",2
"1","9556","1",19,133.1,"1","9","10",100,"0","0","1","0",31,"0",15.5,2.8,-4.06,"Dropout",NA
"1","9147","1",1,126,"1","5","6",117.3,"1","0","0","0",19,"0",13.9,-0.3,0.79,"Enrolled",NA
"2","9670","1",1,133.1,"41","9","9",130,"0","0","0","0",30,"1",9.4,-0.8,-3.12,"Dropout",NA
"1","9500","1",1,129,"1","3","3",137.8,"1","0","0","1",20,"0",11.1,0.6,2.02,"Graduate",1
"1","9500","1",1,140,"1",NA,NA,136.5,"1","0","0","1",18,"0",12.4,0.5,1.79,"Graduate",1
"4","9991","0",1,133.1,"1","5","5",138.7,"0","0","0","0",31,"0",10.8,1.4,1.74,"Dropout",NA
"1","9254","1",1,134,"1","9","4",124.9,"1","0","0","0",19,"0",7.6,2.6,0.32,"Dropout",NA
"4","8014","0",1,133.1,"1","9",NA,140,"0","0","0","1",43,"0",8.9,1.4,3.51,"Dropout",NA
"1","9254","1",1,132,"1","9",NA,122.6,"1","0","0","1",20,"0",13.9,-0.3,0.79,"Graduate",1
"1","9500","1",1,131,"1","5","9",129.5,"1","0","0","1",19,"0",9.4,-0.8,-3.12,"Graduate",NA
"1","9670","1",1,133.1,"1","1",NA,155,"0","0","0","0",22,"0",9.4,-0.8,-3.12,"Dropout",NA
"1","8014","0",1,133.1,"1","1",NA,100,"0","0","0","0",26,"0",16.2,0.3,-0.92,"Graduate",NA
"1","9147","1",1,160,"1","5",NA,137.6,"1","0","0","1",19,"0",10.8,1.4,1.74,"Graduate",1
"1","9500","1",3,120,"1","4","2",120,"1","0","0","0",29,"0",12.7,3.7,-1.7,"Dropout",1
"1","9556","1",1,114,"26",NA,NA,114,"0","0","0","0",20,"1",8.9,1.4,3.51,"Enrolled",NA
"4","9991","0",1,140,"1","9",NA,139,"0","0","0","1",38,"0",9.4,-0.8,-3.12,"Enrolled",2
"1","9003","1",1,100,"1","9","5",110,"0","0","0","0",41,"0",15.5,2.8,-4.06,"Graduate",NA
"1","9500","1",1,139,"1","4","9",128.5,"1","0","0","0",19,"0",12.7,3.7,-1.7,"Dropout",NA
"1","9070","1",1,136,"1","4","5",132.2,"0","0","0","0",19,"0",10.8,1.4,1.74,"Graduate",NA
"4","9500","1",3,130,"1","2","3",130,"0","0","0","0",43,"0",16.2,0.3,-0.92,"Dropout",2
"1","9130","1",1,145,"1","9",NA,129.3,"1","0","0","0",19,"0",10.8,1.4,1.74,"Graduate",1
"1","171","1",1,133.1,"1","9",NA,128.2,"1","0","1","1",19,"0",8.9,1.4,3.51,"Enrolled",NA
"1","9500","1",1,146,"1","3","9",130.3,"1","0","1","0",18,"0",9.4,-0.8,-3.12,"Graduate",2
"1","171","1",1,159,"1","2","2",162.5,"1","0","1","0",19,"0",16.2,0.3,-0.92,"Dropout",2
"2","8014","0",19,133.1,"1",NA,NA,130,"0","0","1","0",38,"0",9.4,-0.8,-3.12,"Dropout",2
"2","9130","1",2,110,"1","4",NA,110,"1","0","1","0",37,"0",16.2,0.3,-0.92,"Dropout",2
"1","9670","1",1,120,"1","4","10",142.3,"1","0","0","1",26,"0",10.8,1.4,1.74,"Graduate",NA
"1","9238","1",1,130,"1","9","9",122,"1","0","0","1",21,"0",12.7,3.7,-1.7,"Enrolled",NA
"1","9085","1",1,158,"1","9","9",153.6,"1","0","0","1",18,"0",8.9,1.4,3.51,"Graduate",NA
"1","9853","1",1,122,"1","2","3",112.9,"0","0","0","0",18,"0",16.2,0.3,-0.92,"Graduate",NA
"1","9085","1",1,140,"1","2","4",124.1,"0","0","0","0",18,"0",9.4,-0.8,-3.12,"Graduate",NA
"1","9238","1",1,136,"1","9","4",129.7,"0","0","0","0",19,"0",15.5,2.8,-4.06,"Graduate",NA
"1","9773","1",1,111,"1","9","9",110,"1","0","0","0",18,"0",11.1,0.6,2.02,"Graduate",1
"1","9500","1",1,145,"1","3",NA,136.3,"1","0","0","0",18,"0",12.7,3.7,-1.7,"Enrolled",1
"1","9238","1",1,133.1,"1",NA,NA,146,"0","0","0","1",19,"0",8.9,1.4,3.51,"Graduate",NA
"1","9500","1",1,140,"1",NA,NA,129.9,"0","0","0","0",19,"0",16.2,0.3,-0.92,"Dropout",2
"1","9254","1",1,140,"1","9",NA,140.9,"1","0","0","1",18,"0",12.7,3.7,-1.7,"Graduate",NA
"2","9500","1",1,156,"1","9","10",135.5,"0","0","0","0",18,"0",12.7,3.7,-1.7,"Graduate",NA
"1","9500","1",1,132,"1","9",NA,122,"1","0","0","1",20,"0",10.8,1.4,1.74,"Graduate",NA
"1","9556","1",42,140,"1","4","5",140,"0","0","0","1",22,"0",8.9,1.4,3.51,"Graduate",1
"1","9130","1",1,164,"1",NA,NA,163,"0","0","0","0",18,"0",7.6,2.6,0.32,"Dropout",NA
"1","9254","1",1,113,"1",NA,NA,107.4,"1","0","0","1",19,"0",12.4,0.5,1.79,"Graduate",1
"1","9254","1",1,122,"1","9","9",114.3,"1","0","0","1",20,"0",7.6,2.6,0.32,"Dropout",NA
"1","9070","1",1,150,"1","3","2",140.8,"0","0","0","0",19,"0",10.8,1.4,1.74,"Enrolled",NA
"1","9773","1",1,135,"1","5","5",126.3,"1","1","0","1",20,"0",8.9,1.4,3.51,"Graduate",1
"1","9085","1",1,133.1,"1","2","9",110,"0","0","0","0",28,"0",11.1,0.6,2.02,"Dropout",NA
"1","9085","1",1,122,"1",NA,NA,126.2,"0","0","0","0",19,"0",12.4,0.5,1.79,"Graduate",1
"1","9003","1",39,140,"1","5","5",140,"0","0","0","0",22,"0",15.5,2.8,-4.06,"Enrolled",NA
"1","9085","1",1,138,"1","9","1",123,"1","0","0","0",19,"0",15.5,2.8,-4.06,"Graduate",1
"1","9773","1",1,130,"1","5","5",157,"1","0","0","0",18,"0",13.9,-0.3,0.79,"Dropout",NA
"1","9130","1",1,157,"1","2","2",149.7,"1","0","0","0",18,"0",8.9,1.4,3.51,"Graduate",1
"1","9130","1",1,140,"1","2","3",140,"1","0","0","0",22,"0",12.7,3.7,-1.7,"Graduate",NA
"1","9085","1",42,170,"1","4",NA,170,"0","0","0","0",20,"0",8.9,1.4,3.51,"Graduate",NA
"1","9991","0",1,150,"1","9",NA,130.2,"0","0","0","1",24,"0",16.2,0.3,-0.92,"Graduate",2
"1","171","1",1,146,"1","9","9",135.5,"1","0","0","0",22,"0",11.1,0.6,2.02,"Enrolled",NA
"1","8014","0",1,120,"1","5","4",118.3,"0","0","0","0",20,"0",12.7,3.7,-1.7,"Enrolled",NA
"1","9556","1",1,118,"1","9","9",116.3,"1","0","0","1",20,"0",12.7,3.7,-1.7,"Graduate",NA
"2","8014","0",3,120,"1","9","9",120,"0","0","0","0",35,"0",10.8,1.4,1.74,"Dropout",NA
"1","9670","1",1,154,"1","5",NA,154.7,"0","0","0","1",18,"0",9.4,-0.8,-3.12,"Graduate",NA
"1","9238","1",1,139,"1","3","3",132.7,"1","0","0","0",19,"0",9.4,-0.8,-3.12,"Graduate",NA
"1","9500","1",1,136,"1","3","3",130.8,"0","0","0","0",18,"0",16.2,0.3,-0.92,"Graduate",2
"1","9254","1",1,130,"1","4","9",122.7,"1","0","0","0",18,"0",7.6,2.6,0.32,"Dropout",NA
"2","9238","1",19,133.1,"1","4","6",130,"0","0","0","0",31,"0",9.4,-0.8,-3.12,"Enrolled",2
"1","9238","1",1,133,"1","5",NA,123.6,"0","0","0","1",19,"0",15.5,2.8,-4.06,"Graduate",2
"1","9500","1",1,143,"1","4","9",116.5,"1","0","0","1",20,"0",15.5,2.8,-4.06,"Graduate",NA
"1","9085","1",1,117,"1","5",NA,111.1,"0","0","0","0",21,"0",15.5,2.8,-4.06,"Dropout",NA
"1","9500","1",1,145,"1","9",NA,136.3,"1","0","0","1",18,"0",12.7,3.7,-1.7,"Graduate",NA
"1","9070","1",1,134,"1","5",NA,129.8,"1","0","0","0",18,"0",9.4,-0.8,-3.12,"Dropout",NA
"2","9991","0",1,170,"1","4",NA,134.7,"0","0","0","0",33,"0",10.8,1.4,1.74,"Graduate",1
"1","9670","1",1,143,"1","9",NA,131.8,"1","0","0","1",18,"0",12.4,0.5,1.79,"Enrolled",NA
"1","171","1",1,140,"1",NA,"9",126.8,"1","0","0","1",18,"0",12.7,3.7,-1.7,"Dropout",1
"1","9085","1",1,131,"1","9","6",130.7,"0","0","0","0",21,"0",10.8,1.4,1.74,"Enrolled",1
"1","9254","1",1,115,"1","5","5",109.8,"1","0","0","0",19,"0",10.8,1.4,1.74,"Enrolled",NA
"1","9991","0",3,130,"1","2","3",133.9,"0","0","0","0",28,"0",16.2,0.3,-0.92,"Graduate",2
"2","9147","1",1,130,"1","9","9",109.9,"0","0","0","0",29,"0",12.7,3.7,-1.7,"Dropout",NA
"1","9130","1",39,160,"1","3","3",160,"1","0","0","0",36,"0",12.4,0.5,1.79,"Dropout",NA
"1","8014","0",19,133.1,"1","9",NA,106.5,"0","0","0","1",32,"0",12.7,3.7,-1.7,"Graduate",NA
"1","9500","1",1,130,"1","5",NA,120,"1","0","0","1",25,"0",9.4,-0.8,-3.12,"Enrolled",NA
"2","9991","0",1,140,"1","3","10",107.8,"0","0","0","0",33,"0",7.6,2.6,0.32,"Enrolled",1
"2","8014","0",14,133.1,"1",NA,NA,100,"0","0","0","0",34,"0",9.4,-0.8,-3.12,"Dropout",NA
"2","8014","0",1,150,"1",NA,NA,112.5,"0","0","0","0",33,"0",7.6,2.6,0.32,"Graduate",1
"1","9991","0",1,140,"1","9",NA,135.5,"0","0","0","0",29,"0",16.2,0.3,-0.92,"Dropout",NA
"1","9500","1",1,145,"1","4","10",145,"0","0","0","0",18,"0",12.4,0.5,1.79,"Dropout",1
"1","9773","1",1,126,"1",NA,NA,119,"0","0","0","1",18,"0",15.5,2.8,-4.06,"Graduate",NA
"2","9238","1",3,130,"1","4","5",130,"0","0","0","0",38,"0",16.2,0.3,-0.92,"Graduate",2
"1","9500","1",1,135,"1","9",NA,126.3,"1","0","0","1",19,"0",7.6,2.6,0.32,"Graduate",NA
"4","8014","0",19,133.1,"1","9","9",113.5,"0","0","0","1",39,"0",11.1,0.6,2.02,"Graduate",1
"1","9991","0",3,120,"1","9","9",120,"0","0","0","0",37,"0",12.7,3.7,-1.7,"Graduate",NA
"1","9556","1",1,120,"1","5","5",111.3,"1","0","0","0",32,"0",16.2,0.3,-0.92,"Dropout",NA
"1","9238","1",1,147,"1","4",NA,130.2,"0","0","0","0",18,"0",10.8,1.4,1.74,"Dropout",NA
"1","9556","1",1,149,"1","4",NA,140.2,"1","1","0","0",20,"0",12.7,3.7,-1.7,"Enrolled",NA
"1","9070","1",1,124,"1","9","9",113.9,"1","0","0","0",20,"0",7.6,2.6,0.32,"Graduate",NA
"1","9085","1",1,133.1,"1","9","9",99,"1","0","0","1",23,"0",8.9,1.4,3.51,"Graduate",NA
"1","9147","1",1,125,"1","4","9",124,"1","0","0","0",19,"0",10.8,1.4,1.74,"Enrolled",1
"1","9238","1",1,141,"1","9","10",138.9,"0","0","0","0",18,"0",13.9,-0.3,0.79,"Graduate",NA
"1","9147","1",1,131,"1","9","9",130,"1","0","1","0",19,"0",10.8,1.4,1.74,"Graduate",1
"1","9773","1",1,118,"1","5",NA,120.8,"1","0","0","0",20,"0",12.4,0.5,1.79,"Graduate",NA
"1","9500","1",1,129,"1","9",NA,127.8,"1","0","0","0",19,"0",9.4,-0.8,-3.12,"Dropout",NA
"1","9500","1",1,136,"1","4","5",126,"1","0","0","0",19,"0",10.8,1.4,1.74,"Graduate",1
"1","9238","1",1,134,"1","4","5",126,"0","0","0","0",18,"0",10.8,1.4,1.74,"Graduate",NA
"1","9500","1",1,153,"1","9","5",138.5,"1","0","0","1",20,"0",10.8,1.4,1.74,"Graduate",NA
"1","9500","1",1,119,"1","9","9",119.4,"1","0","0","0",20,"0",12.4,0.5,1.79,"Graduate",1
"4","9500","1",1,140,"1",NA,NA,101.5,"1","0","0","0",24,"0",10.8,1.4,1.74,"Graduate",1
"4","9556","1",1,133.1,"1",NA,NA,101.5,"1","0","0","0",24,"0",10.8,1.4,1.74,"Dropout",1
"1","9773","1",1,130,"1","2",NA,126.2,"1","0","0","0",20,"0",12.4,0.5,1.79,"Graduate",NA
"1","9070","1",1,128,"1","3","3",129.8,"1","0","0","0",20,"0",9.4,-0.8,-3.12,"Enrolled",NA
"1","9085","1",1,145,"1","3","9",138.4,"1","0","0","0",18,"0",8.9,1.4,3.51,"Enrolled",NA
"1","9500","1",1,146,"1","9","9",129.3,"0","0","0","0",18,"0",12.7,3.7,-1.7,"Graduate",NA
"1","9085","1",1,119,"1","4","3",113.1,"1","0","0","0",21,"0",10.8,1.4,1.74,"Graduate",1
"1","9853","1",1,160,"1","4","10",144.3,"1","0","0","0",18,"0",9.4,-0.8,-3.12,"Graduate",1
"1","9500","1",1,144,"1","5","3",141,"1","0","0","1",19,"0",12.7,3.7,-1.7,"Graduate",NA
"1","9085","1",40,130,"1","4","4",130,"1","0","0","0",22,"0",11.1,0.6,2.02,"Graduate",NA
"1","9238","1",1,122,"1",NA,NA,117.5,"1","0","0","0",19,"0",8.9,1.4,3.51,"Graduate",NA
"1","9500","1",1,153,"6","9","9",131.8,"1","0","0","0",18,"1",7.6,2.6,0.32,"Graduate",NA
"1","9085","1",1,147,"1","9","5",133.7,"1","0","0","1",19,"0",10.8,1.4,1.74,"Enrolled",NA
"1","9500","1",1,121,"1","5","5",115.4,"1","0","0","1",24,"0",12.7,3.7,-1.7,"Enrolled",NA
"1","9085","1",1,134,"1","9","5",129.1,"0","0","0","0",19,"0",7.6,2.6,0.32,"Enrolled",NA
"1","8014","0",1,133,"1","5","2",135.5,"0","0","0","0",34,"0",10.8,1.4,1.74,"Graduate",1
"1","9085","1",1,118,"1","9","9",112.4,"1","0","0","0",19,"0",15.5,2.8,-4.06,"Graduate",NA
"1","9500","1",1,137,"1",NA,"9",130.8,"1","0","0","1",18,"0",7.6,2.6,0.32,"Graduate",1
"1","9500","1",1,143,"1","9","5",131.6,"1","0","0","1",19,"0",15.5,2.8,-4.06,"Graduate",NA
"1","9500","1",1,123,"1","1","1",140.8,"0","0","0","0",25,"0",10.8,1.4,1.74,"Graduate",1
"1","9085","1",39,140,"1","2","9",140,"1","0","0","0",21,"0",12.4,0.5,1.79,"Enrolled",NA
"1","9254","1",1,118,"1",NA,NA,114.2,"0","0","0","0",18,"0",16.2,0.3,-0.92,"Enrolled",2
"1","9238","1",1,142,"1","4",NA,127.3,"0","0","0","1",18,"0",9.4,-0.8,-3.12,"Graduate",NA
"1","8014","0",1,115,"1","9",NA,115,"1","0","0","0",28,"0",9.4,-0.8,-3.12,"Graduate",NA
"5","9500","1",1,131,"1","5","5",118.8,"0","0","0","1",18,"0",12.7,3.7,-1.7,"Graduate",NA
"2","9254","1",1,130,"1","9","9",125,"0","0","0","0",41,"0",8.9,1.4,3.51,"Graduate",NA
"1","9853","1",1,133.1,"1","5",NA,111.5,"0","0","0","0",18,"0",7.6,2.6,0.32,"Dropout",1
"1","9238","1",1,134,"1",NA,NA,124.2,"0","0","0","1",21,"0",15.5,2.8,-4.06,"Graduate",NA
"4","9238","1",40,130,"1",NA,NA,130,"0","0","0","0",41,"0",11.1,0.6,2.02,"Dropout",NA
"1","9070","1",3,133.1,"1","2","2",120,"1","0","0","0",32,"0",7.6,2.6,0.32,"Dropout",NA
"1","8014","0",12,114,"1",NA,NA,110,"0","0","0","0",29,"0",7.6,2.6,0.32,"Graduate",NA
"1","9556","1",1,130,"1","9",NA,113.3,"0","0","0","0",24,"0",12.4,0.5,1.79,"Enrolled",NA
"1","9556","1",1,128,"1",NA,NA,123.5,"1","0","0","0",22,"0",12.7,3.7,-1.7,"Enrolled",NA
"1","9238","1",1,133.1,"1","1","3",101,"0","0","0","0",21,"0",15.5,2.8,-4.06,"Dropout",2
"2","9500","1",19,133.1,"1","9","10",120.9,"1","0","0","0",39,"0",11.1,0.6,2.02,"Dropout",NA
"4","9085","1",1,140,"1","9","9",154.6,"0","0","0","1",44,"0",8.9,1.4,3.51,"Enrolled",NA
"1","9147","1",1,117,"1","9","9",120.2,"1","0","0","0",20,"0",7.6,2.6,0.32,"Enrolled",NA
"1","9500","1",1,139,"1","9",NA,146.5,"0","0","0","0",21,"0",7.6,2.6,0.32,"Graduate",NA
"1","9773","1",1,159,"1",NA,"6",160.1,"1","0","0","0",18,"0",7.6,2.6,0.32,"Graduate",NA
"1","9003","1",1,140,"1","5","5",150,"0","0","0","0",34,"0",16.2,0.3,-0.92,"Graduate",NA
"1","9085","1",1,140,"1",NA,NA,135.8,"1","0","0","0",18,"0",7.6,2.6,0.32,"Graduate",1
"1","171","1",1,135,"1","9","2",143.8,"1","0","0","0",19,"0",12.7,3.7,-1.7,"Enrolled",1
"1","9853","1",1,121,"1","6",NA,116.8,"1","0","0","0",18,"0",9.4,-0.8,-3.12,"Dropout",1
"1","9085","1",1,124,"1","2","3",113.9,"1","0","0","0",19,"0",16.2,0.3,-0.92,"Graduate",NA
"1","9500","1",1,131,"1","9","9",118,"1","0","0","1",18,"0",12.7,3.7,-1.7,"Enrolled",1
"1","9130","1",1,160,"1","2","9",150.2,"1","0","0","0",19,"0",12.7,3.7,-1.7,"Dropout",1
"1","9500","1",1,120,"1","4",NA,115.1,"1","0","0","1",19,"0",12.4,0.5,1.79,"Graduate",NA
"1","9670","1",1,140,"1","5","9",131.3,"1","0","0","1",18,"0",10.8,1.4,1.74,"Graduate",NA
"1","9991","0",39,120,"1",NA,NA,120,"1","0","0","1",23,"0",9.4,-0.8,-3.12,"Graduate",NA
"1","9254","1",1,118,"22","9","9",110.3,"1","0","0","0",18,"1",11.1,0.6,2.02,"Enrolled",1
"4","9853","1",1,133.1,"100",NA,NA,100,"0","0","0","0",33,"1",7.6,2.6,0.32,"Dropout",NA
"1","9238","1",1,111,"1","9","9",110.7,"1","0","0","0",19,"0",8.9,1.4,3.51,"Graduate",NA
"1","171","1",1,140,"1",NA,NA,143.4,"1","0","0","0",21,"0",9.4,-0.8,-3.12,"Dropout",NA
"1","9500","1",1,125,"1","9","9",115.9,"0","0","0","0",18,"0",12.4,0.5,1.79,"Graduate",NA
"1","9991","0",1,133.1,"1","5","5",145,"0","0","0","1",21,"0",10.8,1.4,1.74,"Enrolled",NA
"1","9070","1",1,136,"1","4",NA,140.9,"1","0","0","0",19,"0",9.4,-0.8,-3.12,"Graduate",NA
"1","9773","1",1,115,"1",NA,"5",108.4,"1","0","0","0",20,"0",7.6,2.6,0.32,"Graduate",NA
"1","9773","1",1,116,"1",NA,"5",114.3,"1","0","0","0",20,"0",7.6,2.6,0.32,"Dropout",NA
"1","9853","1",1,110,"1",NA,NA,110,"1","0","0","0",20,"0",10.8,1.4,1.74,"Enrolled",NA
"1","9238","1",1,135,"1","4",NA,121.7,"1","0","0","1",18,"0",7.6,2.6,0.32,"Enrolled",1
"1","9147","1",1,131,"1","5","9",123.7,"1","0","0","0",18,"0",7.6,2.6,0.32,"Enrolled",1
"1","9500","1",1,124,"1",NA,NA,116.5,"1","0","0","1",20,"0",11.1,0.6,2.02,"Graduate",1
"1","9238","1",1,163,"1","5","6",155,"0","0","0","1",21,"0",9.4,-0.8,-3.12,"Graduate",NA
"1","9500","1",1,137,"1","9","5",129.3,"1","0","0","0",19,"0",12.7,3.7,-1.7,"Graduate",NA
"1","9254","1",1,128,"1",NA,"9",121.7,"1","0","0","1",18,"0",12.4,0.5,1.79,"Graduate",1
"1","9085","1",1,133.1,"1","9","9",148.2,"1","0","0","0",27,"0",12.4,0.5,1.79,"Enrolled",NA
"1","9500","1",1,133.1,"1",NA,"9",125.5,"1","0","0","1",21,"0",15.5,2.8,-4.06,"Graduate",NA
"1","9500","1",1,148,"1","4",NA,131.9,"1","0","0","1",18,"0",15.5,2.8,-4.06,"Graduate",NA
"1","9853","1",1,127,"1","5",NA,121.8,"1","0","0","0",18,"0",10.8,1.4,1.74,"Enrolled",NA
"1","9853","1",1,110,"1","9","9",107.7,"0","0","0","0",28,"0",10.8,1.4,1.74,"Dropout",1
"1","9556","1",1,133.1,"1","2","2",115.5,"0","0","0","0",36,"0",11.1,0.6,2.02,"Dropout",NA
"1","9085","1",1,145,"1","9","10",139.8,"1","0","0","0",20,"0",12.7,3.7,-1.7,"Graduate",NA
"1","9238","1",1,136,"1",NA,NA,133.2,"1","0","0","0",19,"0",7.6,2.6,0.32,"Graduate",1
"1","9991","0",1,131,"1","9","9",118.4,"1","0","0","0",20,"0",7.6,2.6,0.32,"Enrolled",NA
"1","9085","1",1,138,"1","9",NA,123.3,"1","0","0","0",19,"0",9.4,-0.8,-3.12,"Enrolled",NA
"2","8014","0",1,150,"1","3",NA,134.5,"0","0","0","0",28,"0",16.2,0.3,-0.92,"Graduate",NA
"1","9670","1",1,112,"1",NA,NA,110.6,"0","0","0","0",20,"0",7.6,2.6,0.32,"Graduate",NA
"1","9254","1",1,154,"1","1","1",154,"1","0","0","0",28,"0",9.4,-0.8,-3.12,"Graduate",NA
"1","9991","0",39,160,"1","9","9",160,"0","0","0","0",24,"0",9.4,-0.8,-3.12,"Dropout",NA
"1","9085","1",39,140,"1","3","9",140,"1","0","0","0",20,"0",13.9,-0.3,0.79,"Enrolled",1
"1","9853","1",1,150,"1","5","6",132.5,"1","0","0","0",22,"0",10.8,1.4,1.74,"Enrolled",1
"1","9254","1",1,141,"1","4","4",127.7,"0","0","0","1",18,"0",16.2,0.3,-0.92,"Graduate",NA
"1","9147","1",1,122,"1","9","9",117.5,"1","0","0","0",22,"0",12.7,3.7,-1.7,"Dropout",1
"1","9254","1",1,120,"1","9",NA,127,"1","0","0","1",18,"0",9.4,-0.8,-3.12,"Graduate",1
"1","9500","1",1,139,"1","5","5",125.5,"0","0","0","1",21,"0",12.7,3.7,-1.7,"Graduate",NA
"1","9773","1",1,138,"1","4","2",140.5,"1","0","0","0",19,"0",7.6,2.6,0.32,"Graduate",1
"1","9853","1",1,119,"1","5",NA,118.3,"1","0","0","0",22,"0",9.4,-0.8,-3.12,"Enrolled",1
"1","9500","1",1,129,"1","5","5",120.8,"1","0","0","1",20,"0",10.8,1.4,1.74,"Graduate",NA
"1","9147","1",1,133.1,"1",NA,NA,95,"0","0","0","0",20,"0",11.1,0.6,2.02,"Graduate",NA
"1","8014","0",1,125,"1","5","6",122.2,"1","0","0","0",19,"0",10.8,1.4,1.74,"Graduate",NA
"1","171","1",1,125,"1",NA,"3",143.9,"1","0","0","0",20,"0",15.5,2.8,-4.06,"Enrolled",NA
"1","9070","1",1,137,"1","9","9",127.2,"1","0","0","1",20,"0",13.9,-0.3,0.79,"Graduate",NA
"1","9238","1",1,123,"1",NA,NA,120.2,"1","0","0","0",20,"0",7.6,2.6,0.32,"Dropout",NA
"1","9500","1",1,154,"1","4","9",134.8,"1","0","0","0",19,"0",7.6,2.6,0.32,"Graduate",1
"1","9254","1",1,144,"1","9","9",142.6,"1","0","0","1",18,"0",15.5,2.8,-4.06,"Graduate",NA
"1","9500","1",1,153,"1",NA,NA,147.9,"0","0","0","1",18,"0",12.4,0.5,1.79,"Graduate",NA
"1","171","1",1,152,"1","4","9",160.4,"1","0","0","0",19,"0",7.6,2.6,0.32,"Dropout",NA
"1","9147","1",1,150,"103","9","9",134.6,"0","0","1","0",20,"1",9.4,-0.8,-3.12,"Graduate",NA
"1","9254","1",1,129,"1","3",NA,121,"0","0","0","1",22,"0",16.2,0.3,-0.92,"Graduate",NA
"1","9238","1",1,150,"1","5","4",142.7,"1","0","0","1",18,"0",9.4,-0.8,-3.12,"Graduate",NA
"1","9773","1",1,125,"1","4",NA,115.6,"1","0","0","0",19,"0",12.4,0.5,1.79,"Graduate",1
"1","9238","1",1,133.1,"1","9","9",130,"0","0","0","1",20,"0",10.8,1.4,1.74,"Graduate",NA
"1","9500","1",1,140,"1","5","6",124.3,"1","0","0","1",19,"0",13.9,-0.3,0.79,"Graduate",NA
"1","171","1",1,140,"1","5","6",137.9,"1","0","0","0",18,"0",8.9,1.4,3.51,"Dropout",NA
"1","9773","1",1,133.1,"1","3","3",100,"1","0","0","0",20,"0",12.4,0.5,1.79,"Dropout",1
"1","9773","1",1,132,"1","9","3",128.2,"1","0","0","1",19,"0",9.4,-0.8,-3.12,"Graduate",1
"1","9773","1",1,135,"1","5",NA,135,"0","0","0","0",18,"0",12.4,0.5,1.79,"Enrolled",1
"1","9238","1",1,135,"1","9","9",121,"1","0","0","0",18,"0",10.8,1.4,1.74,"Graduate",NA
"1","9670","1",1,133.1,"1",NA,"4",147,"0","0","0","0",22,"0",9.4,-0.8,-3.12,"Dropout",NA
"1","9238","1",1,168,"1","9","9",149.5,"0","0","0","0",18,"0",12.4,0.5,1.79,"Graduate",1
"1","9238","1",1,143,"1","9","9",144.4,"1","0","0","0",20,"0",10.8,1.4,1.74,"Graduate",1
"1","9254","1",1,116,"1","5","5",116,"1","0","0","0",19,"0",8.9,1.4,3.51,"Graduate",NA
"1","9500","1",1,134,"1","5",NA,120.7,"0","0","0","1",19,"0",16.2,0.3,-0.92,"Graduate",NA
"1","9238","1",39,140,"1","5",NA,141.8,"0","0","0","0",21,"0",12.4,0.5,1.79,"Graduate",NA
"1","8014","0",1,133,"1","5","5",119.7,"1","0","0","1",19,"0",9.4,-0.8,-3.12,"Dropout",NA
"1","9238","1",1,125,"1",NA,"4",118.4,"1","0","0","1",19,"0",11.1,0.6,2.02,"Graduate",NA
"2","8014","0",1,133.1,"1","5","4",134.5,"0","0","0","0",45,"0",15.5,2.8,-4.06,"Enrolled",NA
"2","9085","1",1,133.1,"1",NA,"5",128.2,"0","0","0","1",28,"0",9.4,-0.8,-3.12,"Dropout",NA
"2","9500","1",1,137,"1","2","2",115,"0","0","0","0",28,"0",13.9,-0.3,0.79,"Graduate",NA
"1","9991","0",1,140,"1","9","5",130,"0","0","0","0",25,"0",12.7,3.7,-1.7,"Enrolled",2
"1","9670","1",1,134,"1","4","4",120.7,"0","0","0","0",19,"0",15.5,2.8,-4.06,"Dropout",2
"1","9500","1",1,139,"1","9","5",130.5,"1","0","0","0",19,"0",10.8,1.4,1.74,"Graduate",NA
"1","9147","1",1,113,"1","9","5",107.4,"1","0","1","0",20,"0",12.4,0.5,1.79,"Enrolled",NA
"1","9238","1",1,133.1,"1","9","9",100,"1","0","1","0",22,"0",8.9,1.4,3.51,"Enrolled",1
"1","9773","1",1,132,"1","9","9",125,"1","0","1","1",20,"0",12.4,0.5,1.79,"Graduate",1
"1","9500","1",1,127,"1",NA,NA,121.5,"1","0","1","0",20,"0",7.6,2.6,0.32,"Enrolled",NA
"1","9085","1",1,123,"1","4",NA,127.2,"0","0","1","0",20,"0",7.6,2.6,0.32,"Dropout",NA
"1","9085","1",40,130,"1","3","2",160,"1","0","0","0",27,"0",13.9,-0.3,0.79,"Graduate",NA
"1","9085","1",1,125,"1","9","4",120,"0","0","0","0",22,"0",11.1,0.6,2.02,"Graduate",NA
"1","9500","1",1,140,"1","9","9",141.5,"1","0","0","0",19,"0",10.8,1.4,1.74,"Dropout",1
"1","9238","1",1,111,"1","3","3",111.4,"1","0","0","0",19,"0",12.7,3.7,-1.7,"Dropout",1
"1","9070","1",1,132,"1","2","2",136.6,"1","0","0","0",18,"0",13.9,-0.3,0.79,"Enrolled",NA
"1","171","1",1,150,"1","2","5",154.6,"1","0","0","0",19,"0",8.9,1.4,3.51,"Dropout",1
"1","9853","1",1,118,"1","9","6",111.4,"1","0","0","0",20,"0",11.1,0.6,2.02,"Dropout",NA
"2","9991","0",1,150,"1","3","3",120.1,"0","0","0","0",39,"0",10.8,1.4,1.74,"Dropout",1
"2","8014","0",19,100,"1","4",NA,100,"0","0","0","0",37,"0",7.6,2.6,0.32,"Graduate",1
"2","9500","1",3,130,"1","4","6",140,"0","0","0","0",30,"0",13.9,-0.3,0.79,"Dropout",2
"2","9991","0",3,130,"1","9","9",130,"0","0","0","0",41,"0",12.7,3.7,-1.7,"Graduate",NA
"4","9500","1",19,133.1,"1","5",NA,100,"0","0","0","0",40,"0",9.4,-0.8,-3.12,"Dropout",NA
"1","9147","1",1,112,"1","4","3",106.1,"0","0","0","0",20,"0",9.4,-0.8,-3.12,"Dropout",NA
"2","9991","0",1,144,"1","9","9",151.4,"0","0","0","0",28,"0",7.6,2.6,0.32,"Graduate",1
"1","9853","1",1,120,"1","9","4",113.7,"1","0","0","0",19,"0",12.4,0.5,1.79,"Dropout",1
"1","9670","1",1,121,"1","5","9",116.5,"1","0","0","0",23,"0",7.6,2.6,0.32,"Dropout",1
"1","8014","0",4,120,"1","2","2",120,"0","0","0","0",18,"0",15.5,2.8,-4.06,"Dropout",2
"1","9500","1",1,100,"1","4",NA,122,"0","0","0","0",24,"0",10.8,1.4,1.74,"Graduate",NA
"1","9670","1",1,115,"1","5","5",117.1,"0","0","0","0",21,"0",7.6,2.6,0.32,"Enrolled",1
"1","9500","1",1,123,"1",NA,NA,120.8,"1","0","0","0",19,"0",10.8,1.4,1.74,"Graduate",NA
"1","9773","1",1,134,"1","9","10",141.4,"1","0","0","0",19,"0",9.4,-0.8,-3.12,"Dropout",1
"1","9003","1",1,123,"1","9","9",110,"0","0","0","0",48,"0",11.1,0.6,2.02,"Dropout",1
"2","9991","0",2,120,"1","9","9",120,"0","0","0","0",38,"0",9.4,-0.8,-3.12,"Dropout",NA
"1","9147","1",1,131,"1","3",NA,120.2,"0","0","0","0",19,"0",12.7,3.7,-1.7,"Graduate",NA
"2","9991","0",12,133.1,"1","9","4",138.4,"0","0","1","0",30,"0",7.6,2.6,0.32,"Dropout",NA
"1","9003","1",39,150,"1","9","9",150,"0","0","1","1",24,"0",13.9,-0.3,0.79,"Graduate",NA
"1","9773","1",1,134,"1","9","5",121.8,"1","0","1","0",19,"0",16.2,0.3,-0.92,"Graduate",NA
"1","171","1",39,140,"1","9","9",140,"0","0","1","0",21,"0",15.5,2.8,-4.06,"Enrolled",NA
"1","9254","1",1,117,"1","5","5",116.3,"1","0","1","1",21,"0",10.8,1.4,1.74,"Graduate",1
"1","9991","0",1,143,"1","4","4",131.5,"0","0","1","0",19,"0",15.5,2.8,-4.06,"Dropout",NA
"1","9070","1",1,142,"1","2","4",141,"1","0","1","0",18,"0",10.8,1.4,1.74,"Enrolled",NA
"1","9070","1",1,132,"1","9",NA,138,"0","0","1","1",18,"0",12.4,0.5,1.79,"Graduate",NA
"1","9119","1",1,138,"1","1","4",127.5,"1","0","1","0",19,"0",8.9,1.4,3.51,"Dropout",NA
"1","9500","1",1,131,"1","9","9",127,"0","0","1","1",19,"0",12.7,3.7,-1.7,"Graduate",NA
"1","9085","1",1,123,"1","2","9",118.9,"0","0","1","0",18,"0",7.6,2.6,0.32,"Enrolled",NA
"1","9254","1",1,131,"1","9","9",134.5,"1","0","1","0",25,"0",7.6,2.6,0.32,"Enrolled",NA
"1","9119","1",1,141,"1","9","2",133,"1","0","1","0",18,"0",7.6,2.6,0.32,"Enrolled",NA
"5","9147","1",1,133.1,"1","4",NA,114,"0","0","1","0",29,"0",8.9,1.4,3.51,"Dropout",NA
"1","9119","1",1,116,"1",NA,"5",116.7,"1","0","1","0",21,"0",7.6,2.6,0.32,"Dropout",NA
"1","9773","1",1,123,"1","4",NA,125.1,"1","0","1","1",18,"0",11.1,0.6,2.02,"Graduate",1
"1","9254","1",1,133,"1","9","9",137.2,"0","0","1","1",20,"0",10.8,1.4,1.74,"Dropout",NA
"1","9991","0",1,133.1,"1","9",NA,111.4,"0","0","1","0",27,"0",13.9,-0.3,0.79,"Dropout",NA
"1","9085","1",1,133.1,"1","4","9",105,"1","0","1","0",21,"0",12.4,0.5,1.79,"Enrolled",1
"1","9147","1",1,140,"1","5","9",124.3,"1","0","1","0",20,"0",10.8,1.4,1.74,"Dropout",NA
"1","9147","1",19,100,"1",NA,"9",132,"0","0","1","0",28,"0",10.8,1.4,1.74,"Dropout",NA
"1","9556","1",1,130,"1","9",NA,110,"0","0","1","1",24,"0",12.7,3.7,-1.7,"Enrolled",NA
"1","9147","1",1,134,"1","2","2",134.7,"0","0","1","0",22,"0",7.6,2.6,0.32,"Enrolled",NA
"1","9085","1",1,134,"1","9","9",136.8,"1","0","1","0",20,"0",10.8,1.4,1.74,"Graduate",NA
"1","9085","1",39,160,"1","4","4",160,"0","0","1","0",21,"0",9.4,-0.8,-3.12,"Graduate",NA
"1","9003","1",39,130,"1","9","2",130,"1","0","1","0",23,"0",13.9,-0.3,0.79,"Dropout",2
"1","9238","1",1,141,"1",NA,"3",128.8,"1","0","1","0",18,"0",10.8,1.4,1.74,"Graduate",NA
"1","171","1",1,147,"1","4","4",148.4,"1","0","1","1",20,"0",11.1,0.6,2.02,"Graduate",1
"1","171","1",1,137,"1","4","5",130.4,"1","0","1","0",19,"0",15.5,2.8,-4.06,"Graduate",NA
"2","9500","1",3,130,"1","4","6",126,"0","0","1","0",32,"0",13.9,-0.3,0.79,"Graduate",NA
"1","9254","1",1,119,"1","9","9",118.7,"1","0","1","0",20,"0",10.8,1.4,1.74,"Dropout",1
"1","9003","1",1,130,"1",NA,NA,120,"0","0","1","0",32,"0",15.5,2.8,-4.06,"Graduate",NA
"1","9003","1",1,130,"1","9","6",120,"1","0","1","0",28,"0",15.5,2.8,-4.06,"Enrolled",NA
"1","9070","1",39,120,"1","5","5",116.3,"1","1","1","1",21,"0",12.4,0.5,1.79,"Graduate",NA
"1","9773","1",1,130,"1","9","6",133.9,"0","0","1","1",19,"0",10.8,1.4,1.74,"Graduate",NA
"1","9991","0",39,150,"1","9","9",150.3,"0","0","1","0",24,"0",10.8,1.4,1.74,"Dropout",NA
"1","9147","1",1,120,"1","9",NA,118.3,"0","0","1","0",18,"0",12.7,3.7,-1.7,"Dropout",NA
"1","9003","1",39,130,"1","6","6",130,"1","0","1","0",20,"0",16.2,0.3,-0.92,"Graduate",NA
"1","171","1",39,140,"1","9",NA,140,"0","0","1","0",25,"0",15.5,2.8,-4.06,"Dropout",NA
"1","9147","1",1,130,"1","9","9",110.4,"1","0","1","0",25,"0",7.6,2.6,0.32,"Dropout",NA
"1","9773","1",1,147,"1","4","5",139.7,"1","0","1","0",18,"0",9.4,-0.8,-3.12,"Dropout",NA
"1","9147","1",1,148,"1",NA,"5",138.3,"1","0","1","0",19,"0",12.4,0.5,1.79,"Dropout",1
"1","9147","1",1,133,"1","9","9",123.2,"1","0","1","0",18,"0",13.9,-0.3,0.79,"Dropout",NA
"1","9147","1",1,135,"1","4","4",120,"0","0","1","0",25,"0",15.5,2.8,-4.06,"Dropout",2
"1","171","1",1,116,"1",NA,NA,127,"1","0","1","0",38,"0",7.6,2.6,0.32,"Dropout",1
"1","171","1",39,110,"1","1",NA,114.2,"0","0","1","0",19,"0",12.4,0.5,1.79,"Dropout",2
"1","9773","1",1,133,"1","9","9",119.7,"1","0","1","0",19,"0",16.2,0.3,-0.92,"Graduate",2
"1","9085","1",39,150,"1","9","4",150,"1","0","1","1",22,"0",12.4,0.5,1.79,"Graduate",2
"1","9119","1",1,135,"1","3","5",123.5,"1","0","1","0",18,"0",7.6,2.6,0.32,"Enrolled",1
"1","9991","0",3,130,"1","3","9",130,"0","0","1","0",32,"0",16.2,0.3,-0.92,"Dropout",NA
"1","9853","1",1,130,"1","2","5",124.6,"0","0","1","0",37,"0",12.4,0.5,1.79,"Graduate",2
"1","9119","1",1,132,"1","9","6",119.4,"1","0","1","0",21,"0",7.6,2.6,0.32,"Dropout",1
"1","9254","1",1,125,"1","4","1",121.9,"1","0","1","0",18,"0",10.8,1.4,1.74,"Dropout",1
"1","9070","1",1,118,"1",NA,NA,110,"1","0","1","0",19,"0",8.9,1.4,3.51,"Graduate",NA
"1","9670","1",1,118,"1","4",NA,118.7,"0","0","1","1",19,"0",12.4,0.5,1.79,"Graduate",NA
"1","171","1",1,161,"41","9",NA,163.1,"1","0","0","0",19,"1",8.9,1.4,3.51,"Graduate",1
"1","9773","1",1,136,"1","9","9",121.7,"1","0","1","1",19,"0",12.7,3.7,-1.7,"Graduate",2
"1","9147","1",1,135,"26","9",NA,135,"0","0","1","0",21,"1",8.9,1.4,3.51,"Enrolled",2
"4","9991","0",1,147,"1",NA,NA,147.9,"0","0","0","0",28,"0",10.8,1.4,1.74,"Enrolled",1
"1","9773","1",1,124,"17","3","5",118.1,"1","0","0","0",19,"1",16.2,0.3,-0.92,"Dropout",1
"1","9991","0",19,133.1,"1","9","6",105.3,"0","0","0","0",28,"0",12.4,0.5,1.79,"Dropout",NA
"1","9500","1",1,141,"1",NA,"9",139.8,"0","0","0","1",19,"0",12.7,3.7,-1.7,"Graduate",2
"2","8014","0",3,130,"1","3",NA,130,"0","0","0","0",32,"0",10.8,1.4,1.74,"Graduate",NA
"1","8014","0",39,110,"1","9",NA,127.5,"0","0","0","0",26,"0",16.2,0.3,-0.92,"Dropout",2
"2","9147","1",12,133.1,"1","9","9",120,"0","0","0","0",25,"0",9.4,-0.8,-3.12,"Dropout",NA
"2","9853","1",1,130,"1","4","1",124.2,"0","0","0","0",31,"0",9.4,-0.8,-3.12,"Dropout",NA
"1","9238","1",1,120,"1","9","5",113.4,"1","0","0","1",20,"0",12.7,3.7,-1.7,"Graduate",NA
"1","9238","1",1,133.1,"1",NA,"9",118,"1","0","0","0",19,"0",12.7,3.7,-1.7,"Dropout",NA
"1","171","1",1,145,"1","5","9",130,"1","0","0","0",23,"0",11.1,0.6,2.02,"Dropout",NA
"1","9238","1",1,131,"1","9","9",135.9,"1","0","0","0",18,"0",9.4,-0.8,-3.12,"Graduate",1
"1","9238","1",1,147,"1","9",NA,135.8,"1","0","0","1",19,"0",13.9,-0.3,0.79,"Dropout",NA
"1","9254","1",1,138,"1","9","10",133.1,"0","0","0","0",18,"0",15.5,2.8,-4.06,"Graduate",2
"1","9147","1",1,123,"1","4","6",118.8,"1","0","0","0",21,"0",7.6,2.6,0.32,"Enrolled",NA
"1","9773","1",1,129,"1","9",NA,117.1,"1","0","0","0",20,"0",9.4,-0.8,-3.12,"Enrolled",1
"1","9085","1",1,125,"1","4","9",114.5,"1","0","0","0",24,"0",12.7,3.7,-1.7,"Graduate",NA
"1","9670","1",1,131,"1","9","6",127.2,"0","0","0","1",18,"0",9.4,-0.8,-3.12,"Enrolled",NA
"1","9500","1",1,100,"1","2","6",130,"1","0","0","0",25,"0",7.6,2.6,0.32,"Graduate",NA
"1","9085","1",1,120,"1","2","2",116.1,"0","0","0","0",20,"0",9.4,-0.8,-3.12,"Graduate",NA
"1","9500","1",1,145,"1","5","9",130.5,"1","0","0","0",18,"0",10.8,1.4,1.74,"Graduate",NA
"1","9670","1",1,120,"1",NA,NA,104,"1","0","0","0",24,"0",7.6,2.6,0.32,"Dropout",NA
"1","9500","1",1,140,"1","5","10",128.5,"1","0","0","0",18,"0",12.4,0.5,1.79,"Enrolled",NA
"1","9238","1",1,134,"1","9","9",126,"0","0","0","0",21,"0",13.9,-0.3,0.79,"Dropout",2
"1","9773","1",1,140,"1","5","10",141.1,"1","0","0","0",18,"0",9.4,-0.8,-3.12,"Graduate",1
"1","9254","1",1,107,"1","5","5",102.8,"1","0","0","0",20,"0",10.8,1.4,1.74,"Dropout",NA
"1","9147","1",1,133,"1","4","4",129.2,"1","0","0","0",19,"0",7.6,2.6,0.32,"Dropout",1
"1","9500","1",1,127,"1","2","9",119.3,"1","0","0","0",20,"0",11.1,0.6,2.02,"Graduate",NA
"1","9500","1",1,141,"1","9","6",126.3,"1","0","0","0",20,"0",12.7,3.7,-1.7,"Graduate",NA
"1","9085","1",39,140,"1","4","3",140,"1","0","0","1",20,"0",12.4,0.5,1.79,"Graduate",NA
"1","9070","1",1,150,"1","4",NA,131.5,"1","0","0","0",20,"0",7.6,2.6,0.32,"Graduate",NA
"1","9853","1",1,140,"1","9",NA,137.6,"1","0","0","0",18,"0",10.8,1.4,1.74,"Dropout",1
"1","171","1",1,141,"1","4","4",142.8,"1","0","0","0",18,"0",12.4,0.5,1.79,"Graduate",NA
"4","9991","0",1,150,"1","9","9",146.2,"0","0","0","0",30,"0",12.4,0.5,1.79,"Enrolled",NA
"1","9085","1",1,160,"1","2","5",162.1,"1","0","0","0",18,"0",9.4,-0.8,-3.12,"Graduate",1
"1","9085","1",19,133.1,"1","4",NA,140,"0","0","0","0",35,"0",11.1,0.6,2.02,"Dropout",NA
"1","8014","0",1,133.1,"1",NA,NA,120,"0","0","0","0",31,"0",11.1,0.6,2.02,"Dropout",NA
"1","9254","1",1,134,"1","9","9",133.3,"1","0","0","0",19,"0",7.6,2.6,0.32,"Dropout",1
"1","9238","1",1,130,"1","4","5",124.8,"1","0","0","0",19,"0",8.9,1.4,3.51,"Graduate",1
"1","9500","1",1,140,"1","4",NA,133.3,"1","0","0","0",19,"0",7.6,2.6,0.32,"Graduate",1
"1","9500","1",1,145,"1","2","3",141.8,"0","0","0","0",19,"0",9.4,-0.8,-3.12,"Graduate",1
"1","9085","1",1,133,"1","9",NA,128.2,"0","0","0","0",21,"0",7.6,2.6,0.32,"Graduate",NA
"1","9853","1",1,133.1,"1",NA,NA,115,"0","0","0","0",18,"0",7.6,2.6,0.32,"Dropout",1
"1","9238","1",1,132,"1","9","9",123.6,"1","0","0","0",18,"0",7.6,2.6,0.32,"Enrolled",NA
"1","171","1",1,117,"1","4","9",120.2,"1","0","1","0",19,"0",7.6,2.6,0.32,"Graduate",1
"1","9670","1",1,127,"1","3","9",127,"1","0","1","0",18,"0",12.4,0.5,1.79,"Graduate",NA
"1","9085","1",1,134,"1","1","1",120.4,"1","0","1","0",18,"0",16.2,0.3,-0.92,"Graduate",2
"1","9991","0",1,120,"1","9","9",120,"1","0","1","0",25,"0",9.4,-0.8,-3.12,"Dropout",NA
"1","9500","1",1,136,"1","3","3",120,"1","0","1","0",18,"0",7.6,2.6,0.32,"Enrolled",1
"1","171","1",1,137,"1","5","2",133.9,"1","0","1","0",19,"0",12.7,3.7,-1.7,"Graduate",NA
"1","9500","1",1,118,"1","3","3",113.5,"1","0","1","0",18,"0",12.4,0.5,1.79,"Graduate",NA
"1","9003","1",1,130,"1","9","9",126.1,"0","0","1","0",24,"0",12.4,0.5,1.79,"Dropout",NA
"1","9238","1",1,124,"1",NA,"9",121.2,"0","0","0","0",19,"0",7.6,2.6,0.32,"Enrolled",NA
"5","9500","1",40,150,"1","4","9",150,"0","0","0","0",29,"0",12.7,3.7,-1.7,"Graduate",NA
"1","9991","0",1,161,"1","9","9",100,"1","0","0","0",27,"0",7.6,2.6,0.32,"Dropout",1
"1","9500","1",1,143,"1","9","10",127.3,"1","0","0","0",18,"0",11.1,0.6,2.02,"Graduate",NA
"2","9991","0",1,130,"1","9","9",103.8,"0","0","0","0",28,"0",9.4,-0.8,-3.12,"Dropout",NA
"2","9853","1",19,133.1,"1","9","9",131,"0","0","0","1",32,"0",13.9,-0.3,0.79,"Graduate",2
"1","9991","0",1,110,"1",NA,NA,133.9,"0","0","0","0",30,"0",10.8,1.4,1.74,"Dropout",NA
"1","9500","1",2,140,"1",NA,NA,140,"0","0","0","0",29,"0",12.7,3.7,-1.7,"Dropout",2
"1","9238","1",1,145,"1","4",NA,121.4,"0","0","0","0",20,"0",9.4,-0.8,-3.12,"Enrolled",NA
"1","9500","1",1,131,"1","9","9",122,"0","0","0","0",19,"0",12.7,3.7,-1.7,"Graduate",NA
"1","8014","0",1,141,"1","9","9",150.5,"0","0","0","0",29,"0",12.4,0.5,1.79,"Graduate",NA
"2","9238","1",1,145,"1","9",NA,139.4,"0","0","0","0",27,"0",9.4,-0.8,-3.12,"Dropout",2
"1","9238","1",1,122,"1",NA,NA,112.6,"0","0","0","0",19,"0",12.4,0.5,1.79,"Dropout",NA
"1","9670","1",1,118,"1",NA,NA,115.2,"1","0","0","1",21,"0",7.6,2.6,0.32,"Dropout",NA
"2","9991","0",1,150,"1","9","9",131.8,"0","0","0","0",29,"0",10.8,1.4,1.74,"Dropout",NA
"2","9147","1",2,120,"1","9","9",122.8,"0","0","0","0",42,"0",15.5,2.8,-4.06,"Dropout",2
"1","9238","1",1,167,"1","9",NA,156.2,"0","0","0","1",18,"0",15.5,2.8,-4.06,"Graduate",NA
"1","9085","1",1,150,"1","9","9",132,"1","0","0","0",24,"0",10.8,1.4,1.74,"Graduate",1
"2","9500","1",3,130,"1","9","5",130,"0","0","0","0",32,"0",15.5,2.8,-4.06,"Enrolled",NA
"1","9147","1",1,151,"1","4","10",138.4,"0","0","0","0",18,"0",10.8,1.4,1.74,"Enrolled",NA
"1","9991","0",1,120,"1","5",NA,146.2,"0","0","0","0",27,"0",11.1,0.6,2.02,"Graduate",NA
"1","9500","1",1,168,"1","9","10",166,"1","0","0","0",18,"0",9.4,-0.8,-3.12,"Graduate",1
"1","9773","1",1,153,"1",NA,NA,133.1,"1","0","0","1",19,"0",9.4,-0.8,-3.12,"Dropout",NA
"1","9773","1",1,131,"1","9","10",121.9,"1","0","0","1",18,"0",11.1,0.6,2.02,"Graduate",NA
"1","9853","1",1,116,"1","3",NA,110.4,"1","0","0","0",21,"0",9.4,-0.8,-3.12,"Enrolled",NA
"1","9147","1",1,160,"1",NA,"9",121.4,"0","1","0","1",26,"0",16.2,0.3,-0.92,"Graduate",NA
"1","9254","1",1,152,"1","9","9",137,"1","0","0","1",22,"0",9.4,-0.8,-3.12,"Graduate",NA
"2","9991","0",1,133.1,"1","6","3",140,"0","0","1","0",37,"0",9.4,-0.8,-3.12,"Dropout",2
"1","9085","1",3,150,"1",NA,NA,140,"0","0","1","0",24,"0",7.6,2.6,0.32,"Dropout",NA
"1","9853","1",1,168,"1","3","9",126.8,"1","0","1","0",18,"0",10.8,1.4,1.74,"Enrolled",NA
"1","9500","1",1,137,"1","4","10",124.8,"1","0","1","1",19,"0",15.5,2.8,-4.06,"Graduate",NA
"2","9130","1",19,133.1,"1",NA,NA,120,"1","0","1","0",28,"0",16.2,0.3,-0.92,"Dropout",NA
"1","9500","1",1,160,"1",NA,NA,133,"1","0","1","1",18,"0",12.7,3.7,-1.7,"Graduate",NA
"1","9070","1",1,145,"1","5",NA,127.5,"1","0","1","0",20,"0",10.8,1.4,1.74,"Enrolled",NA
"1","9773","1",1,138,"1","4","4",131.7,"1","0","1","0",18,"0",15.5,2.8,-4.06,"Graduate",NA
"2","9773","1",1,100,"1","9","9",133,"0","0","1","0",47,"0",12.7,3.7,-1.7,"Dropout",NA
"2","9991","0",1,140,"1","4","1",122.7,"0","0","1","0",38,"0",13.9,-0.3,0.79,"Graduate",NA
"1","9070","1",1,124,"1","9","4",121.2,"0","0","1","1",20,"0",10.8,1.4,1.74,"Graduate",2
"1","9130","1",39,150,"1","9","3",150,"1","0","1","0",21,"0",13.9,-0.3,0.79,"Dropout",NA
"1","9070","1",1,125,"1",NA,NA,133.4,"1","0","1","1",19,"0",13.9,-0.3,0.79,"Enrolled",2
"1","33","1",1,143,"1","9","10",121.2,"1","0","1","0",25,"0",12.4,0.5,1.79,"Enrolled",1
"1","9130","1",1,137,"1","3","5",129.3,"1","0","0","0",18,"0",9.4,-0.8,-3.12,"Graduate",1
"4","9500","1",19,133.1,"1","6","6",117.8,"0","0","0","0",46,"0",11.1,0.6,2.02,"Dropout",1
"1","9500","1",1,136,"1","9","5",131.3,"0","0","0","0",23,"0",7.6,2.6,0.32,"Graduate",NA
"1","9070","1",1,132,"1","9","9",133.8,"1","0","0","1",20,"0",16.2,0.3,-0.92,"Graduate",1
"1","9070","1",39,120,"1","3","9",120,"0","0","1","0",20,"0",16.2,0.3,-0.92,"Graduate",NA
"1","9773","1",1,125,"1","5","4",122.2,"0","0","1","0",19,"0",15.5,2.8,-4.06,"Graduate",NA
"1","9773","1",1,120,"105","9","9",119,"1","0","0","0",18,"1",11.1,0.6,2.02,"Dropout",NA
"1","9500","1",1,154,"1","9","9",149.5,"1","0","0","1",30,"0",13.9,-0.3,0.79,"Dropout",NA
"1","9147","1",1,180,"1",NA,"4",153.8,"1","0","0","1",20,"0",9.4,-0.8,-3.12,"Graduate",1
"1","9773","1",1,152,"22","5","9",152,"1","0","0","0",22,"1",12.7,3.7,-1.7,"Graduate",NA
